roi,roi_label,age_i_center,age_j_center,n_pairs_local,conditional_coupling
R_101,RH_Vis_1,8.1,8.1,3.0,0.024946840537294308
R_101,RH_Vis_1,8.1,8.3,6.0,0.09439858012953928
R_101,RH_Vis_1,8.1,8.5,6.0,0.09439858012953928
R_101,RH_Vis_1,8.1,8.7,9.0,0.13377895283972838
R_101,RH_Vis_1,8.1,8.9,9.0,0.13377895283972838
R_101,RH_Vis_1,8.1,9.1,12.0,0.16358094508581536
R_101,RH_Vis_1,8.1,9.3,11.0,0.18447555004559482
R_101,RH_Vis_1,8.1,9.5,14.0,0.20718455217627607
R_101,RH_Vis_1,8.1,9.7,12.0,0.2299569582820186
R_101,RH_Vis_1,8.1,9.9,15.0,0.24793639514167004
R_101,RH_Vis_1,8.1,10.1,12.0,0.2689579139966415
R_101,RH_Vis_1,8.1,10.3,15.0,0.286153360041521
R_101,RH_Vis_1,8.1,10.5,15.0,0.31801671456562686
R_101,RH_Vis_1,8.1,10.7,12.0,0.3342741627510144
R_101,RH_Vis_1,8.1,10.9,15.0,0.3468735328182398
R_101,RH_Vis_1,8.1,11.1,12.0,0.360979192692273
R_101,RH_Vis_1,8.1,11.3,15.0,0.3705830488119003
R_101,RH_Vis_1,8.1,11.5,12.0,0.3832652753698065
R_101,RH_Vis_1,8.1,11.7,15.0,0.39189477598893874
R_101,RH_Vis_1,8.1,11.9,12.0,0.4011346839309136
R_101,RH_Vis_1,8.1,12.1,15.0,0.40644706381039736
R_101,RH_Vis_1,8.1,12.3,12.0,0.4150947120428377
R_101,RH_Vis_1,8.1,12.5,15.0,0.4200228873221114
R_101,RH_Vis_1,8.1,12.700000000000001,12.0,0.42571085588085383
R_101,RH_Vis_1,8.1,12.9,15.0,0.4269463203017925
R_101,RH_Vis_1,8.1,13.1,15.0,0.43154454574345863
R_101,RH_Vis_1,8.1,13.3,12.0,0.43282748756295636
R_101,RH_Vis_1,8.1,13.5,15.0,0.4308391257046423
R_101,RH_Vis_1,8.1,13.700000000000001,12.0,0.4316247612987197
R_101,RH_Vis_1,8.1,13.9,15.0,0.42672224333021175
R_101,RH_Vis_1,8.1,14.1,12.0,0.4234689070529632
R_101,RH_Vis_1,8.1,14.3,15.0,0.41760049444877456
R_101,RH_Vis_1,8.1,14.5,12.0,0.41402857356458145
R_101,RH_Vis_1,8.1,14.700000000000001,15.0,0.4055559745942057
R_101,RH_Vis_1,8.1,14.9,12.0,0.3989475681180721
R_101,RH_Vis_1,8.1,15.1,15.0,0.38814914359666813
R_101,RH_Vis_1,8.1,15.3,12.0,0.37946500992798865
R_101,RH_Vis_1,8.1,15.5,15.0,0.36773395585011953
R_101,RH_Vis_1,8.1,15.700000000000001,15.0,0.34302033648460944
R_101,RH_Vis_1,8.1,15.9,12.0,0.3302437095977568
R_101,RH_Vis_1,8.1,16.1,15.0,0.3131397736275326
R_101,RH_Vis_1,8.1,16.3,12.0,0.29850832235624003
R_101,RH_Vis_1,8.1,16.5,15.0,0.27802996529936724
R_101,RH_Vis_1,8.1,16.700000000000003,12.0,0.261298595246446
R_101,RH_Vis_1,8.1,16.9,15.0,0.2422733008253898
R_101,RH_Vis_1,8.1,17.1,12.0,0.22263919114707645
R_101,RH_Vis_1,8.1,17.3,15.0,0.20122963610785236
R_101,RH_Vis_1,8.1,17.5,12.0,0.1806510264776582
R_101,RH_Vis_1,8.1,17.700000000000003,12.0,0.1806510264776582
R_101,RH_Vis_1,8.1,17.9,9.0,0.15929335872133232
R_101,RH_Vis_1,8.3,8.1,3.0,0.024946840537294308
R_101,RH_Vis_1,8.3,8.3,6.0,0.09439858012953928
R_101,RH_Vis_1,8.3,8.5,6.0,0.09439858012953928
R_101,RH_Vis_1,8.3,8.7,10.0,0.1642250455930929
R_101,RH_Vis_1,8.3,8.9,10.0,0.1642250455930929
R_101,RH_Vis_1,8.3,9.1,14.0,0.20499495906996018
R_101,RH_Vis_1,8.3,9.3,13.0,0.22586070280393855
R_101,RH_Vis_1,8.3,9.5,17.0,0.25347469999885447
R_101,RH_Vis_1,8.3,9.7,15.0,0.27786464459312565
R_101,RH_Vis_1,8.3,9.9,19.0,0.2983701377893044
R_101,RH_Vis_1,8.3,10.1,16.0,0.3235926036769645
R_101,RH_Vis_1,8.3,10.3,20.0,0.34033770868396895
R_101,RH_Vis_1,8.3,10.5,20.0,0.37213332605065663
R_101,RH_Vis_1,8.3,10.7,16.0,0.38843672187278866
R_101,RH_Vis_1,8.3,10.9,20.0,0.4014778547687582
R_101,RH_Vis_1,8.3,11.1,16.0,0.41604227074036493
R_101,RH_Vis_1,8.3,11.3,20.0,0.42555593706574085
R_101,RH_Vis_1,8.3,11.5,16.0,0.4381284870134323
R_101,RH_Vis_1,8.3,11.7,20.0,0.4469944538607467
R_101,RH_Vis_1,8.3,11.9,16.0,0.4569135351479366
R_101,RH_Vis_1,8.3,12.1,20.0,0.4620914600657728
R_101,RH_Vis_1,8.3,12.3,16.0,0.4706286174267507
R_101,RH_Vis_1,8.3,12.5,20.0,0.4755611410213235
R_101,RH_Vis_1,8.3,12.700000000000001,16.0,0.4810408296884952
R_101,RH_Vis_1,8.3,12.9,20.0,0.48272423695042554
R_101,RH_Vis_1,8.3,13.1,20.0,0.4876428658608278
R_101,RH_Vis_1,8.3,13.3,16.0,0.4889390020135337
R_101,RH_Vis_1,8.3,13.5,20.0,0.4870786734059015
R_101,RH_Vis_1,8.3,13.700000000000001,16.0,0.4881475518230976
R_101,RH_Vis_1,8.3,13.9,20.0,0.48334781701544555
R_101,RH_Vis_1,8.3,14.1,16.0,0.4803619624194033
R_101,RH_Vis_1,8.3,14.3,20.0,0.4739735600167377
R_101,RH_Vis_1,8.3,14.5,16.0,0.4701024835213853
R_101,RH_Vis_1,8.3,14.700000000000001,20.0,0.46159321909649
R_101,RH_Vis_1,8.3,14.9,16.0,0.4549405871407986
R_101,RH_Vis_1,8.3,15.1,20.0,0.443999504218714
R_101,RH_Vis_1,8.3,15.3,16.0,0.43509004052954914
R_101,RH_Vis_1,8.3,15.5,20.0,0.4229410976999806
R_101,RH_Vis_1,8.3,15.700000000000001,20.0,0.3984522461864862
R_101,RH_Vis_1,8.3,15.9,16.0,0.385960320131589
R_101,RH_Vis_1,8.3,16.1,20.0,0.3690591691720298
R_101,RH_Vis_1,8.3,16.3,16.0,0.3544349211158101
R_101,RH_Vis_1,8.3,16.5,20.0,0.33380133627440745
R_101,RH_Vis_1,8.3,16.700000000000003,16.0,0.31719287721041545
R_101,RH_Vis_1,8.3,16.9,20.0,0.2990420143993521
R_101,RH_Vis_1,8.3,17.1,16.0,0.28021618640376356
R_101,RH_Vis_1,8.3,17.3,20.0,0.2589212256383299
R_101,RH_Vis_1,8.3,17.5,16.0,0.23822537699357096
R_101,RH_Vis_1,8.3,17.700000000000003,16.0,0.23822537699357096
R_101,RH_Vis_1,8.3,17.9,12.0,0.21714898088016366
R_101,RH_Vis_1,8.5,8.1,3.0,0.024946840537294308
R_101,RH_Vis_1,8.5,8.3,6.0,0.09439858012953928
R_101,RH_Vis_1,8.5,8.5,6.0,0.09439858012953928
R_101,RH_Vis_1,8.5,8.7,10.0,0.1642250455930929
R_101,RH_Vis_1,8.5,8.9,10.0,0.1642250455930929
R_101,RH_Vis_1,8.5,9.1,14.0,0.20499495906996018
R_101,RH_Vis_1,8.5,9.3,13.0,0.22586070280393855
R_101,RH_Vis_1,8.5,9.5,17.0,0.25347469999885447
R_101,RH_Vis_1,8.5,9.7,15.0,0.27786464459312565
R_101,RH_Vis_1,8.5,9.9,19.0,0.2983701377893044
R_101,RH_Vis_1,8.5,10.1,16.0,0.3235926036769645
R_101,RH_Vis_1,8.5,10.3,20.0,0.34033770868396895
R_101,RH_Vis_1,8.5,10.5,20.0,0.37213332605065663
R_101,RH_Vis_1,8.5,10.7,16.0,0.38843672187278866
R_101,RH_Vis_1,8.5,10.9,20.0,0.4014778547687582
R_101,RH_Vis_1,8.5,11.1,16.0,0.41604227074036493
R_101,RH_Vis_1,8.5,11.3,20.0,0.42555593706574085
R_101,RH_Vis_1,8.5,11.5,16.0,0.4381284870134323
R_101,RH_Vis_1,8.5,11.7,20.0,0.4469944538607467
R_101,RH_Vis_1,8.5,11.9,16.0,0.4569135351479366
R_101,RH_Vis_1,8.5,12.1,20.0,0.4620914600657728
R_101,RH_Vis_1,8.5,12.3,16.0,0.4706286174267507
R_101,RH_Vis_1,8.5,12.5,20.0,0.4755611410213235
R_101,RH_Vis_1,8.5,12.700000000000001,16.0,0.4810408296884952
R_101,RH_Vis_1,8.5,12.9,20.0,0.48272423695042554
R_101,RH_Vis_1,8.5,13.1,20.0,0.4876428658608278
R_101,RH_Vis_1,8.5,13.3,16.0,0.4889390020135337
R_101,RH_Vis_1,8.5,13.5,20.0,0.4870786734059015
R_101,RH_Vis_1,8.5,13.700000000000001,16.0,0.4881475518230976
R_101,RH_Vis_1,8.5,13.9,20.0,0.48334781701544555
R_101,RH_Vis_1,8.5,14.1,16.0,0.4803619624194033
R_101,RH_Vis_1,8.5,14.3,20.0,0.4739735600167377
R_101,RH_Vis_1,8.5,14.5,16.0,0.4701024835213853
R_101,RH_Vis_1,8.5,14.700000000000001,20.0,0.46159321909649
R_101,RH_Vis_1,8.5,14.9,16.0,0.4549405871407986
R_101,RH_Vis_1,8.5,15.1,20.0,0.443999504218714
R_101,RH_Vis_1,8.5,15.3,16.0,0.43509004052954914
R_101,RH_Vis_1,8.5,15.5,20.0,0.4229410976999806
R_101,RH_Vis_1,8.5,15.700000000000001,20.0,0.3984522461864862
R_101,RH_Vis_1,8.5,15.9,16.0,0.385960320131589
R_101,RH_Vis_1,8.5,16.1,20.0,0.3690591691720298
R_101,RH_Vis_1,8.5,16.3,16.0,0.3544349211158101
R_101,RH_Vis_1,8.5,16.5,20.0,0.33380133627440745
R_101,RH_Vis_1,8.5,16.700000000000003,16.0,0.31719287721041545
R_101,RH_Vis_1,8.5,16.9,20.0,0.2990420143993521
R_101,RH_Vis_1,8.5,17.1,16.0,0.28021618640376356
R_101,RH_Vis_1,8.5,17.3,20.0,0.2589212256383299
R_101,RH_Vis_1,8.5,17.5,16.0,0.23822537699357096
R_101,RH_Vis_1,8.5,17.700000000000003,16.0,0.23822537699357096
R_101,RH_Vis_1,8.5,17.9,12.0,0.21714898088016366
R_101,RH_Vis_1,8.7,8.1,3.0,0.024946840537294308
R_101,RH_Vis_1,8.7,8.3,6.0,0.09439858012953928
R_101,RH_Vis_1,8.7,8.5,6.0,0.09439858012953928
R_101,RH_Vis_1,8.7,8.7,10.0,0.1642250455930929
R_101,RH_Vis_1,8.7,8.9,10.0,0.1642250455930929
R_101,RH_Vis_1,8.7,9.1,15.0,0.22720425466838431
R_101,RH_Vis_1,8.7,9.3,14.0,0.24816596639268027
R_101,RH_Vis_1,8.7,9.5,19.0,0.28615626656620474
R_101,RH_Vis_1,8.7,9.7,17.0,0.3115216960984852
R_101,RH_Vis_1,8.7,9.9,22.0,0.33725029238599585
R_101,RH_Vis_1,8.7,10.1,19.0,0.36462923543823983
R_101,RH_Vis_1,8.7,10.3,24.0,0.3835010693310303
R_101,RH_Vis_1,8.7,10.5,25.0,0.42070307610165275
R_101,RH_Vis_1,8.7,10.7,20.0,0.4375881769223242
R_101,RH_Vis_1,8.7,10.9,25.0,0.4506345388658306
R_101,RH_Vis_1,8.7,11.1,20.0,0.46516089681927
R_101,RH_Vis_1,8.7,11.3,25.0,0.47452550694339135
R_101,RH_Vis_1,8.7,11.5,20.0,0.4869750037383563
R_101,RH_Vis_1,8.7,11.7,25.0,0.4959256060336055
R_101,RH_Vis_1,8.7,11.9,20.0,0.5061034980110983
R_101,RH_Vis_1,8.7,12.1,25.0,0.5112349516883959
R_101,RH_Vis_1,8.7,12.3,20.0,0.5195731789229807
R_101,RH_Vis_1,8.7,12.5,25.0,0.5242544709260286
R_101,RH_Vis_1,8.7,12.700000000000001,20.0,0.5296130919975716
R_101,RH_Vis_1,8.7,12.9,25.0,0.5313329257507415
R_101,RH_Vis_1,8.7,13.1,25.0,0.5361723579733702
R_101,RH_Vis_1,8.7,13.3,20.0,0.537283443663062
R_101,RH_Vis_1,8.7,13.5,25.0,0.5354644632646057
R_101,RH_Vis_1,8.7,13.700000000000001,20.0,0.5363903874813605
R_101,RH_Vis_1,8.7,13.9,25.0,0.5320875185349591
R_101,RH_Vis_1,8.7,14.1,20.0,0.5293644884341437
R_101,RH_Vis_1,8.7,14.3,25.0,0.5229632964964321
R_101,RH_Vis_1,8.7,14.5,20.0,0.5191510554296849
R_101,RH_Vis_1,8.7,14.700000000000001,25.0,0.5109762410920031
R_101,RH_Vis_1,8.7,14.9,20.0,0.5046750242267488
R_101,RH_Vis_1,8.7,15.1,25.0,0.4939081760778029
R_101,RH_Vis_1,8.7,15.3,20.0,0.48533808467955863
R_101,RH_Vis_1,8.7,15.5,25.0,0.4733736044532842
R_101,RH_Vis_1,8.7,15.700000000000001,25.0,0.4487124290911971
R_101,RH_Vis_1,8.7,15.9,20.0,0.4365509041775999
R_101,RH_Vis_1,8.7,16.1,25.0,0.4192616564974206
R_101,RH_Vis_1,8.7,16.3,20.0,0.4045078246864568
R_101,RH_Vis_1,8.7,16.5,25.0,0.38483928981225946
R_101,RH_Vis_1,8.7,16.700000000000003,20.0,0.3683389163948195
R_101,RH_Vis_1,8.7,16.9,25.0,0.35029244273992033
R_101,RH_Vis_1,8.7,17.1,20.0,0.33148663253785376
R_101,RH_Vis_1,8.7,17.3,25.0,0.31096942414800666
R_101,RH_Vis_1,8.7,17.5,20.0,0.2908192387002789
R_101,RH_Vis_1,8.7,17.700000000000003,20.0,0.2908192387002789
R_101,RH_Vis_1,8.7,17.9,15.0,0.27105742967480395
R_101,RH_Vis_1,8.9,8.1,1.0,
R_101,RH_Vis_1,8.9,8.3,3.0,0.19263816269317288
R_101,RH_Vis_1,8.9,8.5,3.0,0.19263816269317288
R_101,RH_Vis_1,8.9,8.7,6.0,0.26003072550321515
R_101,RH_Vis_1,8.9,8.9,6.0,0.26003072550321515
R_101,RH_Vis_1,8.9,9.1,10.0,0.31897553325998806
R_101,RH_Vis_1,8.9,9.3,10.0,0.31897553325998806
R_101,RH_Vis_1,8.9,9.5,14.0,0.35560839821974993
R_101,RH_Vis_1,8.9,9.7,13.0,0.37249805589849105
R_101,RH_Vis_1,8.9,9.9,17.0,0.39826662829582443
R_101,RH_Vis_1,8.9,10.1,15.0,0.42191073608970764
R_101,RH_Vis_1,8.9,10.3,19.0,0.4405301454533424
R_101,RH_Vis_1,8.9,10.5,20.0,0.4764010415181833
R_101,RH_Vis_1,8.9,10.7,16.0,0.4936531156739423
R_101,RH_Vis_1,8.9,10.9,20.0,0.5068764325793421
R_101,RH_Vis_1,8.9,11.1,16.0,0.5217979005693891
R_101,RH_Vis_1,8.9,11.3,20.0,0.5311178196988494
R_101,RH_Vis_1,8.9,11.5,16.0,0.5433936524767722
R_101,RH_Vis_1,8.9,11.7,20.0,0.5526030654514072
R_101,RH_Vis_1,8.9,11.9,16.0,0.5631655991725161
R_101,RH_Vis_1,8.9,12.1,20.0,0.5681230730752703
R_101,RH_Vis_1,8.9,12.3,16.0,0.576390220613467
R_101,RH_Vis_1,8.9,12.5,20.0,0.5809504449881351
R_101,RH_Vis_1,8.9,12.700000000000001,16.0,0.5862456311849333
R_101,RH_Vis_1,8.9,12.9,20.0,0.5879906194364052
R_101,RH_Vis_1,8.9,13.1,20.0,0.592706037674325
R_101,RH_Vis_1,8.9,13.3,16.0,0.5935223677554192
R_101,RH_Vis_1,8.9,13.5,20.0,0.5919204870929125
R_101,RH_Vis_1,8.9,13.700000000000001,16.0,0.5929123666945687
R_101,RH_Vis_1,8.9,13.9,20.0,0.5888723221560577
R_101,RH_Vis_1,8.9,14.1,16.0,0.5862925670733704
R_101,RH_Vis_1,8.9,14.3,20.0,0.5798673132014827
R_101,RH_Vis_1,8.9,14.5,16.0,0.5760914983912802
R_101,RH_Vis_1,8.9,14.700000000000001,20.0,0.5682680987946891
R_101,RH_Vis_1,8.9,14.9,16.0,0.5623414766417891
R_101,RH_Vis_1,8.9,15.1,20.0,0.5513389340419852
R_101,RH_Vis_1,8.9,15.3,16.0,0.54279542644176
R_101,RH_Vis_1,8.9,15.5,20.0,0.5309450763682
R_101,RH_Vis_1,8.9,15.700000000000001,20.0,0.5062886228241003
R_101,RH_Vis_1,8.9,15.9,16.0,0.4943192041016424
R_101,RH_Vis_1,8.9,16.1,20.0,0.4766476541500955
R_101,RH_Vis_1,8.9,16.3,16.0,0.461565942585538
R_101,RH_Vis_1,8.9,16.5,20.0,0.4426184363624569
R_101,RH_Vis_1,8.9,16.700000000000003,16.0,0.4264408545423789
R_101,RH_Vis_1,8.9,16.9,20.0,0.4081836788962751
R_101,RH_Vis_1,8.9,17.1,16.0,0.3893436796018539
R_101,RH_Vis_1,8.9,17.3,20.0,0.3692377506328583
R_101,RH_Vis_1,8.9,17.5,16.0,0.3491897192206942
R_101,RH_Vis_1,8.9,17.700000000000003,16.0,0.3491897192206942
R_101,RH_Vis_1,8.9,17.9,12.0,0.33026580751295626
R_101,RH_Vis_1,9.1,8.1,1.0,
R_101,RH_Vis_1,9.1,8.3,3.0,0.19263816269317288
R_101,RH_Vis_1,9.1,8.5,3.0,0.19263816269317288
R_101,RH_Vis_1,9.1,8.7,6.0,0.26003072550321515
R_101,RH_Vis_1,9.1,8.9,6.0,0.26003072550321515
R_101,RH_Vis_1,9.1,9.1,10.0,0.31897553325998806
R_101,RH_Vis_1,9.1,9.3,10.0,0.31897553325998806
R_101,RH_Vis_1,9.1,9.5,15.0,0.3773210043012097
R_101,RH_Vis_1,9.1,9.7,14.0,0.3945551582944307
R_101,RH_Vis_1,9.1,9.9,19.0,0.42955985834985616
R_101,RH_Vis_1,9.1,10.1,17.0,0.45410386288022736
R_101,RH_Vis_1,9.1,10.3,22.0,0.4768188032781557
R_101,RH_Vis_1,9.1,10.5,24.0,0.5167912405617754
R_101,RH_Vis_1,9.1,10.7,20.0,0.538670939695101
R_101,RH_Vis_1,9.1,10.9,25.0,0.5515409384988671
R_101,RH_Vis_1,9.1,11.1,20.0,0.5659231865276707
R_101,RH_Vis_1,9.1,11.3,25.0,0.5754413490710424
R_101,RH_Vis_1,9.1,11.5,20.0,0.587408431712541
R_101,RH_Vis_1,9.1,11.7,25.0,0.5969798973936852
R_101,RH_Vis_1,9.1,11.9,20.0,0.6077124715843285
R_101,RH_Vis_1,9.1,12.1,25.0,0.6132514548774936
R_101,RH_Vis_1,9.1,12.3,20.0,0.6218020202817192
R_101,RH_Vis_1,9.1,12.5,25.0,0.6265384295393605
R_101,RH_Vis_1,9.1,12.700000000000001,20.0,0.6324178034957176
R_101,RH_Vis_1,9.1,12.9,25.0,0.6343355965124505
R_101,RH_Vis_1,9.1,13.1,25.0,0.6393994817619919
R_101,RH_Vis_1,9.1,13.3,20.0,0.6404329121729244
R_101,RH_Vis_1,9.1,13.5,25.0,0.6383787817843839
R_101,RH_Vis_1,9.1,13.700000000000001,20.0,0.6391216302179414
R_101,RH_Vis_1,9.1,13.9,25.0,0.6350687957077017
R_101,RH_Vis_1,9.1,14.1,20.0,0.6324649779921456
R_101,RH_Vis_1,9.1,14.3,25.0,0.6258680111595384
R_101,RH_Vis_1,9.1,14.5,20.0,0.6218333218045775
R_101,RH_Vis_1,9.1,14.700000000000001,25.0,0.6141841568413866
R_101,RH_Vis_1,9.1,14.9,20.0,0.6080218396786744
R_101,RH_Vis_1,9.1,15.1,25.0,0.5975120112271904
R_101,RH_Vis_1,9.1,15.3,20.0,0.5893494489764326
R_101,RH_Vis_1,9.1,15.5,25.0,0.5769438798047686
R_101,RH_Vis_1,9.1,15.700000000000001,25.0,0.5525641325425179
R_101,RH_Vis_1,9.1,15.9,20.0,0.54083512972087
R_101,RH_Vis_1,9.1,16.1,25.0,0.5235383101302298
R_101,RH_Vis_1,9.1,16.3,20.0,0.5085260134156313
R_101,RH_Vis_1,9.1,16.5,25.0,0.4903925940778139
R_101,RH_Vis_1,9.1,16.700000000000003,20.0,0.4741225682419537
R_101,RH_Vis_1,9.1,16.9,25.0,0.4569576459475623
R_101,RH_Vis_1,9.1,17.1,20.0,0.43936665665492464
R_101,RH_Vis_1,9.1,17.3,25.0,0.4198277562915581
R_101,RH_Vis_1,9.1,17.5,20.0,0.40054501502557543
R_101,RH_Vis_1,9.1,17.700000000000003,20.0,0.40054501502557543
R_101,RH_Vis_1,9.1,17.9,15.0,0.3826096761115443
R_101,RH_Vis_1,9.3,8.1,0.0,
R_101,RH_Vis_1,9.3,8.3,1.0,
R_101,RH_Vis_1,9.3,8.5,1.0,
R_101,RH_Vis_1,9.3,8.7,3.0,0.34423216178501354
R_101,RH_Vis_1,9.3,8.9,3.0,0.34423216178501354
R_101,RH_Vis_1,9.3,9.1,6.0,0.40087430602288565
R_101,RH_Vis_1,9.3,9.3,6.0,0.40087430602288565
R_101,RH_Vis_1,9.3,9.5,10.0,0.45815366943607894
R_101,RH_Vis_1,9.3,9.7,10.0,0.45815366943607894
R_101,RH_Vis_1,9.3,9.9,14.0,0.4922806720758989
R_101,RH_Vis_1,9.3,10.1,13.0,0.5097247942552279
R_101,RH_Vis_1,9.3,10.3,17.0,0.5311095658276961
R_101,RH_Vis_1,9.3,10.5,19.0,0.5668758056232289
R_101,RH_Vis_1,9.3,10.7,16.0,0.5873806847536922
R_101,RH_Vis_1,9.3,10.9,20.0,0.6000900030013974
R_101,RH_Vis_1,9.3,11.1,16.0,0.6140943251127795
R_101,RH_Vis_1,9.3,11.3,20.0,0.623518750499788
R_101,RH_Vis_1,9.3,11.5,16.0,0.6349988934558728
R_101,RH_Vis_1,9.3,11.7,20.0,0.6448901472034299
R_101,RH_Vis_1,9.3,11.9,16.0,0.6559601656447327
R_101,RH_Vis_1,9.3,12.1,20.0,0.6617825667930097
R_101,RH_Vis_1,9.3,12.3,16.0,0.6704177654049537
R_101,RH_Vis_1,9.3,12.5,20.0,0.6752479502934321
R_101,RH_Vis_1,9.3,12.700000000000001,16.0,0.6813281188687357
R_101,RH_Vis_1,9.3,12.9,20.0,0.6835530303647692
R_101,RH_Vis_1,9.3,13.1,20.0,0.6888527065385708
R_101,RH_Vis_1,9.3,13.3,16.0,0.6899520926247988
R_101,RH_Vis_1,9.3,13.5,20.0,0.6876489313192522
R_101,RH_Vis_1,9.3,13.700000000000001,16.0,0.6882931213025358
R_101,RH_Vis_1,9.3,13.9,20.0,0.6842991222645693
R_101,RH_Vis_1,9.3,14.1,16.0,0.6817317303688754
R_101,RH_Vis_1,9.3,14.3,20.0,0.6748758889041732
R_101,RH_Vis_1,9.3,14.5,16.0,0.6704816920429906
R_101,RH_Vis_1,9.3,14.700000000000001,20.0,0.6631718988991029
R_101,RH_Vis_1,9.3,14.9,16.0,0.6570361653946715
R_101,RH_Vis_1,9.3,15.1,20.0,0.6469072819433084
R_101,RH_Vis_1,9.3,15.3,16.0,0.6390250309048692
R_101,RH_Vis_1,9.3,15.5,20.0,0.6259967681937937
R_101,RH_Vis_1,9.3,15.700000000000001,20.0,0.60210329581927
R_101,RH_Vis_1,9.3,15.9,16.0,0.5907659890127465
R_101,RH_Vis_1,9.3,16.1,20.0,0.5733956414251182
R_101,RH_Vis_1,9.3,16.3,16.0,0.5582613702005098
R_101,RH_Vis_1,9.3,16.5,20.0,0.5411318864354087
R_101,RH_Vis_1,9.3,16.700000000000003,16.0,0.5248169210097966
R_101,RH_Vis_1,9.3,16.9,20.0,0.5087935026365487
R_101,RH_Vis_1,9.3,17.1,16.0,0.49252094895831267
R_101,RH_Vis_1,9.3,17.3,20.0,0.47308954468203923
R_101,RH_Vis_1,9.3,17.5,16.0,0.45414798979252785
R_101,RH_Vis_1,9.3,17.700000000000003,16.0,0.45414798979252785
R_101,RH_Vis_1,9.3,17.9,12.0,0.4375592360318353
R_101,RH_Vis_1,9.5,8.1,0.0,
R_101,RH_Vis_1,9.5,8.3,1.0,
R_101,RH_Vis_1,9.5,8.5,1.0,
R_101,RH_Vis_1,9.5,8.7,3.0,0.34423216178501354
R_101,RH_Vis_1,9.5,8.9,3.0,0.34423216178501354
R_101,RH_Vis_1,9.5,9.1,6.0,0.40087430602288565
R_101,RH_Vis_1,9.5,9.3,6.0,0.40087430602288565
R_101,RH_Vis_1,9.5,9.5,10.0,0.45815366943607894
R_101,RH_Vis_1,9.5,9.7,10.0,0.45815366943607894
R_101,RH_Vis_1,9.5,9.9,15.0,0.509570111070633
R_101,RH_Vis_1,9.5,10.1,14.0,0.5270031844510624
R_101,RH_Vis_1,9.5,10.3,19.0,0.5568315873059723
R_101,RH_Vis_1,9.5,10.5,22.0,0.5973586794776695
R_101,RH_Vis_1,9.5,10.7,19.0,0.6194390314592872
R_101,RH_Vis_1,9.5,10.9,24.0,0.6339840918503968
R_101,RH_Vis_1,9.5,11.1,20.0,0.6519663673093026
R_101,RH_Vis_1,9.5,11.3,25.0,0.6617528454923398
R_101,RH_Vis_1,9.5,11.5,20.0,0.6740903082804894
R_101,RH_Vis_1,9.5,11.7,25.0,0.6834158742598159
R_101,RH_Vis_1,9.5,11.9,20.0,0.6941820639998397
R_101,RH_Vis_1,9.5,12.1,25.0,0.6998258789278553
R_101,RH_Vis_1,9.5,12.3,20.0,0.7083183390945353
R_101,RH_Vis_1,9.5,12.5,25.0,0.7128787959385509
R_101,RH_Vis_1,9.5,12.700000000000001,20.0,0.718784664589035
R_101,RH_Vis_1,9.5,12.9,25.0,0.720943418335875
R_101,RH_Vis_1,9.5,13.1,25.0,0.7261669808086197
R_101,RH_Vis_1,9.5,13.3,20.0,0.7275291914664944
R_101,RH_Vis_1,9.5,13.5,25.0,0.7252132402525381
R_101,RH_Vis_1,9.5,13.700000000000001,20.0,0.725916265655693
R_101,RH_Vis_1,9.5,13.9,25.0,0.7222567172464269
R_101,RH_Vis_1,9.5,14.1,20.0,0.7200407407293807
R_101,RH_Vis_1,9.5,14.3,25.0,0.7133591332954563
R_101,RH_Vis_1,9.5,14.5,20.0,0.7093043082885113
R_101,RH_Vis_1,9.5,14.700000000000001,25.0,0.7014775131369291
R_101,RH_Vis_1,9.5,14.9,20.0,0.6950927487741082
R_101,RH_Vis_1,9.5,15.1,25.0,0.6850298223183664
R_101,RH_Vis_1,9.5,15.3,20.0,0.67729991904878
R_101,RH_Vis_1,9.5,15.5,25.0,0.6647218903532184
R_101,RH_Vis_1,9.5,15.700000000000001,25.0,0.6407240907004612
R_101,RH_Vis_1,9.5,15.9,20.0,0.6292469374856369
R_101,RH_Vis_1,9.5,16.1,25.0,0.6130396973786842
R_101,RH_Vis_1,9.5,16.3,20.0,0.5987570385907055
R_101,RH_Vis_1,9.5,16.5,25.0,0.5819156459138322
R_101,RH_Vis_1,9.5,16.700000000000003,20.0,0.5662000282684405
R_101,RH_Vis_1,9.5,16.9,25.0,0.5506738272784442
R_101,RH_Vis_1,9.5,17.1,20.0,0.5347398402053123
R_101,RH_Vis_1,9.5,17.3,25.0,0.5167752931182936
R_101,RH_Vis_1,9.5,17.5,20.0,0.4990617350614729
R_101,RH_Vis_1,9.5,17.700000000000003,20.0,0.4990617350614729
R_101,RH_Vis_1,9.5,17.9,15.0,0.4826787344316726
R_101,RH_Vis_1,9.7,8.1,0.0,
R_101,RH_Vis_1,9.7,8.3,0.0,
R_101,RH_Vis_1,9.7,8.5,0.0,
R_101,RH_Vis_1,9.7,8.7,1.0,
R_101,RH_Vis_1,9.7,8.9,1.0,
R_101,RH_Vis_1,9.7,9.1,3.0,0.4816974929986601
R_101,RH_Vis_1,9.7,9.3,3.0,0.4816974929986601
R_101,RH_Vis_1,9.7,9.5,6.0,0.5362804706219452
R_101,RH_Vis_1,9.7,9.7,6.0,0.5362804706219452
R_101,RH_Vis_1,9.7,9.9,10.0,0.5843187389982021
R_101,RH_Vis_1,9.7,10.1,10.0,0.5843187389982021
R_101,RH_Vis_1,9.7,10.3,14.0,0.6130431222550337
R_101,RH_Vis_1,9.7,10.5,17.0,0.6466791628731319
R_101,RH_Vis_1,9.7,10.7,15.0,0.6657795446813757
R_101,RH_Vis_1,9.7,10.9,19.0,0.6803986018230832
R_101,RH_Vis_1,9.7,11.1,16.0,0.6971864431189305
R_101,RH_Vis_1,9.7,11.3,20.0,0.7070757700759044
R_101,RH_Vis_1,9.7,11.5,16.0,0.7197506772042336
R_101,RH_Vis_1,9.7,11.7,20.0,0.7289874274623418
R_101,RH_Vis_1,9.7,11.9,16.0,0.7400207642286493
R_101,RH_Vis_1,9.7,12.1,20.0,0.7456494191411032
R_101,RH_Vis_1,9.7,12.3,16.0,0.7539879028234948
R_101,RH_Vis_1,9.7,12.5,20.0,0.7583740597317739
R_101,RH_Vis_1,9.7,12.700000000000001,16.0,0.764162558138596
R_101,RH_Vis_1,9.7,12.9,20.0,0.7665115357213154
R_101,RH_Vis_1,9.7,13.1,20.0,0.7719563721594876
R_101,RH_Vis_1,9.7,13.3,16.0,0.7734618580756658
R_101,RH_Vis_1,9.7,13.5,20.0,0.7711218439362632
R_101,RH_Vis_1,9.7,13.700000000000001,16.0,0.7718612952225992
R_101,RH_Vis_1,9.7,13.9,20.0,0.7685531624430736
R_101,RH_Vis_1,9.7,14.1,16.0,0.7667117812126194
R_101,RH_Vis_1,9.7,14.3,20.0,0.7597944782470468
R_101,RH_Vis_1,9.7,14.5,16.0,0.7557662362957603
R_101,RH_Vis_1,9.7,14.700000000000001,20.0,0.7476904101984521
R_101,RH_Vis_1,9.7,14.9,16.0,0.7411486977243998
R_101,RH_Vis_1,9.7,15.1,20.0,0.7312044383464051
R_101,RH_Vis_1,9.7,15.3,16.0,0.7235651010883433
R_101,RH_Vis_1,9.7,15.5,20.0,0.7110569068145055
R_101,RH_Vis_1,9.7,15.700000000000001,20.0,0.686843644410893
R_101,RH_Vis_1,9.7,15.9,16.0,0.6755232389174268
R_101,RH_Vis_1,9.7,16.1,20.0,0.659901454212055
R_101,RH_Vis_1,9.7,16.3,16.0,0.646030041312764
R_101,RH_Vis_1,9.7,16.5,20.0,0.6291616154824909
R_101,RH_Vis_1,9.7,16.700000000000003,16.0,0.613595169144507
R_101,RH_Vis_1,9.7,16.9,20.0,0.5987227378055423
R_101,RH_Vis_1,9.7,17.1,16.0,0.5831473898271394
R_101,RH_Vis_1,9.7,17.3,20.0,0.5662160695515362
R_101,RH_Vis_1,9.7,17.5,16.0,0.5492065071126934
R_101,RH_Vis_1,9.7,17.700000000000003,16.0,0.5492065071126934
R_101,RH_Vis_1,9.7,17.9,12.0,0.5331372376867353
R_101,RH_Vis_1,9.9,8.1,0.0,
R_101,RH_Vis_1,9.9,8.3,0.0,
R_101,RH_Vis_1,9.9,8.5,0.0,
R_101,RH_Vis_1,9.9,8.7,1.0,
R_101,RH_Vis_1,9.9,8.9,1.0,
R_101,RH_Vis_1,9.9,9.1,3.0,0.4816974929986601
R_101,RH_Vis_1,9.9,9.3,3.0,0.4816974929986601
R_101,RH_Vis_1,9.9,9.5,6.0,0.5362804706219452
R_101,RH_Vis_1,9.9,9.7,6.0,0.5362804706219452
R_101,RH_Vis_1,9.9,9.9,10.0,0.5843187389982021
R_101,RH_Vis_1,9.9,10.1,10.0,0.5843187389982021
R_101,RH_Vis_1,9.9,10.3,15.0,0.6298546228191433
R_101,RH_Vis_1,9.9,10.5,19.0,0.6704582102600445
R_101,RH_Vis_1,9.9,10.7,17.0,0.6901090233128375
R_101,RH_Vis_1,9.9,10.9,22.0,0.7077153964709191
R_101,RH_Vis_1,9.9,11.1,19.0,0.7261657040855015
R_101,RH_Vis_1,9.9,11.3,24.0,0.7378685898106084
R_101,RH_Vis_1,9.9,11.5,20.0,0.7541670794602126
R_101,RH_Vis_1,9.9,11.7,25.0,0.7630209815976801
R_101,RH_Vis_1,9.9,11.9,20.0,0.7735446293818438
R_101,RH_Vis_1,9.9,12.1,25.0,0.7796766709605869
R_101,RH_Vis_1,9.9,12.3,20.0,0.7881395120493802
R_101,RH_Vis_1,9.9,12.5,25.0,0.7928680351555133
R_101,RH_Vis_1,9.9,12.700000000000001,20.0,0.7991907776422925
R_101,RH_Vis_1,9.9,12.9,25.0,0.8012648908639137
R_101,RH_Vis_1,9.9,13.1,25.0,0.806598415155506
R_101,RH_Vis_1,9.9,13.3,20.0,0.8086388714074948
R_101,RH_Vis_1,9.9,13.5,25.0,0.8061271445475481
R_101,RH_Vis_1,9.9,13.700000000000001,20.0,0.8066077213655453
R_101,RH_Vis_1,9.9,13.9,25.0,0.8034738229071915
R_101,RH_Vis_1,9.9,14.1,20.0,0.8013967467389781
R_101,RH_Vis_1,9.9,14.3,25.0,0.7949721584959633
R_101,RH_Vis_1,9.9,14.5,20.0,0.7913248621823549
R_101,RH_Vis_1,9.9,14.700000000000001,25.0,0.7833149926439849
R_101,RH_Vis_1,9.9,14.9,20.0,0.7768919465489873
R_101,RH_Vis_1,9.9,15.1,25.0,0.7671057266545713
R_101,RH_Vis_1,9.9,15.3,20.0,0.7598620990412738
R_101,RH_Vis_1,9.9,15.5,25.0,0.7479454387006406
R_101,RH_Vis_1,9.9,15.700000000000001,25.0,0.7240285684208423
R_101,RH_Vis_1,9.9,15.9,20.0,0.7127172591450767
R_101,RH_Vis_1,9.9,16.1,25.0,0.6978285807625375
R_101,RH_Vis_1,9.9,16.3,20.0,0.6844668473305454
R_101,RH_Vis_1,9.9,16.5,25.0,0.6687686521944731
R_101,RH_Vis_1,9.9,16.700000000000003,20.0,0.6539706034738643
R_101,RH_Vis_1,9.9,16.9,25.0,0.6394262028323283
R_101,RH_Vis_1,9.9,17.1,20.0,0.6242130542058834
R_101,RH_Vis_1,9.9,17.3,25.0,0.6085870155569153
R_101,RH_Vis_1,9.9,17.5,20.0,0.5928953000274477
R_101,RH_Vis_1,9.9,17.700000000000003,20.0,0.5928953000274477
R_101,RH_Vis_1,9.9,17.9,15.0,0.5777691109591369
R_101,RH_Vis_1,10.1,8.1,0.0,
R_101,RH_Vis_1,10.1,8.3,0.0,
R_101,RH_Vis_1,10.1,8.5,0.0,
R_101,RH_Vis_1,10.1,8.7,0.0,
R_101,RH_Vis_1,10.1,8.9,0.0,
R_101,RH_Vis_1,10.1,9.1,1.0,
R_101,RH_Vis_1,10.1,9.3,1.0,
R_101,RH_Vis_1,10.1,9.5,3.0,0.6030655514063366
R_101,RH_Vis_1,10.1,9.7,3.0,0.6030655514063366
R_101,RH_Vis_1,10.1,9.9,6.0,0.6488667831850479
R_101,RH_Vis_1,10.1,10.1,6.0,0.6488667831850479
R_101,RH_Vis_1,10.1,10.3,10.0,0.6933365569230584
R_101,RH_Vis_1,10.1,10.5,14.0,0.719020728029437
R_101,RH_Vis_1,10.1,10.7,13.0,0.7329350614896764
R_101,RH_Vis_1,10.1,10.9,17.0,0.7496049776034502
R_101,RH_Vis_1,10.1,11.1,15.0,0.7648148238723977
R_101,RH_Vis_1,10.1,11.3,19.0,0.7766564813851731
R_101,RH_Vis_1,10.1,11.5,16.0,0.7920293188391881
R_101,RH_Vis_1,10.1,11.7,20.0,0.8007028551280575
R_101,RH_Vis_1,10.1,11.9,16.0,0.8108682645275532
R_101,RH_Vis_1,10.1,12.1,20.0,0.817339676492759
R_101,RH_Vis_1,10.1,12.3,16.0,0.8258668066671027
R_101,RH_Vis_1,10.1,12.5,20.0,0.8305410684146516
R_101,RH_Vis_1,10.1,12.700000000000001,16.0,0.8372307842750109
R_101,RH_Vis_1,10.1,12.9,20.0,0.8390666168558107
R_101,RH_Vis_1,10.1,13.1,20.0,0.8442635623911485
R_101,RH_Vis_1,10.1,13.3,16.0,0.846480202918052
R_101,RH_Vis_1,10.1,13.5,20.0,0.8437096015570151
R_101,RH_Vis_1,10.1,13.700000000000001,16.0,0.8438306708578738
R_101,RH_Vis_1,10.1,13.9,20.0,0.8410361441162028
R_101,RH_Vis_1,10.1,14.1,16.0,0.8389856512940416
R_101,RH_Vis_1,10.1,14.3,20.0,0.8329420089397974
R_101,RH_Vis_1,10.1,14.5,16.0,0.8295750243799943
R_101,RH_Vis_1,10.1,14.700000000000001,20.0,0.8217175026541454
R_101,RH_Vis_1,10.1,14.9,16.0,0.8153850221339896
R_101,RH_Vis_1,10.1,15.1,20.0,0.8059945117970013
R_101,RH_Vis_1,10.1,15.3,16.0,0.7993363407180345
R_101,RH_Vis_1,10.1,15.5,20.0,0.7877911675634099
R_101,RH_Vis_1,10.1,15.700000000000001,20.0,0.7638487167030239
R_101,RH_Vis_1,10.1,15.9,16.0,0.7526190359980744
R_101,RH_Vis_1,10.1,16.1,20.0,0.7380813870017914
R_101,RH_Vis_1,10.1,16.3,16.0,0.7250298798145518
R_101,RH_Vis_1,10.1,16.5,20.0,0.7106819529432092
R_101,RH_Vis_1,10.1,16.700000000000003,16.0,0.6962443235667496
R_101,RH_Vis_1,10.1,16.9,20.0,0.6819457147601007
R_101,RH_Vis_1,10.1,17.1,16.0,0.6670295247138981
R_101,RH_Vis_1,10.1,17.3,20.0,0.6527347708887034
R_101,RH_Vis_1,10.1,17.5,16.0,0.6383820178989823
R_101,RH_Vis_1,10.1,17.700000000000003,16.0,0.6383820178989823
R_101,RH_Vis_1,10.1,17.9,12.0,0.6245324268597567
R_101,RH_Vis_1,10.3,8.1,0.0,
R_101,RH_Vis_1,10.3,8.3,0.0,
R_101,RH_Vis_1,10.3,8.5,0.0,
R_101,RH_Vis_1,10.3,8.7,0.0,
R_101,RH_Vis_1,10.3,8.9,0.0,
R_101,RH_Vis_1,10.3,9.1,1.0,
R_101,RH_Vis_1,10.3,9.3,1.0,
R_101,RH_Vis_1,10.3,9.5,3.0,0.6030655514063366
R_101,RH_Vis_1,10.3,9.7,3.0,0.6030655514063366
R_101,RH_Vis_1,10.3,9.9,6.0,0.6488667831850479
R_101,RH_Vis_1,10.3,10.1,6.0,0.6488667831850479
R_101,RH_Vis_1,10.3,10.3,10.0,0.6933365569230584
R_101,RH_Vis_1,10.3,10.5,15.0,0.7314840609068611
R_101,RH_Vis_1,10.3,10.7,14.0,0.745294751468328
R_101,RH_Vis_1,10.3,10.9,19.0,0.7677457710548943
R_101,RH_Vis_1,10.3,11.1,17.0,0.7833004346394294
R_101,RH_Vis_1,10.3,11.3,22.0,0.798148651430802
R_101,RH_Vis_1,10.3,11.5,19.0,0.8144876992940194
R_101,RH_Vis_1,10.3,11.7,24.0,0.8241792803779564
R_101,RH_Vis_1,10.3,11.9,20.0,0.8370068929475328
R_101,RH_Vis_1,10.3,12.1,25.0,0.8438206712001127
R_101,RH_Vis_1,10.3,12.3,20.0,0.8528310717815242
R_101,RH_Vis_1,10.3,12.5,25.0,0.8576877432027007
R_101,RH_Vis_1,10.3,12.700000000000001,20.0,0.864457522529056
R_101,RH_Vis_1,10.3,12.9,25.0,0.8660655524899452
R_101,RH_Vis_1,10.3,13.1,25.0,0.8713225142719012
R_101,RH_Vis_1,10.3,13.3,20.0,0.8739013207156473
R_101,RH_Vis_1,10.3,13.5,25.0,0.8711974474270194
R_101,RH_Vis_1,10.3,13.700000000000001,20.0,0.8712278632311664
R_101,RH_Vis_1,10.3,13.9,25.0,0.8679163344708835
R_101,RH_Vis_1,10.3,14.1,20.0,0.8656168108667526
R_101,RH_Vis_1,10.3,14.3,25.0,0.8596391251347658
R_101,RH_Vis_1,10.3,14.5,20.0,0.8564244883350819
R_101,RH_Vis_1,10.3,14.700000000000001,25.0,0.8483354220973339
R_101,RH_Vis_1,10.3,14.9,20.0,0.8416899282638554
R_101,RH_Vis_1,10.3,15.1,25.0,0.8325081035078064
R_101,RH_Vis_1,10.3,15.3,20.0,0.8255396408166309
R_101,RH_Vis_1,10.3,15.5,25.0,0.8144742315398712
R_101,RH_Vis_1,10.3,15.700000000000001,25.0,0.7920417672030219
R_101,RH_Vis_1,10.3,15.9,20.0,0.7811201134520727
R_101,RH_Vis_1,10.3,16.1,25.0,0.7681639159171334
R_101,RH_Vis_1,10.3,16.3,20.0,0.7562101056098312
R_101,RH_Vis_1,10.3,16.5,25.0,0.7427005909689864
R_101,RH_Vis_1,10.3,16.700000000000003,20.0,0.7294305375903308
R_101,RH_Vis_1,10.3,16.9,25.0,0.7164174890505332
R_101,RH_Vis_1,10.3,17.1,20.0,0.7029687127049586
R_101,RH_Vis_1,10.3,17.3,25.0,0.6897188775357713
R_101,RH_Vis_1,10.3,17.5,20.0,0.6765216224833379
R_101,RH_Vis_1,10.3,17.700000000000003,20.0,0.6765216224833379
R_101,RH_Vis_1,10.3,17.9,15.0,0.6632491213853252
R_101,RH_Vis_1,10.5,8.1,0.0,
R_101,RH_Vis_1,10.5,8.3,0.0,
R_101,RH_Vis_1,10.5,8.5,0.0,
R_101,RH_Vis_1,10.5,8.7,0.0,
R_101,RH_Vis_1,10.5,8.9,0.0,
R_101,RH_Vis_1,10.5,9.1,0.0,
R_101,RH_Vis_1,10.5,9.3,0.0,
R_101,RH_Vis_1,10.5,9.5,1.0,
R_101,RH_Vis_1,10.5,9.7,1.0,
R_101,RH_Vis_1,10.5,9.9,3.0,0.7142422948717209
R_101,RH_Vis_1,10.5,10.1,3.0,0.7142422948717209
R_101,RH_Vis_1,10.5,10.3,6.0,0.7560156798275396
R_101,RH_Vis_1,10.5,10.5,10.0,0.7897350532074728
R_101,RH_Vis_1,10.5,10.7,10.0,0.7897350532074728
R_101,RH_Vis_1,10.5,10.9,15.0,0.8227238426931245
R_101,RH_Vis_1,10.5,11.1,14.0,0.83282572506823
R_101,RH_Vis_1,10.5,11.3,19.0,0.8528388288413873
R_101,RH_Vis_1,10.5,11.5,17.0,0.867206373694873
R_101,RH_Vis_1,10.5,11.7,22.0,0.8783987450005756
R_101,RH_Vis_1,10.5,11.9,19.0,0.8911265892453992
R_101,RH_Vis_1,10.5,12.1,24.0,0.898986234410116
R_101,RH_Vis_1,10.5,12.3,20.0,0.9107206586366647
R_101,RH_Vis_1,10.5,12.5,25.0,0.9154403419836084
R_101,RH_Vis_1,10.5,12.700000000000001,20.0,0.9221250720634036
R_101,RH_Vis_1,10.5,12.9,25.0,0.9238275937654673
R_101,RH_Vis_1,10.5,13.1,25.0,0.9293017510704957
R_101,RH_Vis_1,10.5,13.3,20.0,0.9325139869781287
R_101,RH_Vis_1,10.5,13.5,25.0,0.9302176423452759
R_101,RH_Vis_1,10.5,13.700000000000001,20.0,0.9305588314225848
R_101,RH_Vis_1,10.5,13.9,25.0,0.927203986861572
R_101,RH_Vis_1,10.5,14.1,20.0,0.9254252147341191
R_101,RH_Vis_1,10.5,14.3,25.0,0.9197242348123641
R_101,RH_Vis_1,10.5,14.5,20.0,0.9169958733720243
R_101,RH_Vis_1,10.5,14.700000000000001,25.0,0.9088024799433799
R_101,RH_Vis_1,10.5,14.9,20.0,0.9019415234463823
R_101,RH_Vis_1,10.5,15.1,25.0,0.8930560908665497
R_101,RH_Vis_1,10.5,15.3,20.0,0.8860620476297211
R_101,RH_Vis_1,10.5,15.5,25.0,0.8760911156180536
R_101,RH_Vis_1,10.5,15.700000000000001,25.0,0.8555507631913213
R_101,RH_Vis_1,10.5,15.9,20.0,0.8452083752078157
R_101,RH_Vis_1,10.5,16.1,25.0,0.8348110054413986
R_101,RH_Vis_1,10.5,16.3,20.0,0.8245065302445479
R_101,RH_Vis_1,10.5,16.5,25.0,0.8124712572186135
R_101,RH_Vis_1,10.5,16.700000000000003,20.0,0.8012104813864622
R_101,RH_Vis_1,10.5,16.9,25.0,0.7898557044457328
R_101,RH_Vis_1,10.5,17.1,20.0,0.77826778366432
R_101,RH_Vis_1,10.5,17.3,25.0,0.767240151113898
R_101,RH_Vis_1,10.5,17.5,20.0,0.756279477271408
R_101,RH_Vis_1,10.5,17.700000000000003,20.0,0.756279477271408
R_101,RH_Vis_1,10.5,17.9,15.0,0.7439654609033004
R_101,RH_Vis_1,10.7,8.1,0.0,
R_101,RH_Vis_1,10.7,8.3,0.0,
R_101,RH_Vis_1,10.7,8.5,0.0,
R_101,RH_Vis_1,10.7,8.7,0.0,
R_101,RH_Vis_1,10.7,8.9,0.0,
R_101,RH_Vis_1,10.7,9.1,0.0,
R_101,RH_Vis_1,10.7,9.3,0.0,
R_101,RH_Vis_1,10.7,9.5,0.0,
R_101,RH_Vis_1,10.7,9.7,0.0,
R_101,RH_Vis_1,10.7,9.9,1.0,
R_101,RH_Vis_1,10.7,10.1,1.0,
R_101,RH_Vis_1,10.7,10.3,3.0,0.8053843901531058
R_101,RH_Vis_1,10.7,10.5,6.0,0.8370635981592972
R_101,RH_Vis_1,10.7,10.7,6.0,0.8370635981592972
R_101,RH_Vis_1,10.7,10.9,10.0,0.8689862829512031
R_101,RH_Vis_1,10.7,11.1,10.0,0.8689862829512031
R_101,RH_Vis_1,10.7,11.3,14.0,0.8885900296562348
R_101,RH_Vis_1,10.7,11.5,13.0,0.8991260121684905
R_101,RH_Vis_1,10.7,11.7,17.0,0.9089609567175694
R_101,RH_Vis_1,10.7,11.9,15.0,0.9191870233824181
R_101,RH_Vis_1,10.7,12.1,19.0,0.9266760376532025
R_101,RH_Vis_1,10.7,12.3,16.0,0.9375385185571492
R_101,RH_Vis_1,10.7,12.5,20.0,0.9420778355434448
R_101,RH_Vis_1,10.7,12.700000000000001,16.0,0.9483797168945408
R_101,RH_Vis_1,10.7,12.9,20.0,0.9498556160026761
R_101,RH_Vis_1,10.7,13.1,20.0,0.9550838743099547
R_101,RH_Vis_1,10.7,13.3,16.0,0.9586237112619249
R_101,RH_Vis_1,10.7,13.5,20.0,0.9567190627940272
R_101,RH_Vis_1,10.7,13.700000000000001,16.0,0.957208868200373
R_101,RH_Vis_1,10.7,13.9,20.0,0.9540413110983955
R_101,RH_Vis_1,10.7,14.1,16.0,0.9524928630008374
R_101,RH_Vis_1,10.7,14.3,20.0,0.9471875927675146
R_101,RH_Vis_1,10.7,14.5,16.0,0.9450446878505889
R_101,RH_Vis_1,10.7,14.700000000000001,20.0,0.9365410026721805
R_101,RH_Vis_1,10.7,14.9,16.0,0.929741081351424
R_101,RH_Vis_1,10.7,15.1,20.0,0.920769033591184
R_101,RH_Vis_1,10.7,15.3,16.0,0.9136861747583707
R_101,RH_Vis_1,10.7,15.5,20.0,0.9048791211348064
R_101,RH_Vis_1,10.7,15.700000000000001,20.0,0.8850219111351045
R_101,RH_Vis_1,10.7,15.9,16.0,0.8747857609603245
R_101,RH_Vis_1,10.7,16.1,20.0,0.8657385232890565
R_101,RH_Vis_1,10.7,16.3,16.0,0.8565415886216838
R_101,RH_Vis_1,10.7,16.5,20.0,0.8452167652884567
R_101,RH_Vis_1,10.7,16.700000000000003,16.0,0.8353007459730148
R_101,RH_Vis_1,10.7,16.9,20.0,0.8243062520189884
R_101,RH_Vis_1,10.7,17.1,16.0,0.8129700883635982
R_101,RH_Vis_1,10.7,17.3,20.0,0.8035032441607832
R_101,RH_Vis_1,10.7,17.5,16.0,0.7938577970279849
R_101,RH_Vis_1,10.7,17.700000000000003,16.0,0.7938577970279849
R_101,RH_Vis_1,10.7,17.9,12.0,0.7819605385026515
R_101,RH_Vis_1,10.9,8.1,0.0,
R_101,RH_Vis_1,10.9,8.3,0.0,
R_101,RH_Vis_1,10.9,8.5,0.0,
R_101,RH_Vis_1,10.9,8.7,0.0,
R_101,RH_Vis_1,10.9,8.9,0.0,
R_101,RH_Vis_1,10.9,9.1,0.0,
R_101,RH_Vis_1,10.9,9.3,0.0,
R_101,RH_Vis_1,10.9,9.5,0.0,
R_101,RH_Vis_1,10.9,9.7,0.0,
R_101,RH_Vis_1,10.9,9.9,1.0,
R_101,RH_Vis_1,10.9,10.1,1.0,
R_101,RH_Vis_1,10.9,10.3,3.0,0.8053843901531058
R_101,RH_Vis_1,10.9,10.5,6.0,0.8370635981592972
R_101,RH_Vis_1,10.9,10.7,6.0,0.8370635981592972
R_101,RH_Vis_1,10.9,10.9,10.0,0.8689862829512031
R_101,RH_Vis_1,10.9,11.1,10.0,0.8689862829512031
R_101,RH_Vis_1,10.9,11.3,15.0,0.8960960095999866
R_101,RH_Vis_1,10.9,11.5,14.0,0.9064155633573492
R_101,RH_Vis_1,10.9,11.7,19.0,0.9203494373803389
R_101,RH_Vis_1,10.9,11.9,17.0,0.9307122586331783
R_101,RH_Vis_1,10.9,12.1,22.0,0.9398886749102281
R_101,RH_Vis_1,10.9,12.3,19.0,0.951122233133082
R_101,RH_Vis_1,10.9,12.5,24.0,0.9565474826159185
R_101,RH_Vis_1,10.9,12.700000000000001,20.0,0.96448291711129
R_101,RH_Vis_1,10.9,12.9,25.0,0.9664340683284016
R_101,RH_Vis_1,10.9,13.1,25.0,0.971796464902109
R_101,RH_Vis_1,10.9,13.3,20.0,0.9749045099664592
R_101,RH_Vis_1,10.9,13.5,25.0,0.9728508054093179
R_101,RH_Vis_1,10.9,13.700000000000001,20.0,0.9732913841985977
R_101,RH_Vis_1,10.9,13.9,25.0,0.969760587159953
R_101,RH_Vis_1,10.9,14.1,20.0,0.9679098762872668
R_101,RH_Vis_1,10.9,14.3,25.0,0.9627057856765141
R_101,RH_Vis_1,10.9,14.5,20.0,0.9598225637964306
R_101,RH_Vis_1,10.9,14.700000000000001,25.0,0.9526524310471463
R_101,RH_Vis_1,10.9,14.9,20.0,0.9465336773674098
R_101,RH_Vis_1,10.9,15.1,25.0,0.9383904481927421
R_101,RH_Vis_1,10.9,15.3,20.0,0.9318290634457391
R_101,RH_Vis_1,10.9,15.5,25.0,0.923575599587638
R_101,RH_Vis_1,10.9,15.700000000000001,25.0,0.9061733402077867
R_101,RH_Vis_1,10.9,15.9,20.0,0.8972443194513575
R_101,RH_Vis_1,10.9,16.1,25.0,0.8888581772221229
R_101,RH_Vis_1,10.9,16.3,20.0,0.8800797465151515
R_101,RH_Vis_1,10.9,16.5,25.0,0.8707450113013635
R_101,RH_Vis_1,10.9,16.700000000000003,20.0,0.8619768812531869
R_101,RH_Vis_1,10.9,16.9,25.0,0.8521695138599381
R_101,RH_Vis_1,10.9,17.1,20.0,0.8425714562861144
R_101,RH_Vis_1,10.9,17.3,25.0,0.8337302806132625
R_101,RH_Vis_1,10.9,17.5,20.0,0.825006325240049
R_101,RH_Vis_1,10.9,17.700000000000003,20.0,0.825006325240049
R_101,RH_Vis_1,10.9,17.9,15.0,0.8149038975516706
R_101,RH_Vis_1,11.1,8.1,0.0,
R_101,RH_Vis_1,11.1,8.3,0.0,
R_101,RH_Vis_1,11.1,8.5,0.0,
R_101,RH_Vis_1,11.1,8.7,0.0,
R_101,RH_Vis_1,11.1,8.9,0.0,
R_101,RH_Vis_1,11.1,9.1,0.0,
R_101,RH_Vis_1,11.1,9.3,0.0,
R_101,RH_Vis_1,11.1,9.5,0.0,
R_101,RH_Vis_1,11.1,9.7,0.0,
R_101,RH_Vis_1,11.1,9.9,0.0,
R_101,RH_Vis_1,11.1,10.1,0.0,
R_101,RH_Vis_1,11.1,10.3,1.0,
R_101,RH_Vis_1,11.1,10.5,3.0,0.8837103157628009
R_101,RH_Vis_1,11.1,10.7,3.0,0.8837103157628009
R_101,RH_Vis_1,11.1,10.9,6.0,0.9126741141884089
R_101,RH_Vis_1,11.1,11.1,6.0,0.9126741141884089
R_101,RH_Vis_1,11.1,11.3,10.0,0.9367994016687063
R_101,RH_Vis_1,11.1,11.5,10.0,0.9367994016687063
R_101,RH_Vis_1,11.1,11.7,14.0,0.9499318141285454
R_101,RH_Vis_1,11.1,11.9,13.0,0.9564484436217662
R_101,RH_Vis_1,11.1,12.1,17.0,0.9657385418052254
R_101,RH_Vis_1,11.1,12.3,15.0,0.9754426596078071
R_101,RH_Vis_1,11.1,12.5,19.0,0.98105940474668
R_101,RH_Vis_1,11.1,12.700000000000001,16.0,0.9884509345215542
R_101,RH_Vis_1,11.1,12.9,20.0,0.9904163428554273
R_101,RH_Vis_1,11.1,13.1,20.0,0.9958895616554326
R_101,RH_Vis_1,11.1,13.3,16.0,0.9991712407497546
R_101,RH_Vis_1,11.1,13.5,20.0,0.9971958877652272
R_101,RH_Vis_1,11.1,13.700000000000001,16.0,0.9975120194811669
R_101,RH_Vis_1,11.1,13.9,20.0,0.993678959656477
R_101,RH_Vis_1,11.1,14.1,16.0,0.9915681498162329
R_101,RH_Vis_1,11.1,14.3,20.0,0.9865592043804954
R_101,RH_Vis_1,11.1,14.5,16.0,0.9836295114278896
R_101,RH_Vis_1,11.1,14.700000000000001,20.0,0.9771405462868744
R_101,RH_Vis_1,11.1,14.9,16.0,0.9713373261362984
R_101,RH_Vis_1,11.1,15.1,20.0,0.963608064286278
R_101,RH_Vis_1,11.1,15.3,16.0,0.9571864614010681
R_101,RH_Vis_1,11.1,15.5,20.0,0.9495639047368185
R_101,RH_Vis_1,11.1,15.700000000000001,20.0,0.9339148577034269
R_101,RH_Vis_1,11.1,15.9,16.0,0.9257627164698973
R_101,RH_Vis_1,11.1,16.1,20.0,0.9181687412294167
R_101,RH_Vis_1,11.1,16.3,16.0,0.9099147551060673
R_101,RH_Vis_1,11.1,16.5,20.0,0.9021685931698229
R_101,RH_Vis_1,11.1,16.700000000000003,16.0,0.8945379872407297
R_101,RH_Vis_1,11.1,16.9,20.0,0.8856631108634161
R_101,RH_Vis_1,11.1,17.1,16.0,0.8773104690593153
R_101,RH_Vis_1,11.1,17.3,20.0,0.8692832790507504
R_101,RH_Vis_1,11.1,17.5,16.0,0.861578727515748
R_101,RH_Vis_1,11.1,17.700000000000003,16.0,0.861578727515748
R_101,RH_Vis_1,11.1,17.9,12.0,0.8528406899318327
R_101,RH_Vis_1,11.3,8.1,0.0,
R_101,RH_Vis_1,11.3,8.3,0.0,
R_101,RH_Vis_1,11.3,8.5,0.0,
R_101,RH_Vis_1,11.3,8.7,0.0,
R_101,RH_Vis_1,11.3,8.9,0.0,
R_101,RH_Vis_1,11.3,9.1,0.0,
R_101,RH_Vis_1,11.3,9.3,0.0,
R_101,RH_Vis_1,11.3,9.5,0.0,
R_101,RH_Vis_1,11.3,9.7,0.0,
R_101,RH_Vis_1,11.3,9.9,0.0,
R_101,RH_Vis_1,11.3,10.1,0.0,
R_101,RH_Vis_1,11.3,10.3,1.0,
R_101,RH_Vis_1,11.3,10.5,3.0,0.8837103157628009
R_101,RH_Vis_1,11.3,10.7,3.0,0.8837103157628009
R_101,RH_Vis_1,11.3,10.9,6.0,0.9126741141884089
R_101,RH_Vis_1,11.3,11.1,6.0,0.9126741141884089
R_101,RH_Vis_1,11.3,11.3,10.0,0.9367994016687063
R_101,RH_Vis_1,11.3,11.5,10.0,0.9367994016687063
R_101,RH_Vis_1,11.3,11.7,15.0,0.9568473594209391
R_101,RH_Vis_1,11.3,11.9,14.0,0.963392482899815
R_101,RH_Vis_1,11.3,12.1,19.0,0.975043863910794
R_101,RH_Vis_1,11.3,12.3,17.0,0.9847010645725507
R_101,RH_Vis_1,11.3,12.5,22.0,0.9911954484943419
R_101,RH_Vis_1,11.3,12.700000000000001,19.0,0.9990203225807089
R_101,RH_Vis_1,11.3,12.9,24.0,1.0018667499881968
R_101,RH_Vis_1,11.3,13.1,25.0,1.0084052817268192
R_101,RH_Vis_1,11.3,13.3,20.0,1.011270783427173
R_101,RH_Vis_1,11.3,13.5,25.0,1.0097840520674282
R_101,RH_Vis_1,11.3,13.700000000000001,20.0,1.0103131323989012
R_101,RH_Vis_1,11.3,13.9,25.0,1.0069897761438287
R_101,RH_Vis_1,11.3,14.1,20.0,1.005418131722678
R_101,RH_Vis_1,11.3,14.3,25.0,1.0006609427530069
R_101,RH_Vis_1,11.3,14.5,20.0,0.9976553849070958
R_101,RH_Vis_1,11.3,14.700000000000001,25.0,0.9921349967433865
R_101,RH_Vis_1,11.3,14.9,20.0,0.9873047771787148
R_101,RH_Vis_1,11.3,15.1,25.0,0.9803241582568596
R_101,RH_Vis_1,11.3,15.3,20.0,0.9744459161639621
R_101,RH_Vis_1,11.3,15.5,25.0,0.9673656763530042
R_101,RH_Vis_1,11.3,15.700000000000001,25.0,0.9537454567094497
R_101,RH_Vis_1,11.3,15.9,20.0,0.9467737741682315
R_101,RH_Vis_1,11.3,16.1,25.0,0.9403558569738101
R_101,RH_Vis_1,11.3,16.3,20.0,0.9329314601951255
R_101,RH_Vis_1,11.3,16.5,25.0,0.9260749909345641
R_101,RH_Vis_1,11.3,16.700000000000003,20.0,0.9194933180258456
R_101,RH_Vis_1,11.3,16.9,25.0,0.9119545106421921
R_101,RH_Vis_1,11.3,17.1,20.0,0.9051819590254473
R_101,RH_Vis_1,11.3,17.3,25.0,0.8978703192976834
R_101,RH_Vis_1,11.3,17.5,20.0,0.8909390858956625
R_101,RH_Vis_1,11.3,17.700000000000003,20.0,0.8909390858956625
R_101,RH_Vis_1,11.3,17.9,15.0,0.8830240517955084
R_101,RH_Vis_1,11.5,8.1,0.0,
R_101,RH_Vis_1,11.5,8.3,0.0,
R_101,RH_Vis_1,11.5,8.5,0.0,
R_101,RH_Vis_1,11.5,8.7,0.0,
R_101,RH_Vis_1,11.5,8.9,0.0,
R_101,RH_Vis_1,11.5,9.1,0.0,
R_101,RH_Vis_1,11.5,9.3,0.0,
R_101,RH_Vis_1,11.5,9.5,0.0,
R_101,RH_Vis_1,11.5,9.7,0.0,
R_101,RH_Vis_1,11.5,9.9,0.0,
R_101,RH_Vis_1,11.5,10.1,0.0,
R_101,RH_Vis_1,11.5,10.3,0.0,
R_101,RH_Vis_1,11.5,10.5,1.0,
R_101,RH_Vis_1,11.5,10.7,1.0,
R_101,RH_Vis_1,11.5,10.9,3.0,0.944626465802938
R_101,RH_Vis_1,11.5,11.1,3.0,0.944626465802938
R_101,RH_Vis_1,11.5,11.3,6.0,0.966777210458425
R_101,RH_Vis_1,11.5,11.5,6.0,0.966777210458425
R_101,RH_Vis_1,11.5,11.7,10.0,0.9856934400618925
R_101,RH_Vis_1,11.5,11.9,10.0,0.9856934400618925
R_101,RH_Vis_1,11.5,12.1,14.0,0.9962075016508912
R_101,RH_Vis_1,11.5,12.3,13.0,1.0031487924555138
R_101,RH_Vis_1,11.5,12.5,17.0,1.0089458930954807
R_101,RH_Vis_1,11.5,12.700000000000001,15.0,1.0149447670936766
R_101,RH_Vis_1,11.5,12.9,19.0,1.018074233818168
R_101,RH_Vis_1,11.5,13.1,20.0,1.0242149553736297
R_101,RH_Vis_1,11.5,13.3,16.0,1.0267517481002635
R_101,RH_Vis_1,11.5,13.5,20.0,1.025692978336113
R_101,RH_Vis_1,11.5,13.700000000000001,16.0,1.0264930590142942
R_101,RH_Vis_1,11.5,13.9,20.0,1.0229481039888701
R_101,RH_Vis_1,11.5,14.1,16.0,1.0217385124422447
R_101,RH_Vis_1,11.5,14.3,20.0,1.0169054585683512
R_101,RH_Vis_1,11.5,14.5,16.0,1.0136793897016867
R_101,RH_Vis_1,11.5,14.700000000000001,20.0,1.0087154153227043
R_101,RH_Vis_1,11.5,14.9,16.0,1.0041647360115593
R_101,RH_Vis_1,11.5,15.1,20.0,0.9977274778492653
R_101,RH_Vis_1,11.5,15.3,16.0,0.991794872491704
R_101,RH_Vis_1,11.5,15.5,20.0,0.9853322038799597
R_101,RH_Vis_1,11.5,15.700000000000001,20.0,0.9739897547716518
R_101,RH_Vis_1,11.5,15.9,16.0,0.9680938826963703
R_101,RH_Vis_1,11.5,16.1,20.0,0.9630605494761462
R_101,RH_Vis_1,11.5,16.3,16.0,0.9566108073934891
R_101,RH_Vis_1,11.5,16.5,20.0,0.9507945389076046
R_101,RH_Vis_1,11.5,16.700000000000003,16.0,0.9454985623344833
R_101,RH_Vis_1,11.5,16.9,20.0,0.939383122567872
R_101,RH_Vis_1,11.5,17.1,16.0,0.9343585208515943
R_101,RH_Vis_1,11.5,17.3,20.0,0.9278201992274964
R_101,RH_Vis_1,11.5,17.5,16.0,0.9217612394479617
R_101,RH_Vis_1,11.5,17.700000000000003,16.0,0.9217612394479617
R_101,RH_Vis_1,11.5,17.9,12.0,0.9147059137321994
R_101,RH_Vis_1,11.7,8.1,0.0,
R_101,RH_Vis_1,11.7,8.3,0.0,
R_101,RH_Vis_1,11.7,8.5,0.0,
R_101,RH_Vis_1,11.7,8.7,0.0,
R_101,RH_Vis_1,11.7,8.9,0.0,
R_101,RH_Vis_1,11.7,9.1,0.0,
R_101,RH_Vis_1,11.7,9.3,0.0,
R_101,RH_Vis_1,11.7,9.5,0.0,
R_101,RH_Vis_1,11.7,9.7,0.0,
R_101,RH_Vis_1,11.7,9.9,0.0,
R_101,RH_Vis_1,11.7,10.1,0.0,
R_101,RH_Vis_1,11.7,10.3,0.0,
R_101,RH_Vis_1,11.7,10.5,1.0,
R_101,RH_Vis_1,11.7,10.7,1.0,
R_101,RH_Vis_1,11.7,10.9,3.0,0.944626465802938
R_101,RH_Vis_1,11.7,11.1,3.0,0.944626465802938
R_101,RH_Vis_1,11.7,11.3,6.0,0.966777210458425
R_101,RH_Vis_1,11.7,11.5,6.0,0.966777210458425
R_101,RH_Vis_1,11.7,11.7,10.0,0.9856934400618925
R_101,RH_Vis_1,11.7,11.9,10.0,0.9856934400618925
R_101,RH_Vis_1,11.7,12.1,15.0,0.9990748678037397
R_101,RH_Vis_1,11.7,12.3,14.0,1.0057251639903784
R_101,RH_Vis_1,11.7,12.5,19.0,1.012570297921031
R_101,RH_Vis_1,11.7,12.700000000000001,17.0,1.0182898226047985
R_101,RH_Vis_1,11.7,12.9,22.0,1.0222208121270973
R_101,RH_Vis_1,11.7,13.1,24.0,1.0280536674831597
R_101,RH_Vis_1,11.7,13.3,20.0,1.0308508440863728
R_101,RH_Vis_1,11.7,13.5,25.0,1.0303017779813601
R_101,RH_Vis_1,11.7,13.700000000000001,20.0,1.0314177916548417
R_101,RH_Vis_1,11.7,13.9,25.0,1.0288919328818358
R_101,RH_Vis_1,11.7,14.1,20.0,1.02818074787058
R_101,RH_Vis_1,11.7,14.3,25.0,1.0239614998707578
R_101,RH_Vis_1,11.7,14.5,20.0,1.0210553307127188
R_101,RH_Vis_1,11.7,14.700000000000001,25.0,1.0173276657712542
R_101,RH_Vis_1,11.7,14.9,20.0,1.0140988813069964
R_101,RH_Vis_1,11.7,15.1,25.0,1.0086979234974918
R_101,RH_Vis_1,11.7,15.3,20.0,1.0038460259815376
R_101,RH_Vis_1,11.7,15.5,25.0,0.9983257601864329
R_101,RH_Vis_1,11.7,15.700000000000001,25.0,0.9886311045614647
R_101,RH_Vis_1,11.7,15.9,20.0,0.9840177537339635
R_101,RH_Vis_1,11.7,16.1,25.0,0.9796110640506457
R_101,RH_Vis_1,11.7,16.3,20.0,0.9739095785619583
R_101,RH_Vis_1,11.7,16.5,25.0,0.969635524485027
R_101,RH_Vis_1,11.7,16.700000000000003,20.0,0.965270882541415
R_101,RH_Vis_1,11.7,16.9,25.0,0.9598700861297564
R_101,RH_Vis_1,11.7,17.1,20.0,0.9557764334106921
R_101,RH_Vis_1,11.7,17.3,25.0,0.9502772030818268
R_101,RH_Vis_1,11.7,17.5,20.0,0.9452676989360406
R_101,RH_Vis_1,11.7,17.700000000000003,20.0,0.9452676989360406
R_101,RH_Vis_1,11.7,17.9,15.0,0.9396954968089292
R_101,RH_Vis_1,11.9,8.1,0.0,
R_101,RH_Vis_1,11.9,8.3,0.0,
R_101,RH_Vis_1,11.9,8.5,0.0,
R_101,RH_Vis_1,11.9,8.7,0.0,
R_101,RH_Vis_1,11.9,8.9,0.0,
R_101,RH_Vis_1,11.9,9.1,0.0,
R_101,RH_Vis_1,11.9,9.3,0.0,
R_101,RH_Vis_1,11.9,9.5,0.0,
R_101,RH_Vis_1,11.9,9.7,0.0,
R_101,RH_Vis_1,11.9,9.9,0.0,
R_101,RH_Vis_1,11.9,10.1,0.0,
R_101,RH_Vis_1,11.9,10.3,0.0,
R_101,RH_Vis_1,11.9,10.5,0.0,
R_101,RH_Vis_1,11.9,10.7,0.0,
R_101,RH_Vis_1,11.9,10.9,1.0,
R_101,RH_Vis_1,11.9,11.1,1.0,
R_101,RH_Vis_1,11.9,11.3,3.0,0.9992886925303974
R_101,RH_Vis_1,11.9,11.5,3.0,0.9992886925303974
R_101,RH_Vis_1,11.9,11.7,6.0,1.0151147956848532
R_101,RH_Vis_1,11.9,11.9,6.0,1.0151147956848532
R_101,RH_Vis_1,11.9,12.1,10.0,1.023739976690846
R_101,RH_Vis_1,11.9,12.3,10.0,1.023739976690846
R_101,RH_Vis_1,11.9,12.5,14.0,1.0291045320517929
R_101,RH_Vis_1,11.9,12.700000000000001,13.0,1.0321130063154325
R_101,RH_Vis_1,11.9,12.9,17.0,1.0363853759802188
R_101,RH_Vis_1,11.9,13.1,19.0,1.0408156005590143
R_101,RH_Vis_1,11.9,13.3,16.0,1.042667107131459
R_101,RH_Vis_1,11.9,13.5,20.0,1.0425900147499412
R_101,RH_Vis_1,11.9,13.700000000000001,16.0,1.0440680813874679
R_101,RH_Vis_1,11.9,13.9,20.0,1.0422556421298927
R_101,RH_Vis_1,11.9,14.1,16.0,1.042190572548826
R_101,RH_Vis_1,11.9,14.3,20.0,1.0383449773597875
R_101,RH_Vis_1,11.9,14.5,16.0,1.0353635773520409
R_101,RH_Vis_1,11.9,14.700000000000001,20.0,1.032957807246546
R_101,RH_Vis_1,11.9,14.9,16.0,1.0308962134379156
R_101,RH_Vis_1,11.9,15.1,20.0,1.0262317867841082
R_101,RH_Vis_1,11.9,15.3,16.0,1.022219322174168
R_101,RH_Vis_1,11.9,15.5,20.0,1.017605578371612
R_101,RH_Vis_1,11.9,15.700000000000001,20.0,1.0095853884010773
R_101,RH_Vis_1,11.9,15.9,16.0,1.006241086350438
R_101,RH_Vis_1,11.9,16.1,20.0,1.0023903221686816
R_101,RH_Vis_1,11.9,16.3,16.0,0.9971542210047111
R_101,RH_Vis_1,11.9,16.5,20.0,0.9943506198382597
R_101,RH_Vis_1,11.9,16.700000000000003,16.0,0.9910447547556049
R_101,RH_Vis_1,11.9,16.9,20.0,0.9862614611091297
R_101,RH_Vis_1,11.9,17.1,16.0,0.983039175596065
R_101,RH_Vis_1,11.9,17.3,20.0,0.9784326778212726
R_101,RH_Vis_1,11.9,17.5,16.0,0.9743146134648606
R_101,RH_Vis_1,11.9,17.700000000000003,16.0,0.9743146134648606
R_101,RH_Vis_1,11.9,17.9,12.0,0.9700903961392617
R_101,RH_Vis_1,12.1,8.1,0.0,
R_101,RH_Vis_1,12.1,8.3,0.0,
R_101,RH_Vis_1,12.1,8.5,0.0,
R_101,RH_Vis_1,12.1,8.7,0.0,
R_101,RH_Vis_1,12.1,8.9,0.0,
R_101,RH_Vis_1,12.1,9.1,0.0,
R_101,RH_Vis_1,12.1,9.3,0.0,
R_101,RH_Vis_1,12.1,9.5,0.0,
R_101,RH_Vis_1,12.1,9.7,0.0,
R_101,RH_Vis_1,12.1,9.9,0.0,
R_101,RH_Vis_1,12.1,10.1,0.0,
R_101,RH_Vis_1,12.1,10.3,0.0,
R_101,RH_Vis_1,12.1,10.5,0.0,
R_101,RH_Vis_1,12.1,10.7,0.0,
R_101,RH_Vis_1,12.1,10.9,1.0,
R_101,RH_Vis_1,12.1,11.1,1.0,
R_101,RH_Vis_1,12.1,11.3,3.0,0.9992886925303974
R_101,RH_Vis_1,12.1,11.5,3.0,0.9992886925303974
R_101,RH_Vis_1,12.1,11.7,6.0,1.0151147956848532
R_101,RH_Vis_1,12.1,11.9,6.0,1.0151147956848532
R_101,RH_Vis_1,12.1,12.1,10.0,1.023739976690846
R_101,RH_Vis_1,12.1,12.3,10.0,1.023739976690846
R_101,RH_Vis_1,12.1,12.5,15.0,1.0313064645769063
R_101,RH_Vis_1,12.1,12.700000000000001,14.0,1.0342573287163652
R_101,RH_Vis_1,12.1,12.9,19.0,1.0392492271039517
R_101,RH_Vis_1,12.1,13.1,22.0,1.0433314740034563
R_101,RH_Vis_1,12.1,13.3,19.0,1.0452878806083215
R_101,RH_Vis_1,12.1,13.5,24.0,1.0453617519378466
R_101,RH_Vis_1,12.1,13.700000000000001,20.0,1.047098552685449
R_101,RH_Vis_1,12.1,13.9,25.0,1.0456956574015657
R_101,RH_Vis_1,12.1,14.1,20.0,1.0455097116647005
R_101,RH_Vis_1,12.1,14.3,25.0,1.0427433413048555
R_101,RH_Vis_1,12.1,14.5,20.0,1.040122540983771
R_101,RH_Vis_1,12.1,14.700000000000001,25.0,1.039161595178113
R_101,RH_Vis_1,12.1,14.9,20.0,1.038180552769258
R_101,RH_Vis_1,12.1,15.1,25.0,1.0349589312205667
R_101,RH_Vis_1,12.1,15.3,20.0,1.0322880482781982
R_101,RH_Vis_1,12.1,15.5,25.0,1.0282973189982518
R_101,RH_Vis_1,12.1,15.700000000000001,25.0,1.0227862420088587
R_101,RH_Vis_1,12.1,15.9,20.0,1.0205633375447045
R_101,RH_Vis_1,12.1,16.1,25.0,1.0177705112952204
R_101,RH_Vis_1,12.1,16.3,20.0,1.0133836861301553
R_101,RH_Vis_1,12.1,16.5,25.0,1.011863512578149
R_101,RH_Vis_1,12.1,16.700000000000003,20.0,1.0093112794662356
R_101,RH_Vis_1,12.1,16.9,25.0,1.0056868752851462
R_101,RH_Vis_1,12.1,17.1,20.0,1.0040249936368164
R_101,RH_Vis_1,12.1,17.3,25.0,1.0002127938942507
R_101,RH_Vis_1,12.1,17.5,20.0,0.9971338195380459
R_101,RH_Vis_1,12.1,17.700000000000003,20.0,0.9971338195380459
R_101,RH_Vis_1,12.1,17.9,15.0,0.9939786906182998
R_101,RH_Vis_1,12.3,8.1,0.0,
R_101,RH_Vis_1,12.3,8.3,0.0,
R_101,RH_Vis_1,12.3,8.5,0.0,
R_101,RH_Vis_1,12.3,8.7,0.0,
R_101,RH_Vis_1,12.3,8.9,0.0,
R_101,RH_Vis_1,12.3,9.1,0.0,
R_101,RH_Vis_1,12.3,9.3,0.0,
R_101,RH_Vis_1,12.3,9.5,0.0,
R_101,RH_Vis_1,12.3,9.7,0.0,
R_101,RH_Vis_1,12.3,9.9,0.0,
R_101,RH_Vis_1,12.3,10.1,0.0,
R_101,RH_Vis_1,12.3,10.3,0.0,
R_101,RH_Vis_1,12.3,10.5,0.0,
R_101,RH_Vis_1,12.3,10.7,0.0,
R_101,RH_Vis_1,12.3,10.9,0.0,
R_101,RH_Vis_1,12.3,11.1,0.0,
R_101,RH_Vis_1,12.3,11.3,1.0,
R_101,RH_Vis_1,12.3,11.5,1.0,
R_101,RH_Vis_1,12.3,11.7,3.0,1.0293226798474027
R_101,RH_Vis_1,12.3,11.9,3.0,1.0293226798474027
R_101,RH_Vis_1,12.3,12.1,6.0,1.036367055029007
R_101,RH_Vis_1,12.3,12.3,6.0,1.036367055029007
R_101,RH_Vis_1,12.3,12.5,10.0,1.0430643046406654
R_101,RH_Vis_1,12.3,12.700000000000001,10.0,1.0430643046406654
R_101,RH_Vis_1,12.3,12.9,14.0,1.0480604198805
R_101,RH_Vis_1,12.3,13.1,17.0,1.0501388162349101
R_101,RH_Vis_1,12.3,13.3,15.0,1.051038104350918
R_101,RH_Vis_1,12.3,13.5,19.0,1.050954687371305
R_101,RH_Vis_1,12.3,13.700000000000001,16.0,1.0523690480889352
R_101,RH_Vis_1,12.3,13.9,20.0,1.0512484251103433
R_101,RH_Vis_1,12.3,14.1,16.0,1.0507829866233909
R_101,RH_Vis_1,12.3,14.3,20.0,1.048592228930269
R_101,RH_Vis_1,12.3,14.5,16.0,1.0456026091678146
R_101,RH_Vis_1,12.3,14.700000000000001,20.0,1.04624108939657
R_101,RH_Vis_1,12.3,14.9,16.0,1.0465080038407761
R_101,RH_Vis_1,12.3,15.1,20.0,1.0446279639487395
R_101,RH_Vis_1,12.3,15.3,16.0,1.043124486511486
R_101,RH_Vis_1,12.3,15.5,20.0,1.0395746357834619
R_101,RH_Vis_1,12.3,15.700000000000001,20.0,1.0366582673481892
R_101,RH_Vis_1,12.3,15.9,16.0,1.035865534645791
R_101,RH_Vis_1,12.3,16.1,20.0,1.033886375763948
R_101,RH_Vis_1,12.3,16.3,16.0,1.0301592171270373
R_101,RH_Vis_1,12.3,16.5,20.0,1.0303682819197355
R_101,RH_Vis_1,12.3,16.700000000000003,16.0,1.028683401304521
R_101,RH_Vis_1,12.3,16.9,20.0,1.026487285836885
R_101,RH_Vis_1,12.3,17.1,16.0,1.026765299078265
R_101,RH_Vis_1,12.3,17.3,20.0,1.0235738458484764
R_101,RH_Vis_1,12.3,17.5,16.0,1.0214212845556925
R_101,RH_Vis_1,12.3,17.700000000000003,16.0,1.0214212845556925
R_101,RH_Vis_1,12.3,17.9,12.0,1.0199051326620647
R_101,RH_Vis_1,12.5,8.1,0.0,
R_101,RH_Vis_1,12.5,8.3,0.0,
R_101,RH_Vis_1,12.5,8.5,0.0,
R_101,RH_Vis_1,12.5,8.7,0.0,
R_101,RH_Vis_1,12.5,8.9,0.0,
R_101,RH_Vis_1,12.5,9.1,0.0,
R_101,RH_Vis_1,12.5,9.3,0.0,
R_101,RH_Vis_1,12.5,9.5,0.0,
R_101,RH_Vis_1,12.5,9.7,0.0,
R_101,RH_Vis_1,12.5,9.9,0.0,
R_101,RH_Vis_1,12.5,10.1,0.0,
R_101,RH_Vis_1,12.5,10.3,0.0,
R_101,RH_Vis_1,12.5,10.5,0.0,
R_101,RH_Vis_1,12.5,10.7,0.0,
R_101,RH_Vis_1,12.5,10.9,0.0,
R_101,RH_Vis_1,12.5,11.1,0.0,
R_101,RH_Vis_1,12.5,11.3,1.0,
R_101,RH_Vis_1,12.5,11.5,1.0,
R_101,RH_Vis_1,12.5,11.7,3.0,1.0293226798474027
R_101,RH_Vis_1,12.5,11.9,3.0,1.0293226798474027
R_101,RH_Vis_1,12.5,12.1,6.0,1.036367055029007
R_101,RH_Vis_1,12.5,12.3,6.0,1.036367055029007
R_101,RH_Vis_1,12.5,12.5,10.0,1.0430643046406654
R_101,RH_Vis_1,12.5,12.700000000000001,10.0,1.0430643046406654
R_101,RH_Vis_1,12.5,12.9,15.0,1.0460641818195984
R_101,RH_Vis_1,12.5,13.1,19.0,1.0483457097822215
R_101,RH_Vis_1,12.5,13.3,17.0,1.04892824559603
R_101,RH_Vis_1,12.5,13.5,22.0,1.049261387442205
R_101,RH_Vis_1,12.5,13.700000000000001,19.0,1.050185064899825
R_101,RH_Vis_1,12.5,13.9,24.0,1.050017714536086
R_101,RH_Vis_1,12.5,14.1,20.0,1.0493992216316728
R_101,RH_Vis_1,12.5,14.3,25.0,1.048653288327908
R_101,RH_Vis_1,12.5,14.5,20.0,1.0478006263655189
R_101,RH_Vis_1,12.5,14.700000000000001,25.0,1.048582142074479
R_101,RH_Vis_1,12.5,14.9,20.0,1.0492884032240615
R_101,RH_Vis_1,12.5,15.1,25.0,1.0482190362928372
R_101,RH_Vis_1,12.5,15.3,20.0,1.0476752779362468
R_101,RH_Vis_1,12.5,15.5,25.0,1.0451674540313776
R_101,RH_Vis_1,12.5,15.700000000000001,25.0,1.0437036892364868
R_101,RH_Vis_1,12.5,15.9,20.0,1.0432122227673963
R_101,RH_Vis_1,12.5,16.1,25.0,1.0427849847135706
R_101,RH_Vis_1,12.5,16.3,20.0,1.0405541796643836
R_101,RH_Vis_1,12.5,16.5,25.0,1.0415770495563772
R_101,RH_Vis_1,12.5,16.700000000000003,20.0,1.0409859198034865
R_101,RH_Vis_1,12.5,16.9,25.0,1.0395192133265199
R_101,RH_Vis_1,12.5,17.1,20.0,1.0406149770551747
R_101,RH_Vis_1,12.5,17.3,25.0,1.0387726814777387
R_101,RH_Vis_1,12.5,17.5,20.0,1.0379501120523174
R_101,RH_Vis_1,12.5,17.700000000000003,20.0,1.0379501120523174
R_101,RH_Vis_1,12.5,17.9,15.0,1.0369081385703336
R_101,RH_Vis_1,12.700000000000001,8.1,0.0,
R_101,RH_Vis_1,12.700000000000001,8.3,0.0,
R_101,RH_Vis_1,12.700000000000001,8.5,0.0,
R_101,RH_Vis_1,12.700000000000001,8.7,0.0,
R_101,RH_Vis_1,12.700000000000001,8.9,0.0,
R_101,RH_Vis_1,12.700000000000001,9.1,0.0,
R_101,RH_Vis_1,12.700000000000001,9.3,0.0,
R_101,RH_Vis_1,12.700000000000001,9.5,0.0,
R_101,RH_Vis_1,12.700000000000001,9.7,0.0,
R_101,RH_Vis_1,12.700000000000001,9.9,0.0,
R_101,RH_Vis_1,12.700000000000001,10.1,0.0,
R_101,RH_Vis_1,12.700000000000001,10.3,0.0,
R_101,RH_Vis_1,12.700000000000001,10.5,0.0,
R_101,RH_Vis_1,12.700000000000001,10.7,0.0,
R_101,RH_Vis_1,12.700000000000001,10.9,0.0,
R_101,RH_Vis_1,12.700000000000001,11.1,0.0,
R_101,RH_Vis_1,12.700000000000001,11.3,0.0,
R_101,RH_Vis_1,12.700000000000001,11.5,0.0,
R_101,RH_Vis_1,12.700000000000001,11.7,1.0,
R_101,RH_Vis_1,12.700000000000001,11.9,1.0,
R_101,RH_Vis_1,12.700000000000001,12.1,3.0,1.0491653991866239
R_101,RH_Vis_1,12.700000000000001,12.3,3.0,1.0491653991866239
R_101,RH_Vis_1,12.700000000000001,12.5,6.0,1.052510029082252
R_101,RH_Vis_1,12.700000000000001,12.700000000000001,6.0,1.052510029082252
R_101,RH_Vis_1,12.700000000000001,12.9,10.0,1.0527223339137464
R_101,RH_Vis_1,12.700000000000001,13.1,14.0,1.0518095963934702
R_101,RH_Vis_1,12.700000000000001,13.3,13.0,1.05166687353801
R_101,RH_Vis_1,12.700000000000001,13.5,17.0,1.0527565673162416
R_101,RH_Vis_1,12.700000000000001,13.700000000000001,15.0,1.0535353626887125
R_101,RH_Vis_1,12.700000000000001,13.9,19.0,1.0545914048334293
R_101,RH_Vis_1,12.700000000000001,14.1,16.0,1.054354544681345
R_101,RH_Vis_1,12.700000000000001,14.3,20.0,1.054621971081757
R_101,RH_Vis_1,12.700000000000001,14.5,16.0,1.0550172660619492
R_101,RH_Vis_1,12.700000000000001,14.700000000000001,20.0,1.0564531414563467
R_101,RH_Vis_1,12.700000000000001,14.9,16.0,1.0581844886722385
R_101,RH_Vis_1,12.700000000000001,15.1,20.0,1.058054768716303
R_101,RH_Vis_1,12.700000000000001,15.3,16.0,1.0584939428715052
R_101,RH_Vis_1,12.700000000000001,15.5,20.0,1.056868939189481
R_101,RH_Vis_1,12.700000000000001,15.700000000000001,20.0,1.0569348474209797
R_101,RH_Vis_1,12.700000000000001,15.9,16.0,1.0572456401053731
R_101,RH_Vis_1,12.700000000000001,16.1,20.0,1.0581470326533664
R_101,RH_Vis_1,12.700000000000001,16.3,16.0,1.0571346300582238
R_101,RH_Vis_1,12.700000000000001,16.5,20.0,1.0587568131072236
R_101,RH_Vis_1,12.700000000000001,16.700000000000003,16.0,1.0590620441608891
R_101,RH_Vis_1,12.700000000000001,16.9,20.0,1.0584933763522155
R_101,RH_Vis_1,12.700000000000001,17.1,16.0,1.0605244893249235
R_101,RH_Vis_1,12.700000000000001,17.3,20.0,1.0598062452413786
R_101,RH_Vis_1,12.700000000000001,17.5,16.0,1.0600375305433198
R_101,RH_Vis_1,12.700000000000001,17.700000000000003,16.0,1.0600375305433198
R_101,RH_Vis_1,12.700000000000001,17.9,12.0,1.05946583977598
R_101,RH_Vis_1,12.9,8.1,0.0,
R_101,RH_Vis_1,12.9,8.3,0.0,
R_101,RH_Vis_1,12.9,8.5,0.0,
R_101,RH_Vis_1,12.9,8.7,0.0,
R_101,RH_Vis_1,12.9,8.9,0.0,
R_101,RH_Vis_1,12.9,9.1,0.0,
R_101,RH_Vis_1,12.9,9.3,0.0,
R_101,RH_Vis_1,12.9,9.5,0.0,
R_101,RH_Vis_1,12.9,9.7,0.0,
R_101,RH_Vis_1,12.9,9.9,0.0,
R_101,RH_Vis_1,12.9,10.1,0.0,
R_101,RH_Vis_1,12.9,10.3,0.0,
R_101,RH_Vis_1,12.9,10.5,0.0,
R_101,RH_Vis_1,12.9,10.7,0.0,
R_101,RH_Vis_1,12.9,10.9,0.0,
R_101,RH_Vis_1,12.9,11.1,0.0,
R_101,RH_Vis_1,12.9,11.3,0.0,
R_101,RH_Vis_1,12.9,11.5,0.0,
R_101,RH_Vis_1,12.9,11.7,1.0,
R_101,RH_Vis_1,12.9,11.9,1.0,
R_101,RH_Vis_1,12.9,12.1,3.0,1.0491653991866239
R_101,RH_Vis_1,12.9,12.3,3.0,1.0491653991866239
R_101,RH_Vis_1,12.9,12.5,6.0,1.052510029082252
R_101,RH_Vis_1,12.9,12.700000000000001,6.0,1.052510029082252
R_101,RH_Vis_1,12.9,12.9,10.0,1.0527223339137464
R_101,RH_Vis_1,12.9,13.1,15.0,1.0509572280700878
R_101,RH_Vis_1,12.9,13.3,14.0,1.0507638162526332
R_101,RH_Vis_1,12.9,13.5,19.0,1.0514645621324674
R_101,RH_Vis_1,12.9,13.700000000000001,17.0,1.051999733910086
R_101,RH_Vis_1,12.9,13.9,22.0,1.053151294479443
R_101,RH_Vis_1,12.9,14.1,19.0,1.0527244474533743
R_101,RH_Vis_1,12.9,14.3,24.0,1.053915624215443
R_101,RH_Vis_1,12.9,14.5,20.0,1.054090590826334
R_101,RH_Vis_1,12.9,14.700000000000001,25.0,1.0561328772811642
R_101,RH_Vis_1,12.9,14.9,20.0,1.0583093425057626
R_101,RH_Vis_1,12.9,15.1,25.0,1.0594803226815879
R_101,RH_Vis_1,12.9,15.3,20.0,1.060993740702984
R_101,RH_Vis_1,12.9,15.5,25.0,1.0607977515867613
R_101,RH_Vis_1,12.9,15.700000000000001,25.0,1.063052340299501
R_101,RH_Vis_1,12.9,15.9,20.0,1.06420490139655
R_101,RH_Vis_1,12.9,16.1,25.0,1.066259696053904
R_101,RH_Vis_1,12.9,16.3,20.0,1.0667491142922585
R_101,RH_Vis_1,12.9,16.5,25.0,1.0696005874003247
R_101,RH_Vis_1,12.9,16.700000000000003,20.0,1.0709596734041837
R_101,RH_Vis_1,12.9,16.9,25.0,1.0709740582780025
R_101,RH_Vis_1,12.9,17.1,20.0,1.0737141240670354
R_101,RH_Vis_1,12.9,17.3,25.0,1.0741100883644104
R_101,RH_Vis_1,12.9,17.5,20.0,1.0755527244607737
R_101,RH_Vis_1,12.9,17.700000000000003,20.0,1.0755527244607737
R_101,RH_Vis_1,12.9,17.9,15.0,1.0759106743865918
R_101,RH_Vis_1,13.1,8.1,0.0,
R_101,RH_Vis_1,13.1,8.3,0.0,
R_101,RH_Vis_1,13.1,8.5,0.0,
R_101,RH_Vis_1,13.1,8.7,0.0,
R_101,RH_Vis_1,13.1,8.9,0.0,
R_101,RH_Vis_1,13.1,9.1,0.0,
R_101,RH_Vis_1,13.1,9.3,0.0,
R_101,RH_Vis_1,13.1,9.5,0.0,
R_101,RH_Vis_1,13.1,9.7,0.0,
R_101,RH_Vis_1,13.1,9.9,0.0,
R_101,RH_Vis_1,13.1,10.1,0.0,
R_101,RH_Vis_1,13.1,10.3,0.0,
R_101,RH_Vis_1,13.1,10.5,0.0,
R_101,RH_Vis_1,13.1,10.7,0.0,
R_101,RH_Vis_1,13.1,10.9,0.0,
R_101,RH_Vis_1,13.1,11.1,0.0,
R_101,RH_Vis_1,13.1,11.3,0.0,
R_101,RH_Vis_1,13.1,11.5,0.0,
R_101,RH_Vis_1,13.1,11.7,0.0,
R_101,RH_Vis_1,13.1,11.9,0.0,
R_101,RH_Vis_1,13.1,12.1,1.0,
R_101,RH_Vis_1,13.1,12.3,1.0,
R_101,RH_Vis_1,13.1,12.5,3.0,1.0496296659349695
R_101,RH_Vis_1,13.1,12.700000000000001,3.0,1.0496296659349695
R_101,RH_Vis_1,13.1,12.9,6.0,1.048458032754881
R_101,RH_Vis_1,13.1,13.1,10.0,1.0472017610989484
R_101,RH_Vis_1,13.1,13.3,10.0,1.0472017610989484
R_101,RH_Vis_1,13.1,13.5,15.0,1.0454636219066111
R_101,RH_Vis_1,13.1,13.700000000000001,14.0,1.0459097381896822
R_101,RH_Vis_1,13.1,13.9,19.0,1.0472587992949203
R_101,RH_Vis_1,13.1,14.1,17.0,1.046367422514247
R_101,RH_Vis_1,13.1,14.3,22.0,1.0493772119902367
R_101,RH_Vis_1,13.1,14.5,19.0,1.0497073402663595
R_101,RH_Vis_1,13.1,14.700000000000001,24.0,1.0530361098039627
R_101,RH_Vis_1,13.1,14.9,20.0,1.054579861041745
R_101,RH_Vis_1,13.1,15.1,25.0,1.0582634463985428
R_101,RH_Vis_1,13.1,15.3,20.0,1.0623324721176939
R_101,RH_Vis_1,13.1,15.5,25.0,1.064021921790918
R_101,RH_Vis_1,13.1,15.700000000000001,25.0,1.0702735625409734
R_101,RH_Vis_1,13.1,15.9,20.0,1.0729393291240663
R_101,RH_Vis_1,13.1,16.1,25.0,1.0773417046252465
R_101,RH_Vis_1,13.1,16.3,20.0,1.0802557722698445
R_101,RH_Vis_1,13.1,16.5,25.0,1.0855821570125026
R_101,RH_Vis_1,13.1,16.700000000000003,20.0,1.0887282493091954
R_101,RH_Vis_1,13.1,16.9,25.0,1.0904081643849
R_101,RH_Vis_1,13.1,17.1,20.0,1.0953152753601711
R_101,RH_Vis_1,13.1,17.3,25.0,1.0979567577808187
R_101,RH_Vis_1,13.1,17.5,20.0,1.1018723536910573
R_101,RH_Vis_1,13.1,17.700000000000003,20.0,1.1018723536910573
R_101,RH_Vis_1,13.1,17.9,15.0,1.1041794027114207
R_101,RH_Vis_1,13.3,8.1,0.0,
R_101,RH_Vis_1,13.3,8.3,0.0,
R_101,RH_Vis_1,13.3,8.5,0.0,
R_101,RH_Vis_1,13.3,8.7,0.0,
R_101,RH_Vis_1,13.3,8.9,0.0,
R_101,RH_Vis_1,13.3,9.1,0.0,
R_101,RH_Vis_1,13.3,9.3,0.0,
R_101,RH_Vis_1,13.3,9.5,0.0,
R_101,RH_Vis_1,13.3,9.7,0.0,
R_101,RH_Vis_1,13.3,9.9,0.0,
R_101,RH_Vis_1,13.3,10.1,0.0,
R_101,RH_Vis_1,13.3,10.3,0.0,
R_101,RH_Vis_1,13.3,10.5,0.0,
R_101,RH_Vis_1,13.3,10.7,0.0,
R_101,RH_Vis_1,13.3,10.9,0.0,
R_101,RH_Vis_1,13.3,11.1,0.0,
R_101,RH_Vis_1,13.3,11.3,0.0,
R_101,RH_Vis_1,13.3,11.5,0.0,
R_101,RH_Vis_1,13.3,11.7,0.0,
R_101,RH_Vis_1,13.3,11.9,0.0,
R_101,RH_Vis_1,13.3,12.1,0.0,
R_101,RH_Vis_1,13.3,12.3,0.0,
R_101,RH_Vis_1,13.3,12.5,1.0,
R_101,RH_Vis_1,13.3,12.700000000000001,1.0,
R_101,RH_Vis_1,13.3,12.9,3.0,1.0484335907594462
R_101,RH_Vis_1,13.3,13.1,6.0,1.0471714498110396
R_101,RH_Vis_1,13.3,13.3,6.0,1.0471714498110396
R_101,RH_Vis_1,13.3,13.5,10.0,1.0438269445787425
R_101,RH_Vis_1,13.3,13.700000000000001,10.0,1.0438269445787425
R_101,RH_Vis_1,13.3,13.9,14.0,1.045327210309643
R_101,RH_Vis_1,13.3,14.1,13.0,1.0440344172620393
R_101,RH_Vis_1,13.3,14.3,17.0,1.0485511963754872
R_101,RH_Vis_1,13.3,14.5,15.0,1.0494802057355626
R_101,RH_Vis_1,13.3,14.700000000000001,19.0,1.0533675419719908
R_101,RH_Vis_1,13.3,14.9,16.0,1.0547659606799955
R_101,RH_Vis_1,13.3,15.1,20.0,1.0596843814755785
R_101,RH_Vis_1,13.3,15.3,16.0,1.064902930161899
R_101,RH_Vis_1,13.3,15.5,20.0,1.0674524058855663
R_101,RH_Vis_1,13.3,15.700000000000001,20.0,1.0760428272460376
R_101,RH_Vis_1,13.3,15.9,16.0,1.0792458519339987
R_101,RH_Vis_1,13.3,16.1,20.0,1.085223850194397
R_101,RH_Vis_1,13.3,16.3,16.0,1.0895435495283468
R_101,RH_Vis_1,13.3,16.5,20.0,1.095727829566949
R_101,RH_Vis_1,13.3,16.700000000000003,16.0,1.0998202707942084
R_101,RH_Vis_1,13.3,16.9,20.0,1.1025557203868015
R_101,RH_Vis_1,13.3,17.1,16.0,1.1087820732884432
R_101,RH_Vis_1,13.3,17.3,20.0,1.1124196426012367
R_101,RH_Vis_1,13.3,17.5,16.0,1.1175170578917326
R_101,RH_Vis_1,13.3,17.700000000000003,16.0,1.1175170578917326
R_101,RH_Vis_1,13.3,17.9,12.0,1.1203107961103136
R_101,RH_Vis_1,13.5,8.1,0.0,
R_101,RH_Vis_1,13.5,8.3,0.0,
R_101,RH_Vis_1,13.5,8.5,0.0,
R_101,RH_Vis_1,13.5,8.7,0.0,
R_101,RH_Vis_1,13.5,8.9,0.0,
R_101,RH_Vis_1,13.5,9.1,0.0,
R_101,RH_Vis_1,13.5,9.3,0.0,
R_101,RH_Vis_1,13.5,9.5,0.0,
R_101,RH_Vis_1,13.5,9.7,0.0,
R_101,RH_Vis_1,13.5,9.9,0.0,
R_101,RH_Vis_1,13.5,10.1,0.0,
R_101,RH_Vis_1,13.5,10.3,0.0,
R_101,RH_Vis_1,13.5,10.5,0.0,
R_101,RH_Vis_1,13.5,10.7,0.0,
R_101,RH_Vis_1,13.5,10.9,0.0,
R_101,RH_Vis_1,13.5,11.1,0.0,
R_101,RH_Vis_1,13.5,11.3,0.0,
R_101,RH_Vis_1,13.5,11.5,0.0,
R_101,RH_Vis_1,13.5,11.7,0.0,
R_101,RH_Vis_1,13.5,11.9,0.0,
R_101,RH_Vis_1,13.5,12.1,0.0,
R_101,RH_Vis_1,13.5,12.3,0.0,
R_101,RH_Vis_1,13.5,12.5,1.0,
R_101,RH_Vis_1,13.5,12.700000000000001,1.0,
R_101,RH_Vis_1,13.5,12.9,3.0,1.0484335907594462
R_101,RH_Vis_1,13.5,13.1,6.0,1.0471714498110396
R_101,RH_Vis_1,13.5,13.3,6.0,1.0471714498110396
R_101,RH_Vis_1,13.5,13.5,10.0,1.0438269445787425
R_101,RH_Vis_1,13.5,13.700000000000001,10.0,1.0438269445787425
R_101,RH_Vis_1,13.5,13.9,15.0,1.043886076088865
R_101,RH_Vis_1,13.5,14.1,14.0,1.0425826872431776
R_101,RH_Vis_1,13.5,14.3,19.0,1.0467115616547904
R_101,RH_Vis_1,13.5,14.5,17.0,1.0473148481818335
R_101,RH_Vis_1,13.5,14.700000000000001,22.0,1.0509009181646904
R_101,RH_Vis_1,13.5,14.9,19.0,1.0516890670018575
R_101,RH_Vis_1,13.5,15.1,24.0,1.056976463617376
R_101,RH_Vis_1,13.5,15.3,20.0,1.060609718994792
R_101,RH_Vis_1,13.5,15.5,25.0,1.0648618990745773
R_101,RH_Vis_1,13.5,15.700000000000001,25.0,1.0750603311587534
R_101,RH_Vis_1,13.5,15.9,20.0,1.0792573114466155
R_101,RH_Vis_1,13.5,16.1,25.0,1.086440514027264
R_101,RH_Vis_1,13.5,16.3,20.0,1.0922772535074787
R_101,RH_Vis_1,13.5,16.5,25.0,1.0993157994093676
R_101,RH_Vis_1,13.5,16.700000000000003,20.0,1.104877606572623
R_101,RH_Vis_1,13.5,16.9,25.0,1.1081673468734554
R_101,RH_Vis_1,13.5,17.1,20.0,1.1147415287433895
R_101,RH_Vis_1,13.5,17.3,25.0,1.119325969857431
R_101,RH_Vis_1,13.5,17.5,20.0,1.125408337439291
R_101,RH_Vis_1,13.5,17.700000000000003,20.0,1.125408337439291
R_101,RH_Vis_1,13.5,17.9,15.0,1.1288200084691018
R_101,RH_Vis_1,13.700000000000001,8.1,0.0,
R_101,RH_Vis_1,13.700000000000001,8.3,0.0,
R_101,RH_Vis_1,13.700000000000001,8.5,0.0,
R_101,RH_Vis_1,13.700000000000001,8.7,0.0,
R_101,RH_Vis_1,13.700000000000001,8.9,0.0,
R_101,RH_Vis_1,13.700000000000001,9.1,0.0,
R_101,RH_Vis_1,13.700000000000001,9.3,0.0,
R_101,RH_Vis_1,13.700000000000001,9.5,0.0,
R_101,RH_Vis_1,13.700000000000001,9.7,0.0,
R_101,RH_Vis_1,13.700000000000001,9.9,0.0,
R_101,RH_Vis_1,13.700000000000001,10.1,0.0,
R_101,RH_Vis_1,13.700000000000001,10.3,0.0,
R_101,RH_Vis_1,13.700000000000001,10.5,0.0,
R_101,RH_Vis_1,13.700000000000001,10.7,0.0,
R_101,RH_Vis_1,13.700000000000001,10.9,0.0,
R_101,RH_Vis_1,13.700000000000001,11.1,0.0,
R_101,RH_Vis_1,13.700000000000001,11.3,0.0,
R_101,RH_Vis_1,13.700000000000001,11.5,0.0,
R_101,RH_Vis_1,13.700000000000001,11.7,0.0,
R_101,RH_Vis_1,13.700000000000001,11.9,0.0,
R_101,RH_Vis_1,13.700000000000001,12.1,0.0,
R_101,RH_Vis_1,13.700000000000001,12.3,0.0,
R_101,RH_Vis_1,13.700000000000001,12.5,0.0,
R_101,RH_Vis_1,13.700000000000001,12.700000000000001,0.0,
R_101,RH_Vis_1,13.700000000000001,12.9,1.0,
R_101,RH_Vis_1,13.700000000000001,13.1,3.0,1.0350775604704914
R_101,RH_Vis_1,13.700000000000001,13.3,3.0,1.0350775604704914
R_101,RH_Vis_1,13.700000000000001,13.5,6.0,1.0335646157129887
R_101,RH_Vis_1,13.700000000000001,13.700000000000001,6.0,1.0335646157129887
R_101,RH_Vis_1,13.700000000000001,13.9,10.0,1.0361012548891693
R_101,RH_Vis_1,13.700000000000001,14.1,10.0,1.0361012548891693
R_101,RH_Vis_1,13.700000000000001,14.3,14.0,1.0418454061439557
R_101,RH_Vis_1,13.700000000000001,14.5,13.0,1.043670679772954
R_101,RH_Vis_1,13.700000000000001,14.700000000000001,17.0,1.0470550861824282
R_101,RH_Vis_1,13.700000000000001,14.9,15.0,1.0475213755104522
R_101,RH_Vis_1,13.700000000000001,15.1,19.0,1.05358408326237
R_101,RH_Vis_1,13.700000000000001,15.3,16.0,1.0576214105699102
R_101,RH_Vis_1,13.700000000000001,15.5,20.0,1.0633113034670194
R_101,RH_Vis_1,13.700000000000001,15.700000000000001,20.0,1.074927999838446
R_101,RH_Vis_1,13.700000000000001,15.9,16.0,1.0796085537278266
R_101,RH_Vis_1,13.700000000000001,16.1,20.0,1.0882278255837359
R_101,RH_Vis_1,13.700000000000001,16.3,16.0,1.0957711802263652
R_101,RH_Vis_1,13.700000000000001,16.5,20.0,1.1036659783772833
R_101,RH_Vis_1,13.700000000000001,16.700000000000003,16.0,1.1105026636385888
R_101,RH_Vis_1,13.700000000000001,16.9,20.0,1.1143620505945158
R_101,RH_Vis_1,13.700000000000001,17.1,16.0,1.1214348444792814
R_101,RH_Vis_1,13.700000000000001,17.3,20.0,1.1273241477752483
R_101,RH_Vis_1,13.700000000000001,17.5,16.0,1.1346577608414166
R_101,RH_Vis_1,13.700000000000001,17.700000000000003,16.0,1.1346577608414166
R_101,RH_Vis_1,13.700000000000001,17.9,12.0,1.1386420434527647
R_101,RH_Vis_1,13.9,8.1,0.0,
R_101,RH_Vis_1,13.9,8.3,0.0,
R_101,RH_Vis_1,13.9,8.5,0.0,
R_101,RH_Vis_1,13.9,8.7,0.0,
R_101,RH_Vis_1,13.9,8.9,0.0,
R_101,RH_Vis_1,13.9,9.1,0.0,
R_101,RH_Vis_1,13.9,9.3,0.0,
R_101,RH_Vis_1,13.9,9.5,0.0,
R_101,RH_Vis_1,13.9,9.7,0.0,
R_101,RH_Vis_1,13.9,9.9,0.0,
R_101,RH_Vis_1,13.9,10.1,0.0,
R_101,RH_Vis_1,13.9,10.3,0.0,
R_101,RH_Vis_1,13.9,10.5,0.0,
R_101,RH_Vis_1,13.9,10.7,0.0,
R_101,RH_Vis_1,13.9,10.9,0.0,
R_101,RH_Vis_1,13.9,11.1,0.0,
R_101,RH_Vis_1,13.9,11.3,0.0,
R_101,RH_Vis_1,13.9,11.5,0.0,
R_101,RH_Vis_1,13.9,11.7,0.0,
R_101,RH_Vis_1,13.9,11.9,0.0,
R_101,RH_Vis_1,13.9,12.1,0.0,
R_101,RH_Vis_1,13.9,12.3,0.0,
R_101,RH_Vis_1,13.9,12.5,0.0,
R_101,RH_Vis_1,13.9,12.700000000000001,0.0,
R_101,RH_Vis_1,13.9,12.9,1.0,
R_101,RH_Vis_1,13.9,13.1,3.0,1.0350775604704914
R_101,RH_Vis_1,13.9,13.3,3.0,1.0350775604704914
R_101,RH_Vis_1,13.9,13.5,6.0,1.0335646157129887
R_101,RH_Vis_1,13.9,13.700000000000001,6.0,1.0335646157129887
R_101,RH_Vis_1,13.9,13.9,10.0,1.0361012548891693
R_101,RH_Vis_1,13.9,14.1,10.0,1.0361012548891693
R_101,RH_Vis_1,13.9,14.3,15.0,1.0379591532202785
R_101,RH_Vis_1,13.9,14.5,14.0,1.039376460666943
R_101,RH_Vis_1,13.9,14.700000000000001,19.0,1.0427770519870945
R_101,RH_Vis_1,13.9,14.9,17.0,1.0426851856064883
R_101,RH_Vis_1,13.9,15.1,22.0,1.0489664332932418
R_101,RH_Vis_1,13.9,15.3,19.0,1.0516371852413082
R_101,RH_Vis_1,13.9,15.5,24.0,1.0572163202173668
R_101,RH_Vis_1,13.9,15.700000000000001,25.0,1.0681195592108894
R_101,RH_Vis_1,13.9,15.9,20.0,1.0747307115429874
R_101,RH_Vis_1,13.9,16.1,25.0,1.0838765595986115
R_101,RH_Vis_1,13.9,16.3,20.0,1.0917710225773845
R_101,RH_Vis_1,13.9,16.5,25.0,1.10120741002379
R_101,RH_Vis_1,13.9,16.700000000000003,20.0,1.1089285936726865
R_101,RH_Vis_1,13.9,16.9,25.0,1.1136689877047579
R_101,RH_Vis_1,13.9,17.1,20.0,1.1224819763493499
R_101,RH_Vis_1,13.9,17.3,25.0,1.1290469353242159
R_101,RH_Vis_1,13.9,17.5,20.0,1.13683756167181
R_101,RH_Vis_1,13.9,17.700000000000003,20.0,1.13683756167181
R_101,RH_Vis_1,13.9,17.9,15.0,1.1422967649553777
R_101,RH_Vis_1,14.1,8.1,0.0,
R_101,RH_Vis_1,14.1,8.3,0.0,
R_101,RH_Vis_1,14.1,8.5,0.0,
R_101,RH_Vis_1,14.1,8.7,0.0,
R_101,RH_Vis_1,14.1,8.9,0.0,
R_101,RH_Vis_1,14.1,9.1,0.0,
R_101,RH_Vis_1,14.1,9.3,0.0,
R_101,RH_Vis_1,14.1,9.5,0.0,
R_101,RH_Vis_1,14.1,9.7,0.0,
R_101,RH_Vis_1,14.1,9.9,0.0,
R_101,RH_Vis_1,14.1,10.1,0.0,
R_101,RH_Vis_1,14.1,10.3,0.0,
R_101,RH_Vis_1,14.1,10.5,0.0,
R_101,RH_Vis_1,14.1,10.7,0.0,
R_101,RH_Vis_1,14.1,10.9,0.0,
R_101,RH_Vis_1,14.1,11.1,0.0,
R_101,RH_Vis_1,14.1,11.3,0.0,
R_101,RH_Vis_1,14.1,11.5,0.0,
R_101,RH_Vis_1,14.1,11.7,0.0,
R_101,RH_Vis_1,14.1,11.9,0.0,
R_101,RH_Vis_1,14.1,12.1,0.0,
R_101,RH_Vis_1,14.1,12.3,0.0,
R_101,RH_Vis_1,14.1,12.5,0.0,
R_101,RH_Vis_1,14.1,12.700000000000001,0.0,
R_101,RH_Vis_1,14.1,12.9,0.0,
R_101,RH_Vis_1,14.1,13.1,1.0,
R_101,RH_Vis_1,14.1,13.3,1.0,
R_101,RH_Vis_1,14.1,13.5,3.0,1.0285920768680725
R_101,RH_Vis_1,14.1,13.700000000000001,3.0,1.0285920768680725
R_101,RH_Vis_1,14.1,13.9,6.0,1.0309259837054152
R_101,RH_Vis_1,14.1,14.1,6.0,1.0309259837054152
R_101,RH_Vis_1,14.1,14.3,10.0,1.0324899668711853
R_101,RH_Vis_1,14.1,14.5,10.0,1.0324899668711853
R_101,RH_Vis_1,14.1,14.700000000000001,14.0,1.0373594445588725
R_101,RH_Vis_1,14.1,14.9,13.0,1.0372313963293451
R_101,RH_Vis_1,14.1,15.1,17.0,1.0449614649473635
R_101,RH_Vis_1,14.1,15.3,15.0,1.0478395163362462
R_101,RH_Vis_1,14.1,15.5,19.0,1.0544998973737685
R_101,RH_Vis_1,14.1,15.700000000000001,20.0,1.0671781048161924
R_101,RH_Vis_1,14.1,15.9,16.0,1.0752636456152804
R_101,RH_Vis_1,14.1,16.1,20.0,1.085250844370249
R_101,RH_Vis_1,14.1,16.3,16.0,1.0941802707682884
R_101,RH_Vis_1,14.1,16.5,20.0,1.1049062325040018
R_101,RH_Vis_1,14.1,16.700000000000003,16.0,1.1136117436410213
R_101,RH_Vis_1,14.1,16.9,20.0,1.1191745038096825
R_101,RH_Vis_1,14.1,17.1,16.0,1.1290990481959842
R_101,RH_Vis_1,14.1,17.3,20.0,1.1364166631565729
R_101,RH_Vis_1,14.1,17.5,16.0,1.1450305965800585
R_101,RH_Vis_1,14.1,17.700000000000003,16.0,1.1450305965800585
R_101,RH_Vis_1,14.1,17.9,12.0,1.1516409156433698
R_101,RH_Vis_1,14.3,8.1,0.0,
R_101,RH_Vis_1,14.3,8.3,0.0,
R_101,RH_Vis_1,14.3,8.5,0.0,
R_101,RH_Vis_1,14.3,8.7,0.0,
R_101,RH_Vis_1,14.3,8.9,0.0,
R_101,RH_Vis_1,14.3,9.1,0.0,
R_101,RH_Vis_1,14.3,9.3,0.0,
R_101,RH_Vis_1,14.3,9.5,0.0,
R_101,RH_Vis_1,14.3,9.7,0.0,
R_101,RH_Vis_1,14.3,9.9,0.0,
R_101,RH_Vis_1,14.3,10.1,0.0,
R_101,RH_Vis_1,14.3,10.3,0.0,
R_101,RH_Vis_1,14.3,10.5,0.0,
R_101,RH_Vis_1,14.3,10.7,0.0,
R_101,RH_Vis_1,14.3,10.9,0.0,
R_101,RH_Vis_1,14.3,11.1,0.0,
R_101,RH_Vis_1,14.3,11.3,0.0,
R_101,RH_Vis_1,14.3,11.5,0.0,
R_101,RH_Vis_1,14.3,11.7,0.0,
R_101,RH_Vis_1,14.3,11.9,0.0,
R_101,RH_Vis_1,14.3,12.1,0.0,
R_101,RH_Vis_1,14.3,12.3,0.0,
R_101,RH_Vis_1,14.3,12.5,0.0,
R_101,RH_Vis_1,14.3,12.700000000000001,0.0,
R_101,RH_Vis_1,14.3,12.9,0.0,
R_101,RH_Vis_1,14.3,13.1,1.0,
R_101,RH_Vis_1,14.3,13.3,1.0,
R_101,RH_Vis_1,14.3,13.5,3.0,1.0285920768680725
R_101,RH_Vis_1,14.3,13.700000000000001,3.0,1.0285920768680725
R_101,RH_Vis_1,14.3,13.9,6.0,1.0309259837054152
R_101,RH_Vis_1,14.3,14.1,6.0,1.0309259837054152
R_101,RH_Vis_1,14.3,14.3,10.0,1.0324899668711853
R_101,RH_Vis_1,14.3,14.5,10.0,1.0324899668711853
R_101,RH_Vis_1,14.3,14.700000000000001,15.0,1.0354232861596737
R_101,RH_Vis_1,14.3,14.9,14.0,1.0351660872037411
R_101,RH_Vis_1,14.3,15.1,19.0,1.0420865951390614
R_101,RH_Vis_1,14.3,15.3,17.0,1.044287832269452
R_101,RH_Vis_1,14.3,15.5,22.0,1.0510325914511156
R_101,RH_Vis_1,14.3,15.700000000000001,24.0,1.0630345279953775
R_101,RH_Vis_1,14.3,15.9,20.0,1.068674245270485
R_101,RH_Vis_1,14.3,16.1,25.0,1.0791719034533311
R_101,RH_Vis_1,14.3,16.3,20.0,1.0886423981325009
R_101,RH_Vis_1,14.3,16.5,25.0,1.100736047790672
R_101,RH_Vis_1,14.3,16.700000000000003,20.0,1.1105540553988509
R_101,RH_Vis_1,14.3,16.9,25.0,1.1172516514756976
R_101,RH_Vis_1,14.3,17.1,20.0,1.128073371177429
R_101,RH_Vis_1,14.3,17.3,25.0,1.1363971213812738
R_101,RH_Vis_1,14.3,17.5,20.0,1.146001835146953
R_101,RH_Vis_1,14.3,17.700000000000003,20.0,1.146001835146953
R_101,RH_Vis_1,14.3,17.9,15.0,1.1542816014676982
R_101,RH_Vis_1,14.5,8.1,0.0,
R_101,RH_Vis_1,14.5,8.3,0.0,
R_101,RH_Vis_1,14.5,8.5,0.0,
R_101,RH_Vis_1,14.5,8.7,0.0,
R_101,RH_Vis_1,14.5,8.9,0.0,
R_101,RH_Vis_1,14.5,9.1,0.0,
R_101,RH_Vis_1,14.5,9.3,0.0,
R_101,RH_Vis_1,14.5,9.5,0.0,
R_101,RH_Vis_1,14.5,9.7,0.0,
R_101,RH_Vis_1,14.5,9.9,0.0,
R_101,RH_Vis_1,14.5,10.1,0.0,
R_101,RH_Vis_1,14.5,10.3,0.0,
R_101,RH_Vis_1,14.5,10.5,0.0,
R_101,RH_Vis_1,14.5,10.7,0.0,
R_101,RH_Vis_1,14.5,10.9,0.0,
R_101,RH_Vis_1,14.5,11.1,0.0,
R_101,RH_Vis_1,14.5,11.3,0.0,
R_101,RH_Vis_1,14.5,11.5,0.0,
R_101,RH_Vis_1,14.5,11.7,0.0,
R_101,RH_Vis_1,14.5,11.9,0.0,
R_101,RH_Vis_1,14.5,12.1,0.0,
R_101,RH_Vis_1,14.5,12.3,0.0,
R_101,RH_Vis_1,14.5,12.5,0.0,
R_101,RH_Vis_1,14.5,12.700000000000001,0.0,
R_101,RH_Vis_1,14.5,12.9,0.0,
R_101,RH_Vis_1,14.5,13.1,0.0,
R_101,RH_Vis_1,14.5,13.3,0.0,
R_101,RH_Vis_1,14.5,13.5,1.0,
R_101,RH_Vis_1,14.5,13.700000000000001,1.0,
R_101,RH_Vis_1,14.5,13.9,3.0,1.0178213718399662
R_101,RH_Vis_1,14.5,14.1,3.0,1.0178213718399662
R_101,RH_Vis_1,14.5,14.3,6.0,1.020560684862727
R_101,RH_Vis_1,14.5,14.5,6.0,1.020560684862727
R_101,RH_Vis_1,14.5,14.700000000000001,10.0,1.025709018949294
R_101,RH_Vis_1,14.5,14.9,10.0,1.025709018949294
R_101,RH_Vis_1,14.5,15.1,14.0,1.0338380439234662
R_101,RH_Vis_1,14.5,15.3,13.0,1.036070878497314
R_101,RH_Vis_1,14.5,15.5,17.0,1.043538353296772
R_101,RH_Vis_1,14.5,15.700000000000001,19.0,1.0565903743590068
R_101,RH_Vis_1,14.5,15.9,16.0,1.0628323199477914
R_101,RH_Vis_1,14.5,16.1,20.0,1.0742872919026505
R_101,RH_Vis_1,14.5,16.3,16.0,1.0845012348585268
R_101,RH_Vis_1,14.5,16.5,20.0,1.097676138595158
R_101,RH_Vis_1,14.5,16.700000000000003,16.0,1.108555021654223
R_101,RH_Vis_1,14.5,16.9,20.0,1.1163403678493342
R_101,RH_Vis_1,14.5,17.1,16.0,1.1284735482129153
R_101,RH_Vis_1,14.5,17.3,20.0,1.1376650365124579
R_101,RH_Vis_1,14.5,17.5,16.0,1.148098918901044
R_101,RH_Vis_1,14.5,17.700000000000003,16.0,1.148098918901044
R_101,RH_Vis_1,14.5,17.9,12.0,1.157429498627363
R_101,RH_Vis_1,14.700000000000001,8.1,0.0,
R_101,RH_Vis_1,14.700000000000001,8.3,0.0,
R_101,RH_Vis_1,14.700000000000001,8.5,0.0,
R_101,RH_Vis_1,14.700000000000001,8.7,0.0,
R_101,RH_Vis_1,14.700000000000001,8.9,0.0,
R_101,RH_Vis_1,14.700000000000001,9.1,0.0,
R_101,RH_Vis_1,14.700000000000001,9.3,0.0,
R_101,RH_Vis_1,14.700000000000001,9.5,0.0,
R_101,RH_Vis_1,14.700000000000001,9.7,0.0,
R_101,RH_Vis_1,14.700000000000001,9.9,0.0,
R_101,RH_Vis_1,14.700000000000001,10.1,0.0,
R_101,RH_Vis_1,14.700000000000001,10.3,0.0,
R_101,RH_Vis_1,14.700000000000001,10.5,0.0,
R_101,RH_Vis_1,14.700000000000001,10.7,0.0,
R_101,RH_Vis_1,14.700000000000001,10.9,0.0,
R_101,RH_Vis_1,14.700000000000001,11.1,0.0,
R_101,RH_Vis_1,14.700000000000001,11.3,0.0,
R_101,RH_Vis_1,14.700000000000001,11.5,0.0,
R_101,RH_Vis_1,14.700000000000001,11.7,0.0,
R_101,RH_Vis_1,14.700000000000001,11.9,0.0,
R_101,RH_Vis_1,14.700000000000001,12.1,0.0,
R_101,RH_Vis_1,14.700000000000001,12.3,0.0,
R_101,RH_Vis_1,14.700000000000001,12.5,0.0,
R_101,RH_Vis_1,14.700000000000001,12.700000000000001,0.0,
R_101,RH_Vis_1,14.700000000000001,12.9,0.0,
R_101,RH_Vis_1,14.700000000000001,13.1,0.0,
R_101,RH_Vis_1,14.700000000000001,13.3,0.0,
R_101,RH_Vis_1,14.700000000000001,13.5,1.0,
R_101,RH_Vis_1,14.700000000000001,13.700000000000001,1.0,
R_101,RH_Vis_1,14.700000000000001,13.9,3.0,1.0178213718399662
R_101,RH_Vis_1,14.700000000000001,14.1,3.0,1.0178213718399662
R_101,RH_Vis_1,14.700000000000001,14.3,6.0,1.020560684862727
R_101,RH_Vis_1,14.700000000000001,14.5,6.0,1.020560684862727
R_101,RH_Vis_1,14.700000000000001,14.700000000000001,10.0,1.025709018949294
R_101,RH_Vis_1,14.700000000000001,14.9,10.0,1.025709018949294
R_101,RH_Vis_1,14.700000000000001,15.1,15.0,1.030112999682814
R_101,RH_Vis_1,14.700000000000001,15.3,14.0,1.0319202714841975
R_101,RH_Vis_1,14.700000000000001,15.5,19.0,1.037881865805445
R_101,RH_Vis_1,14.700000000000001,15.700000000000001,22.0,1.0503354436599948
R_101,RH_Vis_1,14.700000000000001,15.9,19.0,1.0546041982559693
R_101,RH_Vis_1,14.700000000000001,16.1,24.0,1.0667735613467249
R_101,RH_Vis_1,14.700000000000001,16.3,20.0,1.0734419696002406
R_101,RH_Vis_1,14.700000000000001,16.5,25.0,1.0872761302119158
R_101,RH_Vis_1,14.700000000000001,16.700000000000003,20.0,1.0993649224774311
R_101,RH_Vis_1,14.700000000000001,16.9,25.0,1.1080752861386949
R_101,RH_Vis_1,14.700000000000001,17.1,20.0,1.1214505251971336
R_101,RH_Vis_1,14.700000000000001,17.3,25.0,1.1316690596503007
R_101,RH_Vis_1,14.700000000000001,17.5,20.0,1.1427724629992322
R_101,RH_Vis_1,14.700000000000001,17.700000000000003,20.0,1.1427724629992322
R_101,RH_Vis_1,14.700000000000001,17.9,15.0,1.1526909036351112
R_101,RH_Vis_1,14.9,8.1,0.0,
R_101,RH_Vis_1,14.9,8.3,0.0,
R_101,RH_Vis_1,14.9,8.5,0.0,
R_101,RH_Vis_1,14.9,8.7,0.0,
R_101,RH_Vis_1,14.9,8.9,0.0,
R_101,RH_Vis_1,14.9,9.1,0.0,
R_101,RH_Vis_1,14.9,9.3,0.0,
R_101,RH_Vis_1,14.9,9.5,0.0,
R_101,RH_Vis_1,14.9,9.7,0.0,
R_101,RH_Vis_1,14.9,9.9,0.0,
R_101,RH_Vis_1,14.9,10.1,0.0,
R_101,RH_Vis_1,14.9,10.3,0.0,
R_101,RH_Vis_1,14.9,10.5,0.0,
R_101,RH_Vis_1,14.9,10.7,0.0,
R_101,RH_Vis_1,14.9,10.9,0.0,
R_101,RH_Vis_1,14.9,11.1,0.0,
R_101,RH_Vis_1,14.9,11.3,0.0,
R_101,RH_Vis_1,14.9,11.5,0.0,
R_101,RH_Vis_1,14.9,11.7,0.0,
R_101,RH_Vis_1,14.9,11.9,0.0,
R_101,RH_Vis_1,14.9,12.1,0.0,
R_101,RH_Vis_1,14.9,12.3,0.0,
R_101,RH_Vis_1,14.9,12.5,0.0,
R_101,RH_Vis_1,14.9,12.700000000000001,0.0,
R_101,RH_Vis_1,14.9,12.9,0.0,
R_101,RH_Vis_1,14.9,13.1,0.0,
R_101,RH_Vis_1,14.9,13.3,0.0,
R_101,RH_Vis_1,14.9,13.5,0.0,
R_101,RH_Vis_1,14.9,13.700000000000001,0.0,
R_101,RH_Vis_1,14.9,13.9,1.0,
R_101,RH_Vis_1,14.9,14.1,1.0,
R_101,RH_Vis_1,14.9,14.3,3.0,1.0152336484488425
R_101,RH_Vis_1,14.9,14.5,3.0,1.0152336484488425
R_101,RH_Vis_1,14.9,14.700000000000001,6.0,1.0211635822299614
R_101,RH_Vis_1,14.9,14.9,6.0,1.0211635822299614
R_101,RH_Vis_1,14.9,15.1,10.0,1.0246174231622411
R_101,RH_Vis_1,14.9,15.3,10.0,1.0246174231622411
R_101,RH_Vis_1,14.9,15.5,14.0,1.0318776700793435
R_101,RH_Vis_1,14.9,15.700000000000001,17.0,1.044794702400904
R_101,RH_Vis_1,14.9,15.9,15.0,1.0493012794977878
R_101,RH_Vis_1,14.9,16.1,19.0,1.0621049293832057
R_101,RH_Vis_1,14.9,16.3,16.0,1.0686695693904793
R_101,RH_Vis_1,14.9,16.5,20.0,1.0836930552512902
R_101,RH_Vis_1,14.9,16.700000000000003,16.0,1.0971667729239476
R_101,RH_Vis_1,14.9,16.9,20.0,1.1065214476004226
R_101,RH_Vis_1,14.9,17.1,16.0,1.1206447376575035
R_101,RH_Vis_1,14.9,17.3,20.0,1.1317233677210117
R_101,RH_Vis_1,14.9,17.5,16.0,1.1434709123573559
R_101,RH_Vis_1,14.9,17.700000000000003,16.0,1.1434709123573559
R_101,RH_Vis_1,14.9,17.9,12.0,1.1545883443253002
R_101,RH_Vis_1,15.1,8.1,0.0,
R_101,RH_Vis_1,15.1,8.3,0.0,
R_101,RH_Vis_1,15.1,8.5,0.0,
R_101,RH_Vis_1,15.1,8.7,0.0,
R_101,RH_Vis_1,15.1,8.9,0.0,
R_101,RH_Vis_1,15.1,9.1,0.0,
R_101,RH_Vis_1,15.1,9.3,0.0,
R_101,RH_Vis_1,15.1,9.5,0.0,
R_101,RH_Vis_1,15.1,9.7,0.0,
R_101,RH_Vis_1,15.1,9.9,0.0,
R_101,RH_Vis_1,15.1,10.1,0.0,
R_101,RH_Vis_1,15.1,10.3,0.0,
R_101,RH_Vis_1,15.1,10.5,0.0,
R_101,RH_Vis_1,15.1,10.7,0.0,
R_101,RH_Vis_1,15.1,10.9,0.0,
R_101,RH_Vis_1,15.1,11.1,0.0,
R_101,RH_Vis_1,15.1,11.3,0.0,
R_101,RH_Vis_1,15.1,11.5,0.0,
R_101,RH_Vis_1,15.1,11.7,0.0,
R_101,RH_Vis_1,15.1,11.9,0.0,
R_101,RH_Vis_1,15.1,12.1,0.0,
R_101,RH_Vis_1,15.1,12.3,0.0,
R_101,RH_Vis_1,15.1,12.5,0.0,
R_101,RH_Vis_1,15.1,12.700000000000001,0.0,
R_101,RH_Vis_1,15.1,12.9,0.0,
R_101,RH_Vis_1,15.1,13.1,0.0,
R_101,RH_Vis_1,15.1,13.3,0.0,
R_101,RH_Vis_1,15.1,13.5,0.0,
R_101,RH_Vis_1,15.1,13.700000000000001,0.0,
R_101,RH_Vis_1,15.1,13.9,1.0,
R_101,RH_Vis_1,15.1,14.1,1.0,
R_101,RH_Vis_1,15.1,14.3,3.0,1.0152336484488425
R_101,RH_Vis_1,15.1,14.5,3.0,1.0152336484488425
R_101,RH_Vis_1,15.1,14.700000000000001,6.0,1.0211635822299614
R_101,RH_Vis_1,15.1,14.9,6.0,1.0211635822299614
R_101,RH_Vis_1,15.1,15.1,10.0,1.0246174231622411
R_101,RH_Vis_1,15.1,15.3,10.0,1.0246174231622411
R_101,RH_Vis_1,15.1,15.5,15.0,1.0278653470819152
R_101,RH_Vis_1,15.1,15.700000000000001,19.0,1.0399207708528357
R_101,RH_Vis_1,15.1,15.9,17.0,1.0433237586973723
R_101,RH_Vis_1,15.1,16.1,22.0,1.0558715496601305
R_101,RH_Vis_1,15.1,16.3,19.0,1.0604154497099807
R_101,RH_Vis_1,15.1,16.5,24.0,1.076664007118348
R_101,RH_Vis_1,15.1,16.700000000000003,20.0,1.0860371716298853
R_101,RH_Vis_1,15.1,16.9,25.0,1.097174271292196
R_101,RH_Vis_1,15.1,17.1,20.0,1.1128775403849291
R_101,RH_Vis_1,15.1,17.3,25.0,1.1249728510109365
R_101,RH_Vis_1,15.1,17.5,20.0,1.1380048319150142
R_101,RH_Vis_1,15.1,17.700000000000003,20.0,1.1380048319150142
R_101,RH_Vis_1,15.1,17.9,15.0,1.151161762908849
R_101,RH_Vis_1,15.3,8.1,0.0,
R_101,RH_Vis_1,15.3,8.3,0.0,
R_101,RH_Vis_1,15.3,8.5,0.0,
R_101,RH_Vis_1,15.3,8.7,0.0,
R_101,RH_Vis_1,15.3,8.9,0.0,
R_101,RH_Vis_1,15.3,9.1,0.0,
R_101,RH_Vis_1,15.3,9.3,0.0,
R_101,RH_Vis_1,15.3,9.5,0.0,
R_101,RH_Vis_1,15.3,9.7,0.0,
R_101,RH_Vis_1,15.3,9.9,0.0,
R_101,RH_Vis_1,15.3,10.1,0.0,
R_101,RH_Vis_1,15.3,10.3,0.0,
R_101,RH_Vis_1,15.3,10.5,0.0,
R_101,RH_Vis_1,15.3,10.7,0.0,
R_101,RH_Vis_1,15.3,10.9,0.0,
R_101,RH_Vis_1,15.3,11.1,0.0,
R_101,RH_Vis_1,15.3,11.3,0.0,
R_101,RH_Vis_1,15.3,11.5,0.0,
R_101,RH_Vis_1,15.3,11.7,0.0,
R_101,RH_Vis_1,15.3,11.9,0.0,
R_101,RH_Vis_1,15.3,12.1,0.0,
R_101,RH_Vis_1,15.3,12.3,0.0,
R_101,RH_Vis_1,15.3,12.5,0.0,
R_101,RH_Vis_1,15.3,12.700000000000001,0.0,
R_101,RH_Vis_1,15.3,12.9,0.0,
R_101,RH_Vis_1,15.3,13.1,0.0,
R_101,RH_Vis_1,15.3,13.3,0.0,
R_101,RH_Vis_1,15.3,13.5,0.0,
R_101,RH_Vis_1,15.3,13.700000000000001,0.0,
R_101,RH_Vis_1,15.3,13.9,0.0,
R_101,RH_Vis_1,15.3,14.1,0.0,
R_101,RH_Vis_1,15.3,14.3,1.0,
R_101,RH_Vis_1,15.3,14.5,1.0,
R_101,RH_Vis_1,15.3,14.700000000000001,3.0,1.0070481970748024
R_101,RH_Vis_1,15.3,14.9,3.0,1.0070481970748024
R_101,RH_Vis_1,15.3,15.1,6.0,1.0120711223861598
R_101,RH_Vis_1,15.3,15.3,6.0,1.0120711223861598
R_101,RH_Vis_1,15.3,15.5,10.0,1.0145480847075619
R_101,RH_Vis_1,15.3,15.700000000000001,14.0,1.0287744937254142
R_101,RH_Vis_1,15.3,15.9,13.0,1.0322531769128462
R_101,RH_Vis_1,15.3,16.1,17.0,1.045449308572307
R_101,RH_Vis_1,15.3,16.3,15.0,1.0490030177862404
R_101,RH_Vis_1,15.3,16.5,19.0,1.0669261987865863
R_101,RH_Vis_1,15.3,16.700000000000003,16.0,1.0762697271157868
R_101,RH_Vis_1,15.3,16.9,20.0,1.0888143759102271
R_101,RH_Vis_1,15.3,17.1,16.0,1.1064520878403679
R_101,RH_Vis_1,15.3,17.3,20.0,1.1194782440431184
R_101,RH_Vis_1,15.3,17.5,16.0,1.1332626759863869
R_101,RH_Vis_1,15.3,17.700000000000003,16.0,1.1332626759863869
R_101,RH_Vis_1,15.3,17.9,12.0,1.1482379891599979
R_101,RH_Vis_1,15.5,8.1,0.0,
R_101,RH_Vis_1,15.5,8.3,0.0,
R_101,RH_Vis_1,15.5,8.5,0.0,
R_101,RH_Vis_1,15.5,8.7,0.0,
R_101,RH_Vis_1,15.5,8.9,0.0,
R_101,RH_Vis_1,15.5,9.1,0.0,
R_101,RH_Vis_1,15.5,9.3,0.0,
R_101,RH_Vis_1,15.5,9.5,0.0,
R_101,RH_Vis_1,15.5,9.7,0.0,
R_101,RH_Vis_1,15.5,9.9,0.0,
R_101,RH_Vis_1,15.5,10.1,0.0,
R_101,RH_Vis_1,15.5,10.3,0.0,
R_101,RH_Vis_1,15.5,10.5,0.0,
R_101,RH_Vis_1,15.5,10.7,0.0,
R_101,RH_Vis_1,15.5,10.9,0.0,
R_101,RH_Vis_1,15.5,11.1,0.0,
R_101,RH_Vis_1,15.5,11.3,0.0,
R_101,RH_Vis_1,15.5,11.5,0.0,
R_101,RH_Vis_1,15.5,11.7,0.0,
R_101,RH_Vis_1,15.5,11.9,0.0,
R_101,RH_Vis_1,15.5,12.1,0.0,
R_101,RH_Vis_1,15.5,12.3,0.0,
R_101,RH_Vis_1,15.5,12.5,0.0,
R_101,RH_Vis_1,15.5,12.700000000000001,0.0,
R_101,RH_Vis_1,15.5,12.9,0.0,
R_101,RH_Vis_1,15.5,13.1,0.0,
R_101,RH_Vis_1,15.5,13.3,0.0,
R_101,RH_Vis_1,15.5,13.5,0.0,
R_101,RH_Vis_1,15.5,13.700000000000001,0.0,
R_101,RH_Vis_1,15.5,13.9,0.0,
R_101,RH_Vis_1,15.5,14.1,0.0,
R_101,RH_Vis_1,15.5,14.3,1.0,
R_101,RH_Vis_1,15.5,14.5,1.0,
R_101,RH_Vis_1,15.5,14.700000000000001,3.0,1.0070481970748024
R_101,RH_Vis_1,15.5,14.9,3.0,1.0070481970748024
R_101,RH_Vis_1,15.5,15.1,6.0,1.0120711223861598
R_101,RH_Vis_1,15.5,15.3,6.0,1.0120711223861598
R_101,RH_Vis_1,15.5,15.5,10.0,1.0145480847075619
R_101,RH_Vis_1,15.5,15.700000000000001,15.0,1.0270754768549963
R_101,RH_Vis_1,15.5,15.9,14.0,1.0301843243240107
R_101,RH_Vis_1,15.5,16.1,19.0,1.0422010708630853
R_101,RH_Vis_1,15.5,16.3,17.0,1.0449545510272358
R_101,RH_Vis_1,15.5,16.5,22.0,1.0630163270522932
R_101,RH_Vis_1,15.5,16.700000000000003,19.0,1.0702672132662052
R_101,RH_Vis_1,15.5,16.9,24.0,1.0829871995275353
R_101,RH_Vis_1,15.5,17.1,20.0,1.0959319337951094
R_101,RH_Vis_1,15.5,17.3,25.0,1.1097731990455615
R_101,RH_Vis_1,15.5,17.5,20.0,1.1241839335194854
R_101,RH_Vis_1,15.5,17.700000000000003,20.0,1.1241839335194854
R_101,RH_Vis_1,15.5,17.9,15.0,1.140295924301816
R_101,RH_Vis_1,15.700000000000001,8.1,0.0,
R_101,RH_Vis_1,15.700000000000001,8.3,0.0,
R_101,RH_Vis_1,15.700000000000001,8.5,0.0,
R_101,RH_Vis_1,15.700000000000001,8.7,0.0,
R_101,RH_Vis_1,15.700000000000001,8.9,0.0,
R_101,RH_Vis_1,15.700000000000001,9.1,0.0,
R_101,RH_Vis_1,15.700000000000001,9.3,0.0,
R_101,RH_Vis_1,15.700000000000001,9.5,0.0,
R_101,RH_Vis_1,15.700000000000001,9.7,0.0,
R_101,RH_Vis_1,15.700000000000001,9.9,0.0,
R_101,RH_Vis_1,15.700000000000001,10.1,0.0,
R_101,RH_Vis_1,15.700000000000001,10.3,0.0,
R_101,RH_Vis_1,15.700000000000001,10.5,0.0,
R_101,RH_Vis_1,15.700000000000001,10.7,0.0,
R_101,RH_Vis_1,15.700000000000001,10.9,0.0,
R_101,RH_Vis_1,15.700000000000001,11.1,0.0,
R_101,RH_Vis_1,15.700000000000001,11.3,0.0,
R_101,RH_Vis_1,15.700000000000001,11.5,0.0,
R_101,RH_Vis_1,15.700000000000001,11.7,0.0,
R_101,RH_Vis_1,15.700000000000001,11.9,0.0,
R_101,RH_Vis_1,15.700000000000001,12.1,0.0,
R_101,RH_Vis_1,15.700000000000001,12.3,0.0,
R_101,RH_Vis_1,15.700000000000001,12.5,0.0,
R_101,RH_Vis_1,15.700000000000001,12.700000000000001,0.0,
R_101,RH_Vis_1,15.700000000000001,12.9,0.0,
R_101,RH_Vis_1,15.700000000000001,13.1,0.0,
R_101,RH_Vis_1,15.700000000000001,13.3,0.0,
R_101,RH_Vis_1,15.700000000000001,13.5,0.0,
R_101,RH_Vis_1,15.700000000000001,13.700000000000001,0.0,
R_101,RH_Vis_1,15.700000000000001,13.9,0.0,
R_101,RH_Vis_1,15.700000000000001,14.1,0.0,
R_101,RH_Vis_1,15.700000000000001,14.3,0.0,
R_101,RH_Vis_1,15.700000000000001,14.5,0.0,
R_101,RH_Vis_1,15.700000000000001,14.700000000000001,1.0,
R_101,RH_Vis_1,15.700000000000001,14.9,1.0,
R_101,RH_Vis_1,15.700000000000001,15.1,3.0,1.0044209279502228
R_101,RH_Vis_1,15.700000000000001,15.3,3.0,1.0044209279502228
R_101,RH_Vis_1,15.700000000000001,15.5,6.0,1.0064192051998662
R_101,RH_Vis_1,15.700000000000001,15.700000000000001,10.0,1.0201703169321625
R_101,RH_Vis_1,15.700000000000001,15.9,10.0,1.0201703169321625
R_101,RH_Vis_1,15.700000000000001,16.1,15.0,1.030833708332616
R_101,RH_Vis_1,15.700000000000001,16.3,14.0,1.032442039744168
R_101,RH_Vis_1,15.700000000000001,16.5,19.0,1.0499997212632928
R_101,RH_Vis_1,15.700000000000001,16.700000000000003,17.0,1.0555911169836931
R_101,RH_Vis_1,15.700000000000001,16.9,22.0,1.0692674860658606
R_101,RH_Vis_1,15.700000000000001,17.1,19.0,1.0788753813737055
R_101,RH_Vis_1,15.700000000000001,17.3,24.0,1.0942249716001167
R_101,RH_Vis_1,15.700000000000001,17.5,20.0,1.1049105690140189
R_101,RH_Vis_1,15.700000000000001,17.700000000000003,20.0,1.1049105690140189
R_101,RH_Vis_1,15.700000000000001,17.9,15.0,1.1224939283075173
R_101,RH_Vis_1,15.9,8.1,0.0,
R_101,RH_Vis_1,15.9,8.3,0.0,
R_101,RH_Vis_1,15.9,8.5,0.0,
R_101,RH_Vis_1,15.9,8.7,0.0,
R_101,RH_Vis_1,15.9,8.9,0.0,
R_101,RH_Vis_1,15.9,9.1,0.0,
R_101,RH_Vis_1,15.9,9.3,0.0,
R_101,RH_Vis_1,15.9,9.5,0.0,
R_101,RH_Vis_1,15.9,9.7,0.0,
R_101,RH_Vis_1,15.9,9.9,0.0,
R_101,RH_Vis_1,15.9,10.1,0.0,
R_101,RH_Vis_1,15.9,10.3,0.0,
R_101,RH_Vis_1,15.9,10.5,0.0,
R_101,RH_Vis_1,15.9,10.7,0.0,
R_101,RH_Vis_1,15.9,10.9,0.0,
R_101,RH_Vis_1,15.9,11.1,0.0,
R_101,RH_Vis_1,15.9,11.3,0.0,
R_101,RH_Vis_1,15.9,11.5,0.0,
R_101,RH_Vis_1,15.9,11.7,0.0,
R_101,RH_Vis_1,15.9,11.9,0.0,
R_101,RH_Vis_1,15.9,12.1,0.0,
R_101,RH_Vis_1,15.9,12.3,0.0,
R_101,RH_Vis_1,15.9,12.5,0.0,
R_101,RH_Vis_1,15.9,12.700000000000001,0.0,
R_101,RH_Vis_1,15.9,12.9,0.0,
R_101,RH_Vis_1,15.9,13.1,0.0,
R_101,RH_Vis_1,15.9,13.3,0.0,
R_101,RH_Vis_1,15.9,13.5,0.0,
R_101,RH_Vis_1,15.9,13.700000000000001,0.0,
R_101,RH_Vis_1,15.9,13.9,0.0,
R_101,RH_Vis_1,15.9,14.1,0.0,
R_101,RH_Vis_1,15.9,14.3,0.0,
R_101,RH_Vis_1,15.9,14.5,0.0,
R_101,RH_Vis_1,15.9,14.700000000000001,0.0,
R_101,RH_Vis_1,15.9,14.9,0.0,
R_101,RH_Vis_1,15.9,15.1,1.0,
R_101,RH_Vis_1,15.9,15.3,1.0,
R_101,RH_Vis_1,15.9,15.5,3.0,0.9837654231254188
R_101,RH_Vis_1,15.9,15.700000000000001,6.0,1.0054060989594025
R_101,RH_Vis_1,15.9,15.9,6.0,1.0054060989594025
R_101,RH_Vis_1,15.9,16.1,10.0,1.0188224926060947
R_101,RH_Vis_1,15.9,16.3,10.0,1.0188224926060947
R_101,RH_Vis_1,15.9,16.5,14.0,1.0378370113796993
R_101,RH_Vis_1,15.9,16.700000000000003,13.0,1.0424427522309314
R_101,RH_Vis_1,15.9,16.9,17.0,1.0574166754558914
R_101,RH_Vis_1,15.9,17.1,15.0,1.066849972912505
R_101,RH_Vis_1,15.9,17.3,19.0,1.0831476077369688
R_101,RH_Vis_1,15.9,17.5,16.0,1.0936665139138908
R_101,RH_Vis_1,15.9,17.700000000000003,16.0,1.0936665139138908
R_101,RH_Vis_1,15.9,17.9,12.0,1.1119063241931435
R_101,RH_Vis_1,16.1,8.1,0.0,
R_101,RH_Vis_1,16.1,8.3,0.0,
R_101,RH_Vis_1,16.1,8.5,0.0,
R_101,RH_Vis_1,16.1,8.7,0.0,
R_101,RH_Vis_1,16.1,8.9,0.0,
R_101,RH_Vis_1,16.1,9.1,0.0,
R_101,RH_Vis_1,16.1,9.3,0.0,
R_101,RH_Vis_1,16.1,9.5,0.0,
R_101,RH_Vis_1,16.1,9.7,0.0,
R_101,RH_Vis_1,16.1,9.9,0.0,
R_101,RH_Vis_1,16.1,10.1,0.0,
R_101,RH_Vis_1,16.1,10.3,0.0,
R_101,RH_Vis_1,16.1,10.5,0.0,
R_101,RH_Vis_1,16.1,10.7,0.0,
R_101,RH_Vis_1,16.1,10.9,0.0,
R_101,RH_Vis_1,16.1,11.1,0.0,
R_101,RH_Vis_1,16.1,11.3,0.0,
R_101,RH_Vis_1,16.1,11.5,0.0,
R_101,RH_Vis_1,16.1,11.7,0.0,
R_101,RH_Vis_1,16.1,11.9,0.0,
R_101,RH_Vis_1,16.1,12.1,0.0,
R_101,RH_Vis_1,16.1,12.3,0.0,
R_101,RH_Vis_1,16.1,12.5,0.0,
R_101,RH_Vis_1,16.1,12.700000000000001,0.0,
R_101,RH_Vis_1,16.1,12.9,0.0,
R_101,RH_Vis_1,16.1,13.1,0.0,
R_101,RH_Vis_1,16.1,13.3,0.0,
R_101,RH_Vis_1,16.1,13.5,0.0,
R_101,RH_Vis_1,16.1,13.700000000000001,0.0,
R_101,RH_Vis_1,16.1,13.9,0.0,
R_101,RH_Vis_1,16.1,14.1,0.0,
R_101,RH_Vis_1,16.1,14.3,0.0,
R_101,RH_Vis_1,16.1,14.5,0.0,
R_101,RH_Vis_1,16.1,14.700000000000001,0.0,
R_101,RH_Vis_1,16.1,14.9,0.0,
R_101,RH_Vis_1,16.1,15.1,1.0,
R_101,RH_Vis_1,16.1,15.3,1.0,
R_101,RH_Vis_1,16.1,15.5,3.0,0.9837654231254188
R_101,RH_Vis_1,16.1,15.700000000000001,6.0,1.0054060989594025
R_101,RH_Vis_1,16.1,15.9,6.0,1.0054060989594025
R_101,RH_Vis_1,16.1,16.1,10.0,1.0188224926060947
R_101,RH_Vis_1,16.1,16.3,10.0,1.0188224926060947
R_101,RH_Vis_1,16.1,16.5,15.0,1.0348881580983533
R_101,RH_Vis_1,16.1,16.700000000000003,14.0,1.0389542850829725
R_101,RH_Vis_1,16.1,16.9,19.0,1.0511434009382699
R_101,RH_Vis_1,16.1,17.1,17.0,1.0587288663979146
R_101,RH_Vis_1,16.1,17.3,22.0,1.0749130685987331
R_101,RH_Vis_1,16.1,17.5,19.0,1.0824709044627354
R_101,RH_Vis_1,16.1,17.700000000000003,19.0,1.0824709044627354
R_101,RH_Vis_1,16.1,17.9,15.0,1.094077256832496
R_101,RH_Vis_1,16.3,8.1,0.0,
R_101,RH_Vis_1,16.3,8.3,0.0,
R_101,RH_Vis_1,16.3,8.5,0.0,
R_101,RH_Vis_1,16.3,8.7,0.0,
R_101,RH_Vis_1,16.3,8.9,0.0,
R_101,RH_Vis_1,16.3,9.1,0.0,
R_101,RH_Vis_1,16.3,9.3,0.0,
R_101,RH_Vis_1,16.3,9.5,0.0,
R_101,RH_Vis_1,16.3,9.7,0.0,
R_101,RH_Vis_1,16.3,9.9,0.0,
R_101,RH_Vis_1,16.3,10.1,0.0,
R_101,RH_Vis_1,16.3,10.3,0.0,
R_101,RH_Vis_1,16.3,10.5,0.0,
R_101,RH_Vis_1,16.3,10.7,0.0,
R_101,RH_Vis_1,16.3,10.9,0.0,
R_101,RH_Vis_1,16.3,11.1,0.0,
R_101,RH_Vis_1,16.3,11.3,0.0,
R_101,RH_Vis_1,16.3,11.5,0.0,
R_101,RH_Vis_1,16.3,11.7,0.0,
R_101,RH_Vis_1,16.3,11.9,0.0,
R_101,RH_Vis_1,16.3,12.1,0.0,
R_101,RH_Vis_1,16.3,12.3,0.0,
R_101,RH_Vis_1,16.3,12.5,0.0,
R_101,RH_Vis_1,16.3,12.700000000000001,0.0,
R_101,RH_Vis_1,16.3,12.9,0.0,
R_101,RH_Vis_1,16.3,13.1,0.0,
R_101,RH_Vis_1,16.3,13.3,0.0,
R_101,RH_Vis_1,16.3,13.5,0.0,
R_101,RH_Vis_1,16.3,13.700000000000001,0.0,
R_101,RH_Vis_1,16.3,13.9,0.0,
R_101,RH_Vis_1,16.3,14.1,0.0,
R_101,RH_Vis_1,16.3,14.3,0.0,
R_101,RH_Vis_1,16.3,14.5,0.0,
R_101,RH_Vis_1,16.3,14.700000000000001,0.0,
R_101,RH_Vis_1,16.3,14.9,0.0,
R_101,RH_Vis_1,16.3,15.1,0.0,
R_101,RH_Vis_1,16.3,15.3,0.0,
R_101,RH_Vis_1,16.3,15.5,1.0,
R_101,RH_Vis_1,16.3,15.700000000000001,3.0,1.0000913153525521
R_101,RH_Vis_1,16.3,15.9,3.0,1.0000913153525521
R_101,RH_Vis_1,16.3,16.1,6.0,1.0119008819654263
R_101,RH_Vis_1,16.3,16.3,6.0,1.0119008819654263
R_101,RH_Vis_1,16.3,16.5,10.0,1.0294941888080562
R_101,RH_Vis_1,16.3,16.700000000000003,10.0,1.0294941888080562
R_101,RH_Vis_1,16.3,16.9,14.0,1.0426178443818885
R_101,RH_Vis_1,16.3,17.1,13.0,1.0480736150945016
R_101,RH_Vis_1,16.3,17.3,17.0,1.0652742204802215
R_101,RH_Vis_1,16.3,17.5,15.0,1.0720720418149354
R_101,RH_Vis_1,16.3,17.700000000000003,15.0,1.0720720418149354
R_101,RH_Vis_1,16.3,17.9,12.0,1.084162440124094
R_101,RH_Vis_1,16.5,8.1,0.0,
R_101,RH_Vis_1,16.5,8.3,0.0,
R_101,RH_Vis_1,16.5,8.5,0.0,
R_101,RH_Vis_1,16.5,8.7,0.0,
R_101,RH_Vis_1,16.5,8.9,0.0,
R_101,RH_Vis_1,16.5,9.1,0.0,
R_101,RH_Vis_1,16.5,9.3,0.0,
R_101,RH_Vis_1,16.5,9.5,0.0,
R_101,RH_Vis_1,16.5,9.7,0.0,
R_101,RH_Vis_1,16.5,9.9,0.0,
R_101,RH_Vis_1,16.5,10.1,0.0,
R_101,RH_Vis_1,16.5,10.3,0.0,
R_101,RH_Vis_1,16.5,10.5,0.0,
R_101,RH_Vis_1,16.5,10.7,0.0,
R_101,RH_Vis_1,16.5,10.9,0.0,
R_101,RH_Vis_1,16.5,11.1,0.0,
R_101,RH_Vis_1,16.5,11.3,0.0,
R_101,RH_Vis_1,16.5,11.5,0.0,
R_101,RH_Vis_1,16.5,11.7,0.0,
R_101,RH_Vis_1,16.5,11.9,0.0,
R_101,RH_Vis_1,16.5,12.1,0.0,
R_101,RH_Vis_1,16.5,12.3,0.0,
R_101,RH_Vis_1,16.5,12.5,0.0,
R_101,RH_Vis_1,16.5,12.700000000000001,0.0,
R_101,RH_Vis_1,16.5,12.9,0.0,
R_101,RH_Vis_1,16.5,13.1,0.0,
R_101,RH_Vis_1,16.5,13.3,0.0,
R_101,RH_Vis_1,16.5,13.5,0.0,
R_101,RH_Vis_1,16.5,13.700000000000001,0.0,
R_101,RH_Vis_1,16.5,13.9,0.0,
R_101,RH_Vis_1,16.5,14.1,0.0,
R_101,RH_Vis_1,16.5,14.3,0.0,
R_101,RH_Vis_1,16.5,14.5,0.0,
R_101,RH_Vis_1,16.5,14.700000000000001,0.0,
R_101,RH_Vis_1,16.5,14.9,0.0,
R_101,RH_Vis_1,16.5,15.1,0.0,
R_101,RH_Vis_1,16.5,15.3,0.0,
R_101,RH_Vis_1,16.5,15.5,1.0,
R_101,RH_Vis_1,16.5,15.700000000000001,3.0,1.0000913153525521
R_101,RH_Vis_1,16.5,15.9,3.0,1.0000913153525521
R_101,RH_Vis_1,16.5,16.1,6.0,1.0119008819654263
R_101,RH_Vis_1,16.5,16.3,6.0,1.0119008819654263
R_101,RH_Vis_1,16.5,16.5,10.0,1.0294941888080562
R_101,RH_Vis_1,16.5,16.700000000000003,10.0,1.0294941888080562
R_101,RH_Vis_1,16.5,16.9,15.0,1.0373856432168522
R_101,RH_Vis_1,16.5,17.1,14.0,1.042077987366776
R_101,RH_Vis_1,16.5,17.3,19.0,1.0568067459904729
R_101,RH_Vis_1,16.5,17.5,17.0,1.0618086501693673
R_101,RH_Vis_1,16.5,17.700000000000003,17.0,1.0618086501693673
R_101,RH_Vis_1,16.5,17.9,14.0,1.0699725505103106
R_101,RH_Vis_1,16.700000000000003,8.1,0.0,
R_101,RH_Vis_1,16.700000000000003,8.3,0.0,
R_101,RH_Vis_1,16.700000000000003,8.5,0.0,
R_101,RH_Vis_1,16.700000000000003,8.7,0.0,
R_101,RH_Vis_1,16.700000000000003,8.9,0.0,
R_101,RH_Vis_1,16.700000000000003,9.1,0.0,
R_101,RH_Vis_1,16.700000000000003,9.3,0.0,
R_101,RH_Vis_1,16.700000000000003,9.5,0.0,
R_101,RH_Vis_1,16.700000000000003,9.7,0.0,
R_101,RH_Vis_1,16.700000000000003,9.9,0.0,
R_101,RH_Vis_1,16.700000000000003,10.1,0.0,
R_101,RH_Vis_1,16.700000000000003,10.3,0.0,
R_101,RH_Vis_1,16.700000000000003,10.5,0.0,
R_101,RH_Vis_1,16.700000000000003,10.7,0.0,
R_101,RH_Vis_1,16.700000000000003,10.9,0.0,
R_101,RH_Vis_1,16.700000000000003,11.1,0.0,
R_101,RH_Vis_1,16.700000000000003,11.3,0.0,
R_101,RH_Vis_1,16.700000000000003,11.5,0.0,
R_101,RH_Vis_1,16.700000000000003,11.7,0.0,
R_101,RH_Vis_1,16.700000000000003,11.9,0.0,
R_101,RH_Vis_1,16.700000000000003,12.1,0.0,
R_101,RH_Vis_1,16.700000000000003,12.3,0.0,
R_101,RH_Vis_1,16.700000000000003,12.5,0.0,
R_101,RH_Vis_1,16.700000000000003,12.700000000000001,0.0,
R_101,RH_Vis_1,16.700000000000003,12.9,0.0,
R_101,RH_Vis_1,16.700000000000003,13.1,0.0,
R_101,RH_Vis_1,16.700000000000003,13.3,0.0,
R_101,RH_Vis_1,16.700000000000003,13.5,0.0,
R_101,RH_Vis_1,16.700000000000003,13.700000000000001,0.0,
R_101,RH_Vis_1,16.700000000000003,13.9,0.0,
R_101,RH_Vis_1,16.700000000000003,14.1,0.0,
R_101,RH_Vis_1,16.700000000000003,14.3,0.0,
R_101,RH_Vis_1,16.700000000000003,14.5,0.0,
R_101,RH_Vis_1,16.700000000000003,14.700000000000001,0.0,
R_101,RH_Vis_1,16.700000000000003,14.9,0.0,
R_101,RH_Vis_1,16.700000000000003,15.1,0.0,
R_101,RH_Vis_1,16.700000000000003,15.3,0.0,
R_101,RH_Vis_1,16.700000000000003,15.5,0.0,
R_101,RH_Vis_1,16.700000000000003,15.700000000000001,1.0,
R_101,RH_Vis_1,16.700000000000003,15.9,1.0,
R_101,RH_Vis_1,16.700000000000003,16.1,3.0,1.0074082858501976
R_101,RH_Vis_1,16.700000000000003,16.3,3.0,1.0074082858501976
R_101,RH_Vis_1,16.700000000000003,16.5,6.0,1.021477803711002
R_101,RH_Vis_1,16.700000000000003,16.700000000000003,6.0,1.021477803711002
R_101,RH_Vis_1,16.700000000000003,16.9,10.0,1.0261856817956336
R_101,RH_Vis_1,16.700000000000003,17.1,10.0,1.0261856817956336
R_101,RH_Vis_1,16.700000000000003,17.3,14.0,1.0421053037832717
R_101,RH_Vis_1,16.700000000000003,17.5,13.0,1.0450911547920505
R_101,RH_Vis_1,16.700000000000003,17.700000000000003,13.0,1.0450911547920505
R_101,RH_Vis_1,16.700000000000003,17.9,11.0,1.0515681268559285
R_101,RH_Vis_1,16.9,8.1,0.0,
R_101,RH_Vis_1,16.9,8.3,0.0,
R_101,RH_Vis_1,16.9,8.5,0.0,
R_101,RH_Vis_1,16.9,8.7,0.0,
R_101,RH_Vis_1,16.9,8.9,0.0,
R_101,RH_Vis_1,16.9,9.1,0.0,
R_101,RH_Vis_1,16.9,9.3,0.0,
R_101,RH_Vis_1,16.9,9.5,0.0,
R_101,RH_Vis_1,16.9,9.7,0.0,
R_101,RH_Vis_1,16.9,9.9,0.0,
R_101,RH_Vis_1,16.9,10.1,0.0,
R_101,RH_Vis_1,16.9,10.3,0.0,
R_101,RH_Vis_1,16.9,10.5,0.0,
R_101,RH_Vis_1,16.9,10.7,0.0,
R_101,RH_Vis_1,16.9,10.9,0.0,
R_101,RH_Vis_1,16.9,11.1,0.0,
R_101,RH_Vis_1,16.9,11.3,0.0,
R_101,RH_Vis_1,16.9,11.5,0.0,
R_101,RH_Vis_1,16.9,11.7,0.0,
R_101,RH_Vis_1,16.9,11.9,0.0,
R_101,RH_Vis_1,16.9,12.1,0.0,
R_101,RH_Vis_1,16.9,12.3,0.0,
R_101,RH_Vis_1,16.9,12.5,0.0,
R_101,RH_Vis_1,16.9,12.700000000000001,0.0,
R_101,RH_Vis_1,16.9,12.9,0.0,
R_101,RH_Vis_1,16.9,13.1,0.0,
R_101,RH_Vis_1,16.9,13.3,0.0,
R_101,RH_Vis_1,16.9,13.5,0.0,
R_101,RH_Vis_1,16.9,13.700000000000001,0.0,
R_101,RH_Vis_1,16.9,13.9,0.0,
R_101,RH_Vis_1,16.9,14.1,0.0,
R_101,RH_Vis_1,16.9,14.3,0.0,
R_101,RH_Vis_1,16.9,14.5,0.0,
R_101,RH_Vis_1,16.9,14.700000000000001,0.0,
R_101,RH_Vis_1,16.9,14.9,0.0,
R_101,RH_Vis_1,16.9,15.1,0.0,
R_101,RH_Vis_1,16.9,15.3,0.0,
R_101,RH_Vis_1,16.9,15.5,0.0,
R_101,RH_Vis_1,16.9,15.700000000000001,1.0,
R_101,RH_Vis_1,16.9,15.9,1.0,
R_101,RH_Vis_1,16.9,16.1,3.0,1.0074082858501976
R_101,RH_Vis_1,16.9,16.3,3.0,1.0074082858501976
R_101,RH_Vis_1,16.9,16.5,6.0,1.021477803711002
R_101,RH_Vis_1,16.9,16.700000000000003,6.0,1.021477803711002
R_101,RH_Vis_1,16.9,16.9,10.0,1.0261856817956336
R_101,RH_Vis_1,16.9,17.1,10.0,1.0261856817956336
R_101,RH_Vis_1,16.9,17.3,15.0,1.0388771744291931
R_101,RH_Vis_1,16.9,17.5,14.0,1.0414191696977677
R_101,RH_Vis_1,16.9,17.700000000000003,14.0,1.0414191696977677
R_101,RH_Vis_1,16.9,17.9,12.0,1.0467443965739422
R_101,RH_Vis_1,17.1,8.1,0.0,
R_101,RH_Vis_1,17.1,8.3,0.0,
R_101,RH_Vis_1,17.1,8.5,0.0,
R_101,RH_Vis_1,17.1,8.7,0.0,
R_101,RH_Vis_1,17.1,8.9,0.0,
R_101,RH_Vis_1,17.1,9.1,0.0,
R_101,RH_Vis_1,17.1,9.3,0.0,
R_101,RH_Vis_1,17.1,9.5,0.0,
R_101,RH_Vis_1,17.1,9.7,0.0,
R_101,RH_Vis_1,17.1,9.9,0.0,
R_101,RH_Vis_1,17.1,10.1,0.0,
R_101,RH_Vis_1,17.1,10.3,0.0,
R_101,RH_Vis_1,17.1,10.5,0.0,
R_101,RH_Vis_1,17.1,10.7,0.0,
R_101,RH_Vis_1,17.1,10.9,0.0,
R_101,RH_Vis_1,17.1,11.1,0.0,
R_101,RH_Vis_1,17.1,11.3,0.0,
R_101,RH_Vis_1,17.1,11.5,0.0,
R_101,RH_Vis_1,17.1,11.7,0.0,
R_101,RH_Vis_1,17.1,11.9,0.0,
R_101,RH_Vis_1,17.1,12.1,0.0,
R_101,RH_Vis_1,17.1,12.3,0.0,
R_101,RH_Vis_1,17.1,12.5,0.0,
R_101,RH_Vis_1,17.1,12.700000000000001,0.0,
R_101,RH_Vis_1,17.1,12.9,0.0,
R_101,RH_Vis_1,17.1,13.1,0.0,
R_101,RH_Vis_1,17.1,13.3,0.0,
R_101,RH_Vis_1,17.1,13.5,0.0,
R_101,RH_Vis_1,17.1,13.700000000000001,0.0,
R_101,RH_Vis_1,17.1,13.9,0.0,
R_101,RH_Vis_1,17.1,14.1,0.0,
R_101,RH_Vis_1,17.1,14.3,0.0,
R_101,RH_Vis_1,17.1,14.5,0.0,
R_101,RH_Vis_1,17.1,14.700000000000001,0.0,
R_101,RH_Vis_1,17.1,14.9,0.0,
R_101,RH_Vis_1,17.1,15.1,0.0,
R_101,RH_Vis_1,17.1,15.3,0.0,
R_101,RH_Vis_1,17.1,15.5,0.0,
R_101,RH_Vis_1,17.1,15.700000000000001,0.0,
R_101,RH_Vis_1,17.1,15.9,0.0,
R_101,RH_Vis_1,17.1,16.1,1.0,
R_101,RH_Vis_1,17.1,16.3,1.0,
R_101,RH_Vis_1,17.1,16.5,3.0,1.004701801353567
R_101,RH_Vis_1,17.1,16.700000000000003,3.0,1.004701801353567
R_101,RH_Vis_1,17.1,16.9,6.0,1.0077419245833383
R_101,RH_Vis_1,17.1,17.1,6.0,1.0077419245833383
R_101,RH_Vis_1,17.1,17.3,10.0,1.0228392521161231
R_101,RH_Vis_1,17.1,17.5,10.0,1.0228392521161231
R_101,RH_Vis_1,17.1,17.700000000000003,10.0,1.0228392521161231
R_101,RH_Vis_1,17.1,17.9,9.0,1.0261499738088933
R_101,RH_Vis_1,17.3,8.1,0.0,
R_101,RH_Vis_1,17.3,8.3,0.0,
R_101,RH_Vis_1,17.3,8.5,0.0,
R_101,RH_Vis_1,17.3,8.7,0.0,
R_101,RH_Vis_1,17.3,8.9,0.0,
R_101,RH_Vis_1,17.3,9.1,0.0,
R_101,RH_Vis_1,17.3,9.3,0.0,
R_101,RH_Vis_1,17.3,9.5,0.0,
R_101,RH_Vis_1,17.3,9.7,0.0,
R_101,RH_Vis_1,17.3,9.9,0.0,
R_101,RH_Vis_1,17.3,10.1,0.0,
R_101,RH_Vis_1,17.3,10.3,0.0,
R_101,RH_Vis_1,17.3,10.5,0.0,
R_101,RH_Vis_1,17.3,10.7,0.0,
R_101,RH_Vis_1,17.3,10.9,0.0,
R_101,RH_Vis_1,17.3,11.1,0.0,
R_101,RH_Vis_1,17.3,11.3,0.0,
R_101,RH_Vis_1,17.3,11.5,0.0,
R_101,RH_Vis_1,17.3,11.7,0.0,
R_101,RH_Vis_1,17.3,11.9,0.0,
R_101,RH_Vis_1,17.3,12.1,0.0,
R_101,RH_Vis_1,17.3,12.3,0.0,
R_101,RH_Vis_1,17.3,12.5,0.0,
R_101,RH_Vis_1,17.3,12.700000000000001,0.0,
R_101,RH_Vis_1,17.3,12.9,0.0,
R_101,RH_Vis_1,17.3,13.1,0.0,
R_101,RH_Vis_1,17.3,13.3,0.0,
R_101,RH_Vis_1,17.3,13.5,0.0,
R_101,RH_Vis_1,17.3,13.700000000000001,0.0,
R_101,RH_Vis_1,17.3,13.9,0.0,
R_101,RH_Vis_1,17.3,14.1,0.0,
R_101,RH_Vis_1,17.3,14.3,0.0,
R_101,RH_Vis_1,17.3,14.5,0.0,
R_101,RH_Vis_1,17.3,14.700000000000001,0.0,
R_101,RH_Vis_1,17.3,14.9,0.0,
R_101,RH_Vis_1,17.3,15.1,0.0,
R_101,RH_Vis_1,17.3,15.3,0.0,
R_101,RH_Vis_1,17.3,15.5,0.0,
R_101,RH_Vis_1,17.3,15.700000000000001,0.0,
R_101,RH_Vis_1,17.3,15.9,0.0,
R_101,RH_Vis_1,17.3,16.1,1.0,
R_101,RH_Vis_1,17.3,16.3,1.0,
R_101,RH_Vis_1,17.3,16.5,3.0,1.004701801353567
R_101,RH_Vis_1,17.3,16.700000000000003,3.0,1.004701801353567
R_101,RH_Vis_1,17.3,16.9,6.0,1.0077419245833383
R_101,RH_Vis_1,17.3,17.1,6.0,1.0077419245833383
R_101,RH_Vis_1,17.3,17.3,10.0,1.0228392521161231
R_101,RH_Vis_1,17.3,17.5,10.0,1.0228392521161231
R_101,RH_Vis_1,17.3,17.700000000000003,10.0,1.0228392521161231
R_101,RH_Vis_1,17.3,17.9,9.0,1.0261499738088933
R_101,RH_Vis_1,17.5,8.1,0.0,
R_101,RH_Vis_1,17.5,8.3,0.0,
R_101,RH_Vis_1,17.5,8.5,0.0,
R_101,RH_Vis_1,17.5,8.7,0.0,
R_101,RH_Vis_1,17.5,8.9,0.0,
R_101,RH_Vis_1,17.5,9.1,0.0,
R_101,RH_Vis_1,17.5,9.3,0.0,
R_101,RH_Vis_1,17.5,9.5,0.0,
R_101,RH_Vis_1,17.5,9.7,0.0,
R_101,RH_Vis_1,17.5,9.9,0.0,
R_101,RH_Vis_1,17.5,10.1,0.0,
R_101,RH_Vis_1,17.5,10.3,0.0,
R_101,RH_Vis_1,17.5,10.5,0.0,
R_101,RH_Vis_1,17.5,10.7,0.0,
R_101,RH_Vis_1,17.5,10.9,0.0,
R_101,RH_Vis_1,17.5,11.1,0.0,
R_101,RH_Vis_1,17.5,11.3,0.0,
R_101,RH_Vis_1,17.5,11.5,0.0,
R_101,RH_Vis_1,17.5,11.7,0.0,
R_101,RH_Vis_1,17.5,11.9,0.0,
R_101,RH_Vis_1,17.5,12.1,0.0,
R_101,RH_Vis_1,17.5,12.3,0.0,
R_101,RH_Vis_1,17.5,12.5,0.0,
R_101,RH_Vis_1,17.5,12.700000000000001,0.0,
R_101,RH_Vis_1,17.5,12.9,0.0,
R_101,RH_Vis_1,17.5,13.1,0.0,
R_101,RH_Vis_1,17.5,13.3,0.0,
R_101,RH_Vis_1,17.5,13.5,0.0,
R_101,RH_Vis_1,17.5,13.700000000000001,0.0,
R_101,RH_Vis_1,17.5,13.9,0.0,
R_101,RH_Vis_1,17.5,14.1,0.0,
R_101,RH_Vis_1,17.5,14.3,0.0,
R_101,RH_Vis_1,17.5,14.5,0.0,
R_101,RH_Vis_1,17.5,14.700000000000001,0.0,
R_101,RH_Vis_1,17.5,14.9,0.0,
R_101,RH_Vis_1,17.5,15.1,0.0,
R_101,RH_Vis_1,17.5,15.3,0.0,
R_101,RH_Vis_1,17.5,15.5,0.0,
R_101,RH_Vis_1,17.5,15.700000000000001,0.0,
R_101,RH_Vis_1,17.5,15.9,0.0,
R_101,RH_Vis_1,17.5,16.1,0.0,
R_101,RH_Vis_1,17.5,16.3,0.0,
R_101,RH_Vis_1,17.5,16.5,1.0,
R_101,RH_Vis_1,17.5,16.700000000000003,1.0,
R_101,RH_Vis_1,17.5,16.9,3.0,0.9865919873277726
R_101,RH_Vis_1,17.5,17.1,3.0,0.9865919873277726
R_101,RH_Vis_1,17.5,17.3,6.0,1.0052721252161714
R_101,RH_Vis_1,17.5,17.5,6.0,1.0052721252161714
R_101,RH_Vis_1,17.5,17.700000000000003,6.0,1.0052721252161714
R_101,RH_Vis_1,17.5,17.9,6.0,1.0052721252161714
R_101,RH_Vis_1,17.700000000000003,8.1,0.0,
R_101,RH_Vis_1,17.700000000000003,8.3,0.0,
R_101,RH_Vis_1,17.700000000000003,8.5,0.0,
R_101,RH_Vis_1,17.700000000000003,8.7,0.0,
R_101,RH_Vis_1,17.700000000000003,8.9,0.0,
R_101,RH_Vis_1,17.700000000000003,9.1,0.0,
R_101,RH_Vis_1,17.700000000000003,9.3,0.0,
R_101,RH_Vis_1,17.700000000000003,9.5,0.0,
R_101,RH_Vis_1,17.700000000000003,9.7,0.0,
R_101,RH_Vis_1,17.700000000000003,9.9,0.0,
R_101,RH_Vis_1,17.700000000000003,10.1,0.0,
R_101,RH_Vis_1,17.700000000000003,10.3,0.0,
R_101,RH_Vis_1,17.700000000000003,10.5,0.0,
R_101,RH_Vis_1,17.700000000000003,10.7,0.0,
R_101,RH_Vis_1,17.700000000000003,10.9,0.0,
R_101,RH_Vis_1,17.700000000000003,11.1,0.0,
R_101,RH_Vis_1,17.700000000000003,11.3,0.0,
R_101,RH_Vis_1,17.700000000000003,11.5,0.0,
R_101,RH_Vis_1,17.700000000000003,11.7,0.0,
R_101,RH_Vis_1,17.700000000000003,11.9,0.0,
R_101,RH_Vis_1,17.700000000000003,12.1,0.0,
R_101,RH_Vis_1,17.700000000000003,12.3,0.0,
R_101,RH_Vis_1,17.700000000000003,12.5,0.0,
R_101,RH_Vis_1,17.700000000000003,12.700000000000001,0.0,
R_101,RH_Vis_1,17.700000000000003,12.9,0.0,
R_101,RH_Vis_1,17.700000000000003,13.1,0.0,
R_101,RH_Vis_1,17.700000000000003,13.3,0.0,
R_101,RH_Vis_1,17.700000000000003,13.5,0.0,
R_101,RH_Vis_1,17.700000000000003,13.700000000000001,0.0,
R_101,RH_Vis_1,17.700000000000003,13.9,0.0,
R_101,RH_Vis_1,17.700000000000003,14.1,0.0,
R_101,RH_Vis_1,17.700000000000003,14.3,0.0,
R_101,RH_Vis_1,17.700000000000003,14.5,0.0,
R_101,RH_Vis_1,17.700000000000003,14.700000000000001,0.0,
R_101,RH_Vis_1,17.700000000000003,14.9,0.0,
R_101,RH_Vis_1,17.700000000000003,15.1,0.0,
R_101,RH_Vis_1,17.700000000000003,15.3,0.0,
R_101,RH_Vis_1,17.700000000000003,15.5,0.0,
R_101,RH_Vis_1,17.700000000000003,15.700000000000001,0.0,
R_101,RH_Vis_1,17.700000000000003,15.9,0.0,
R_101,RH_Vis_1,17.700000000000003,16.1,0.0,
R_101,RH_Vis_1,17.700000000000003,16.3,0.0,
R_101,RH_Vis_1,17.700000000000003,16.5,1.0,
R_101,RH_Vis_1,17.700000000000003,16.700000000000003,1.0,
R_101,RH_Vis_1,17.700000000000003,16.9,3.0,0.9865919873277726
R_101,RH_Vis_1,17.700000000000003,17.1,3.0,0.9865919873277726
R_101,RH_Vis_1,17.700000000000003,17.3,6.0,1.0052721252161714
R_101,RH_Vis_1,17.700000000000003,17.5,6.0,1.0052721252161714
R_101,RH_Vis_1,17.700000000000003,17.700000000000003,6.0,1.0052721252161714
R_101,RH_Vis_1,17.700000000000003,17.9,6.0,1.0052721252161714
R_101,RH_Vis_1,17.9,8.1,0.0,
R_101,RH_Vis_1,17.9,8.3,0.0,
R_101,RH_Vis_1,17.9,8.5,0.0,
R_101,RH_Vis_1,17.9,8.7,0.0,
R_101,RH_Vis_1,17.9,8.9,0.0,
R_101,RH_Vis_1,17.9,9.1,0.0,
R_101,RH_Vis_1,17.9,9.3,0.0,
R_101,RH_Vis_1,17.9,9.5,0.0,
R_101,RH_Vis_1,17.9,9.7,0.0,
R_101,RH_Vis_1,17.9,9.9,0.0,
R_101,RH_Vis_1,17.9,10.1,0.0,
R_101,RH_Vis_1,17.9,10.3,0.0,
R_101,RH_Vis_1,17.9,10.5,0.0,
R_101,RH_Vis_1,17.9,10.7,0.0,
R_101,RH_Vis_1,17.9,10.9,0.0,
R_101,RH_Vis_1,17.9,11.1,0.0,
R_101,RH_Vis_1,17.9,11.3,0.0,
R_101,RH_Vis_1,17.9,11.5,0.0,
R_101,RH_Vis_1,17.9,11.7,0.0,
R_101,RH_Vis_1,17.9,11.9,0.0,
R_101,RH_Vis_1,17.9,12.1,0.0,
R_101,RH_Vis_1,17.9,12.3,0.0,
R_101,RH_Vis_1,17.9,12.5,0.0,
R_101,RH_Vis_1,17.9,12.700000000000001,0.0,
R_101,RH_Vis_1,17.9,12.9,0.0,
R_101,RH_Vis_1,17.9,13.1,0.0,
R_101,RH_Vis_1,17.9,13.3,0.0,
R_101,RH_Vis_1,17.9,13.5,0.0,
R_101,RH_Vis_1,17.9,13.700000000000001,0.0,
R_101,RH_Vis_1,17.9,13.9,0.0,
R_101,RH_Vis_1,17.9,14.1,0.0,
R_101,RH_Vis_1,17.9,14.3,0.0,
R_101,RH_Vis_1,17.9,14.5,0.0,
R_101,RH_Vis_1,17.9,14.700000000000001,0.0,
R_101,RH_Vis_1,17.9,14.9,0.0,
R_101,RH_Vis_1,17.9,15.1,0.0,
R_101,RH_Vis_1,17.9,15.3,0.0,
R_101,RH_Vis_1,17.9,15.5,0.0,
R_101,RH_Vis_1,17.9,15.700000000000001,0.0,
R_101,RH_Vis_1,17.9,15.9,0.0,
R_101,RH_Vis_1,17.9,16.1,0.0,
R_101,RH_Vis_1,17.9,16.3,0.0,
R_101,RH_Vis_1,17.9,16.5,0.0,
R_101,RH_Vis_1,17.9,16.700000000000003,0.0,
R_101,RH_Vis_1,17.9,16.9,1.0,
R_101,RH_Vis_1,17.9,17.1,1.0,
R_101,RH_Vis_1,17.9,17.3,3.0,0.9877832630424367
R_101,RH_Vis_1,17.9,17.5,3.0,0.9877832630424367
R_101,RH_Vis_1,17.9,17.700000000000003,3.0,0.9877832630424367
R_101,RH_Vis_1,17.9,17.9,3.0,0.9877832630424367
