roi,roi_label,age_i_center,age_j_center,n_pairs_local,conditional_coupling
L_1,LH_Vis_1,8.1,8.1,3.0,0.04286903357644978
L_1,LH_Vis_1,8.1,8.3,6.0,0.11064344322323977
L_1,LH_Vis_1,8.1,8.5,6.0,0.11064344322323977
L_1,LH_Vis_1,8.1,8.7,9.0,0.14878215809174972
L_1,LH_Vis_1,8.1,8.9,9.0,0.14878215809174972
L_1,LH_Vis_1,8.1,9.1,12.0,0.17753579194038147
L_1,LH_Vis_1,8.1,9.3,11.0,0.1978392126165737
L_1,LH_Vis_1,8.1,9.5,14.0,0.2196579668571123
L_1,LH_Vis_1,8.1,9.7,12.0,0.2417335499810408
L_1,LH_Vis_1,8.1,9.9,15.0,0.2589435049393755
L_1,LH_Vis_1,8.1,10.1,12.0,0.27907491795671197
L_1,LH_Vis_1,8.1,10.3,15.0,0.29552713729807967
L_1,LH_Vis_1,8.1,10.5,15.0,0.32601228730720866
L_1,LH_Vis_1,8.1,10.7,12.0,0.34156618576244163
L_1,LH_Vis_1,8.1,10.9,15.0,0.3535988434527989
L_1,LH_Vis_1,8.1,11.1,12.0,0.3670835378812269
L_1,LH_Vis_1,8.1,11.3,15.0,0.37624445811466245
L_1,LH_Vis_1,8.1,11.5,12.0,0.38835974145014945
L_1,LH_Vis_1,8.1,11.7,15.0,0.39657719480176995
L_1,LH_Vis_1,8.1,11.9,12.0,0.4053874898363248
L_1,LH_Vis_1,8.1,12.1,15.0,0.41042097444451275
L_1,LH_Vis_1,8.1,12.3,12.0,0.41865488358703723
L_1,LH_Vis_1,8.1,12.5,15.0,0.4233156282177848
L_1,LH_Vis_1,8.1,12.700000000000001,12.0,0.4287121667186739
L_1,LH_Vis_1,8.1,12.9,15.0,0.42982588732046867
L_1,LH_Vis_1,8.1,13.1,15.0,0.4340890827719745
L_1,LH_Vis_1,8.1,13.3,12.0,0.4352496014129052
L_1,LH_Vis_1,8.1,13.5,15.0,0.43326582309143913
L_1,LH_Vis_1,8.1,13.700000000000001,12.0,0.43394355064498275
L_1,LH_Vis_1,8.1,13.9,15.0,0.42915056609130237
L_1,LH_Vis_1,8.1,14.1,12.0,0.42594855592893444
L_1,LH_Vis_1,8.1,14.3,15.0,0.4202347651375381
L_1,LH_Vis_1,8.1,14.5,12.0,0.41672326399001075
L_1,LH_Vis_1,8.1,14.700000000000001,15.0,0.40850007287945084
L_1,LH_Vis_1,8.1,14.9,12.0,0.40207406202282997
L_1,LH_Vis_1,8.1,15.1,15.0,0.3916182351338982
L_1,LH_Vis_1,8.1,15.3,12.0,0.38319011646597895
L_1,LH_Vis_1,8.1,15.5,15.0,0.3718436469475744
L_1,LH_Vis_1,8.1,15.700000000000001,15.0,0.34793906349402537
L_1,LH_Vis_1,8.1,15.9,12.0,0.3355789288745436
L_1,LH_Vis_1,8.1,16.1,15.0,0.31905699319175296
L_1,LH_Vis_1,8.1,16.3,12.0,0.3049194143803884
L_1,LH_Vis_1,8.1,16.5,15.0,0.28514843698304926
L_1,LH_Vis_1,8.1,16.700000000000003,12.0,0.2689868143342688
L_1,LH_Vis_1,8.1,16.9,15.0,0.2506271034741073
L_1,LH_Vis_1,8.1,17.1,12.0,0.23166943712414523
L_1,LH_Vis_1,8.1,17.3,15.0,0.21101567260828788
L_1,LH_Vis_1,8.1,17.5,12.0,0.1911556631081508
L_1,LH_Vis_1,8.1,17.700000000000003,12.0,0.1911556631081508
L_1,LH_Vis_1,8.1,17.9,9.0,0.17055113399067096
L_1,LH_Vis_1,8.3,8.1,3.0,0.04286903357644978
L_1,LH_Vis_1,8.3,8.3,6.0,0.11064344322323977
L_1,LH_Vis_1,8.3,8.5,6.0,0.11064344322323977
L_1,LH_Vis_1,8.3,8.7,10.0,0.17873995661246708
L_1,LH_Vis_1,8.3,8.9,10.0,0.17873995661246708
L_1,LH_Vis_1,8.3,9.1,14.0,0.21830743566223174
L_1,LH_Vis_1,8.3,9.3,13.0,0.23862353344376752
L_1,LH_Vis_1,8.3,9.5,17.0,0.26529302825889484
L_1,LH_Vis_1,8.3,9.7,15.0,0.2890381696116086
L_1,LH_Vis_1,8.3,9.9,19.0,0.30874142004273136
L_1,LH_Vis_1,8.3,10.1,16.0,0.3331770888876129
L_1,LH_Vis_1,8.3,10.3,20.0,0.3491949584480035
L_1,LH_Vis_1,8.3,10.5,20.0,0.379611192425367
L_1,LH_Vis_1,8.3,10.7,16.0,0.395207457210048
L_1,LH_Vis_1,8.3,10.9,20.0,0.40766153394253823
L_1,LH_Vis_1,8.3,11.1,16.0,0.42158469582615815
L_1,LH_Vis_1,8.3,11.3,20.0,0.43065540402768365
L_1,LH_Vis_1,8.3,11.5,16.0,0.44266210274474416
L_1,LH_Vis_1,8.3,11.7,20.0,0.4511040461457917
L_1,LH_Vis_1,8.3,11.9,16.0,0.4605634485098481
L_1,LH_Vis_1,8.3,12.1,20.0,0.4654651777703269
L_1,LH_Vis_1,8.3,12.3,16.0,0.4735899980671271
L_1,LH_Vis_1,8.3,12.5,20.0,0.47825234363118946
L_1,LH_Vis_1,8.3,12.700000000000001,16.0,0.4834459693208619
L_1,LH_Vis_1,8.3,12.9,20.0,0.4849892889909495
L_1,LH_Vis_1,8.3,13.1,20.0,0.48955613045528673
L_1,LH_Vis_1,8.3,13.3,16.0,0.49072720813161297
L_1,LH_Vis_1,8.3,13.5,20.0,0.4888646783663216
L_1,LH_Vis_1,8.3,13.700000000000001,16.0,0.48981282425484146
L_1,LH_Vis_1,8.3,13.9,20.0,0.48511631879821754
L_1,LH_Vis_1,8.3,14.1,16.0,0.4821699670259122
L_1,LH_Vis_1,8.3,14.3,20.0,0.4759528163237176
L_1,LH_Vis_1,8.3,14.5,16.0,0.47215037848682184
L_1,LH_Vis_1,8.3,14.700000000000001,20.0,0.46388925646574714
L_1,LH_Vis_1,8.3,14.9,16.0,0.4574184595433159
L_1,LH_Vis_1,8.3,15.1,20.0,0.4468229702750852
L_1,LH_Vis_1,8.3,15.3,16.0,0.4381750730175675
L_1,LH_Vis_1,8.3,15.5,20.0,0.42642391451286865
L_1,LH_Vis_1,8.3,15.700000000000001,20.0,0.40273157407050403
L_1,LH_Vis_1,8.3,15.9,16.0,0.3906434142093953
L_1,LH_Vis_1,8.3,16.1,20.0,0.3743140223924386
L_1,LH_Vis_1,8.3,16.3,16.0,0.3601813358951863
L_1,LH_Vis_1,8.3,16.5,20.0,0.3402581275995083
L_1,LH_Vis_1,8.3,16.700000000000003,16.0,0.32421240619884467
L_1,LH_Vis_1,8.3,16.9,20.0,0.30669361059011746
L_1,LH_Vis_1,8.3,17.1,16.0,0.28851219311412846
L_1,LH_Vis_1,8.3,17.3,20.0,0.26796678851845035
L_1,LH_Vis_1,8.3,17.5,16.0,0.24799133695808837
L_1,LH_Vis_1,8.3,17.700000000000003,16.0,0.24799133695808837
L_1,LH_Vis_1,8.3,17.9,12.0,0.22765629756924724
L_1,LH_Vis_1,8.5,8.1,3.0,0.04286903357644978
L_1,LH_Vis_1,8.5,8.3,6.0,0.11064344322323977
L_1,LH_Vis_1,8.5,8.5,6.0,0.11064344322323977
L_1,LH_Vis_1,8.5,8.7,10.0,0.17873995661246708
L_1,LH_Vis_1,8.5,8.9,10.0,0.17873995661246708
L_1,LH_Vis_1,8.5,9.1,14.0,0.21830743566223174
L_1,LH_Vis_1,8.5,9.3,13.0,0.23862353344376752
L_1,LH_Vis_1,8.5,9.5,17.0,0.26529302825889484
L_1,LH_Vis_1,8.5,9.7,15.0,0.2890381696116086
L_1,LH_Vis_1,8.5,9.9,19.0,0.30874142004273136
L_1,LH_Vis_1,8.5,10.1,16.0,0.3331770888876129
L_1,LH_Vis_1,8.5,10.3,20.0,0.3491949584480035
L_1,LH_Vis_1,8.5,10.5,20.0,0.379611192425367
L_1,LH_Vis_1,8.5,10.7,16.0,0.395207457210048
L_1,LH_Vis_1,8.5,10.9,20.0,0.40766153394253823
L_1,LH_Vis_1,8.5,11.1,16.0,0.42158469582615815
L_1,LH_Vis_1,8.5,11.3,20.0,0.43065540402768365
L_1,LH_Vis_1,8.5,11.5,16.0,0.44266210274474416
L_1,LH_Vis_1,8.5,11.7,20.0,0.4511040461457917
L_1,LH_Vis_1,8.5,11.9,16.0,0.4605634485098481
L_1,LH_Vis_1,8.5,12.1,20.0,0.4654651777703269
L_1,LH_Vis_1,8.5,12.3,16.0,0.4735899980671271
L_1,LH_Vis_1,8.5,12.5,20.0,0.47825234363118946
L_1,LH_Vis_1,8.5,12.700000000000001,16.0,0.4834459693208619
L_1,LH_Vis_1,8.5,12.9,20.0,0.4849892889909495
L_1,LH_Vis_1,8.5,13.1,20.0,0.48955613045528673
L_1,LH_Vis_1,8.5,13.3,16.0,0.49072720813161297
L_1,LH_Vis_1,8.5,13.5,20.0,0.4888646783663216
L_1,LH_Vis_1,8.5,13.700000000000001,16.0,0.48981282425484146
L_1,LH_Vis_1,8.5,13.9,20.0,0.48511631879821754
L_1,LH_Vis_1,8.5,14.1,16.0,0.4821699670259122
L_1,LH_Vis_1,8.5,14.3,20.0,0.4759528163237176
L_1,LH_Vis_1,8.5,14.5,16.0,0.47215037848682184
L_1,LH_Vis_1,8.5,14.700000000000001,20.0,0.46388925646574714
L_1,LH_Vis_1,8.5,14.9,16.0,0.4574184595433159
L_1,LH_Vis_1,8.5,15.1,20.0,0.4468229702750852
L_1,LH_Vis_1,8.5,15.3,16.0,0.4381750730175675
L_1,LH_Vis_1,8.5,15.5,20.0,0.42642391451286865
L_1,LH_Vis_1,8.5,15.700000000000001,20.0,0.40273157407050403
L_1,LH_Vis_1,8.5,15.9,16.0,0.3906434142093953
L_1,LH_Vis_1,8.5,16.1,20.0,0.3743140223924386
L_1,LH_Vis_1,8.5,16.3,16.0,0.3601813358951863
L_1,LH_Vis_1,8.5,16.5,20.0,0.3402581275995083
L_1,LH_Vis_1,8.5,16.700000000000003,16.0,0.32421240619884467
L_1,LH_Vis_1,8.5,16.9,20.0,0.30669361059011746
L_1,LH_Vis_1,8.5,17.1,16.0,0.28851219311412846
L_1,LH_Vis_1,8.5,17.3,20.0,0.26796678851845035
L_1,LH_Vis_1,8.5,17.5,16.0,0.24799133695808837
L_1,LH_Vis_1,8.5,17.700000000000003,16.0,0.24799133695808837
L_1,LH_Vis_1,8.5,17.9,12.0,0.22765629756924724
L_1,LH_Vis_1,8.7,8.1,3.0,0.04286903357644978
L_1,LH_Vis_1,8.7,8.3,6.0,0.11064344322323977
L_1,LH_Vis_1,8.7,8.5,6.0,0.11064344322323977
L_1,LH_Vis_1,8.7,8.7,10.0,0.17873995661246708
L_1,LH_Vis_1,8.7,8.9,10.0,0.17873995661246708
L_1,LH_Vis_1,8.7,9.1,15.0,0.24023708333470184
L_1,LH_Vis_1,8.7,9.3,14.0,0.26066843467987577
L_1,LH_Vis_1,8.7,9.5,19.0,0.2975730524981958
L_1,LH_Vis_1,8.7,9.7,17.0,0.3223222977199199
L_1,LH_Vis_1,8.7,9.9,22.0,0.3471831254508572
L_1,LH_Vis_1,8.7,10.1,19.0,0.37383027375309313
L_1,LH_Vis_1,8.7,10.3,24.0,0.39195687396488016
L_1,LH_Vis_1,8.7,10.5,25.0,0.4278358818926476
L_1,LH_Vis_1,8.7,10.7,20.0,0.44398701817101677
L_1,LH_Vis_1,8.7,10.9,25.0,0.4564448528313172
L_1,LH_Vis_1,8.7,11.1,20.0,0.47032957044177365
L_1,LH_Vis_1,8.7,11.3,25.0,0.47925500222437867
L_1,LH_Vis_1,8.7,11.5,20.0,0.49114126784646234
L_1,LH_Vis_1,8.7,11.7,25.0,0.49966262574701253
L_1,LH_Vis_1,8.7,11.9,20.0,0.5093687934913481
L_1,LH_Vis_1,8.7,12.1,25.0,0.5142236066060364
L_1,LH_Vis_1,8.7,12.3,20.0,0.5221559593103305
L_1,LH_Vis_1,8.7,12.5,25.0,0.5265733533758135
L_1,LH_Vis_1,8.7,12.700000000000001,20.0,0.5316476438516371
L_1,LH_Vis_1,8.7,12.9,25.0,0.5332234317671299
L_1,LH_Vis_1,8.7,13.1,25.0,0.5377083431262527
L_1,LH_Vis_1,8.7,13.3,20.0,0.5386984145705125
L_1,LH_Vis_1,8.7,13.5,25.0,0.536873096936548
L_1,LH_Vis_1,8.7,13.700000000000001,20.0,0.5376806564044875
L_1,LH_Vis_1,8.7,13.9,25.0,0.5334602664006235
L_1,LH_Vis_1,8.7,14.1,20.0,0.5307646005913429
L_1,LH_Vis_1,8.7,14.3,25.0,0.5245324803959973
L_1,LH_Vis_1,8.7,14.5,20.0,0.5207839546377213
L_1,LH_Vis_1,8.7,14.700000000000001,25.0,0.5128424007577476
L_1,LH_Vis_1,8.7,14.9,20.0,0.506707679409581
L_1,LH_Vis_1,8.7,15.1,25.0,0.4962774873323522
L_1,LH_Vis_1,8.7,15.3,20.0,0.4879539025652678
L_1,LH_Vis_1,8.7,15.5,25.0,0.4763781585558754
L_1,LH_Vis_1,8.7,15.700000000000001,25.0,0.45251438477861616
L_1,LH_Vis_1,8.7,15.9,20.0,0.44074198106961654
L_1,LH_Vis_1,8.7,16.1,25.0,0.42403552360849855
L_1,LH_Vis_1,8.7,16.3,20.0,0.40977535820116007
L_1,LH_Vis_1,8.7,16.5,25.0,0.3907787946587847
L_1,LH_Vis_1,8.7,16.700000000000003,20.0,0.3748343135676216
L_1,LH_Vis_1,8.7,16.9,25.0,0.35741368748858887
L_1,LH_Vis_1,8.7,17.1,20.0,0.33924831373115977
L_1,LH_Vis_1,8.7,17.3,25.0,0.3194501635150296
L_1,LH_Vis_1,8.7,17.5,20.0,0.2999977450190693
L_1,LH_Vis_1,8.7,17.700000000000003,20.0,0.2999977450190693
L_1,LH_Vis_1,8.7,17.9,15.0,0.2809270954374167
L_1,LH_Vis_1,8.9,8.1,1.0,
L_1,LH_Vis_1,8.9,8.3,3.0,0.20724826796593385
L_1,LH_Vis_1,8.9,8.5,3.0,0.20724826796593385
L_1,LH_Vis_1,8.9,8.7,6.0,0.2729795975682414
L_1,LH_Vis_1,8.9,8.9,6.0,0.2729795975682414
L_1,LH_Vis_1,8.9,9.1,10.0,0.33057595168672493
L_1,LH_Vis_1,8.9,9.3,10.0,0.33057595168672493
L_1,LH_Vis_1,8.9,9.5,14.0,0.3661408661613453
L_1,LH_Vis_1,8.9,9.7,13.0,0.38262607360126466
L_1,LH_Vis_1,8.9,9.9,17.0,0.4075076410892655
L_1,LH_Vis_1,8.9,10.1,15.0,0.4305145509374738
L_1,LH_Vis_1,8.9,10.3,19.0,0.4483919301643054
L_1,LH_Vis_1,8.9,10.5,20.0,0.482973512428997
L_1,LH_Vis_1,8.9,10.7,16.0,0.4994742698201337
L_1,LH_Vis_1,8.9,10.9,20.0,0.5120998681598782
L_1,LH_Vis_1,8.9,11.1,16.0,0.5263615471128735
L_1,LH_Vis_1,8.9,11.3,20.0,0.5352418175253051
L_1,LH_Vis_1,8.9,11.5,16.0,0.5469590880503142
L_1,LH_Vis_1,8.9,11.7,20.0,0.5557272113206736
L_1,LH_Vis_1,8.9,11.9,16.0,0.5658009885846109
L_1,LH_Vis_1,8.9,12.1,20.0,0.5704859582961046
L_1,LH_Vis_1,8.9,12.3,16.0,0.5783476755595192
L_1,LH_Vis_1,8.9,12.5,20.0,0.5826457343797431
L_1,LH_Vis_1,8.9,12.700000000000001,16.0,0.587656602594965
L_1,LH_Vis_1,8.9,12.9,20.0,0.5892543566848178
L_1,LH_Vis_1,8.9,13.1,20.0,0.5936144508270484
L_1,LH_Vis_1,8.9,13.3,16.0,0.5943181374332829
L_1,LH_Vis_1,8.9,13.5,20.0,0.5926997957840217
L_1,LH_Vis_1,8.9,13.700000000000001,16.0,0.5935682854445072
L_1,LH_Vis_1,8.9,13.9,20.0,0.5895985813199079
L_1,LH_Vis_1,8.9,14.1,16.0,0.5870387342347252
L_1,LH_Vis_1,8.9,14.3,20.0,0.5807811420806898
L_1,LH_Vis_1,8.9,14.5,16.0,0.5770650843398051
L_1,LH_Vis_1,8.9,14.700000000000001,20.0,0.5694596056990557
L_1,LH_Vis_1,8.9,14.9,16.0,0.5636836646522736
L_1,LH_Vis_1,8.9,15.1,20.0,0.5530240148751069
L_1,LH_Vis_1,8.9,15.3,16.0,0.5447234112971394
L_1,LH_Vis_1,8.9,15.5,20.0,0.5332556532457337
L_1,LH_Vis_1,8.9,15.700000000000001,20.0,0.5093916645808318
L_1,LH_Vis_1,8.9,15.9,16.0,0.49780188735990266
L_1,LH_Vis_1,8.9,16.1,20.0,0.48072403999805013
L_1,LH_Vis_1,8.9,16.3,16.0,0.4661456272135479
L_1,LH_Vis_1,8.9,16.5,20.0,0.447841229441959
L_1,LH_Vis_1,8.9,16.700000000000003,16.0,0.43220518286083864
L_1,LH_Vis_1,8.9,16.9,20.0,0.4145794475377825
L_1,LH_Vis_1,8.9,17.1,16.0,0.39637815416220046
L_1,LH_Vis_1,8.9,17.3,20.0,0.3769741564034348
L_1,LH_Vis_1,8.9,17.5,16.0,0.3576177401300431
L_1,LH_Vis_1,8.9,17.700000000000003,16.0,0.3576177401300431
L_1,LH_Vis_1,8.9,17.9,12.0,0.33935276998984437
L_1,LH_Vis_1,9.1,8.1,1.0,
L_1,LH_Vis_1,9.1,8.3,3.0,0.20724826796593385
L_1,LH_Vis_1,9.1,8.5,3.0,0.20724826796593385
L_1,LH_Vis_1,9.1,8.7,6.0,0.2729795975682414
L_1,LH_Vis_1,9.1,8.9,6.0,0.2729795975682414
L_1,LH_Vis_1,9.1,9.1,10.0,0.33057595168672493
L_1,LH_Vis_1,9.1,9.3,10.0,0.33057595168672493
L_1,LH_Vis_1,9.1,9.5,15.0,0.3875624495996572
L_1,LH_Vis_1,9.1,9.7,14.0,0.40440025532517604
L_1,LH_Vis_1,9.1,9.9,19.0,0.4384113631458556
L_1,LH_Vis_1,9.1,10.1,17.0,0.46234730972446164
L_1,LH_Vis_1,9.1,10.3,22.0,0.484293279471391
L_1,LH_Vis_1,9.1,10.5,24.0,0.5230117314930561
L_1,LH_Vis_1,9.1,10.7,20.0,0.5442199812187775
L_1,LH_Vis_1,9.1,10.9,25.0,0.5565044059976659
L_1,LH_Vis_1,9.1,11.1,20.0,0.5702466461407021
L_1,LH_Vis_1,9.1,11.3,25.0,0.5793141245220558
L_1,LH_Vis_1,9.1,11.5,20.0,0.5907320393916302
L_1,LH_Vis_1,9.1,11.7,25.0,0.5998450409403681
L_1,LH_Vis_1,9.1,11.9,20.0,0.6100789070227225
L_1,LH_Vis_1,9.1,12.1,25.0,0.6153212406145306
L_1,LH_Vis_1,9.1,12.3,20.0,0.6234534413194436
L_1,LH_Vis_1,9.1,12.5,25.0,0.6279180035108172
L_1,LH_Vis_1,9.1,12.700000000000001,20.0,0.6334869781102161
L_1,LH_Vis_1,9.1,12.9,25.0,0.6352490136916789
L_1,LH_Vis_1,9.1,13.1,25.0,0.6399396997773439
L_1,LH_Vis_1,9.1,13.3,20.0,0.6408503629378499
L_1,LH_Vis_1,9.1,13.5,25.0,0.6387938329619932
L_1,LH_Vis_1,9.1,13.700000000000001,20.0,0.6394196474570505
L_1,LH_Vis_1,9.1,13.9,25.0,0.6354349734205
L_1,LH_Vis_1,9.1,14.1,20.0,0.6328496537065474
L_1,LH_Vis_1,9.1,14.3,25.0,0.6264242735462434
L_1,LH_Vis_1,9.1,14.5,20.0,0.622456052928422
L_1,LH_Vis_1,9.1,14.700000000000001,25.0,0.6150158713446584
L_1,LH_Vis_1,9.1,14.9,20.0,0.6090104720618741
L_1,LH_Vis_1,9.1,15.1,25.0,0.5988234540920365
L_1,LH_Vis_1,9.1,15.3,20.0,0.5908873893504042
L_1,LH_Vis_1,9.1,15.5,25.0,0.5788824531474327
L_1,LH_Vis_1,9.1,15.700000000000001,25.0,0.5552806138515421
L_1,LH_Vis_1,9.1,15.9,20.0,0.5439200790881707
L_1,LH_Vis_1,9.1,16.1,25.0,0.5272005729150558
L_1,LH_Vis_1,9.1,16.3,20.0,0.5126869298914187
L_1,LH_Vis_1,9.1,16.5,25.0,0.4951644196176336
L_1,LH_Vis_1,9.1,16.700000000000003,20.0,0.4794366789688702
L_1,LH_Vis_1,9.1,16.9,25.0,0.4628615037140172
L_1,LH_Vis_1,9.1,17.1,20.0,0.4458612025586347
L_1,LH_Vis_1,9.1,17.3,25.0,0.4270012975380627
L_1,LH_Vis_1,9.1,17.5,20.0,0.40837985172386704
L_1,LH_Vis_1,9.1,17.700000000000003,20.0,0.40837985172386704
L_1,LH_Vis_1,9.1,17.9,15.0,0.39106561955762403
L_1,LH_Vis_1,9.3,8.1,0.0,
L_1,LH_Vis_1,9.3,8.3,1.0,
L_1,LH_Vis_1,9.3,8.5,1.0,
L_1,LH_Vis_1,9.3,8.7,3.0,0.3560068318949165
L_1,LH_Vis_1,9.3,8.9,3.0,0.3560068318949165
L_1,LH_Vis_1,9.3,9.1,6.0,0.411364499476754
L_1,LH_Vis_1,9.3,9.3,6.0,0.411364499476754
L_1,LH_Vis_1,9.3,9.5,10.0,0.46729727973630186
L_1,LH_Vis_1,9.3,9.7,10.0,0.46729727973630186
L_1,LH_Vis_1,9.3,9.9,14.0,0.5004318773148514
L_1,LH_Vis_1,9.3,10.1,13.0,0.5174315265245661
L_1,LH_Vis_1,9.3,10.3,17.0,0.5380835714301343
L_1,LH_Vis_1,9.3,10.5,19.0,0.5727059729679445
L_1,LH_Vis_1,9.3,10.7,16.0,0.5925779365759478
L_1,LH_Vis_1,9.3,10.9,20.0,0.6047058417417281
L_1,LH_Vis_1,9.3,11.1,16.0,0.6180831896457541
L_1,LH_Vis_1,9.3,11.3,20.0,0.6270575203242807
L_1,LH_Vis_1,9.3,11.5,16.0,0.6380048075900445
L_1,LH_Vis_1,9.3,11.7,20.0,0.647422817635806
L_1,LH_Vis_1,9.3,11.9,16.0,0.6579778427014498
L_1,LH_Vis_1,9.3,12.1,20.0,0.6634906597242863
L_1,LH_Vis_1,9.3,12.3,16.0,0.67170227276943
L_1,LH_Vis_1,9.3,12.5,20.0,0.6762542564028786
L_1,LH_Vis_1,9.3,12.700000000000001,16.0,0.6820134549023862
L_1,LH_Vis_1,9.3,12.9,20.0,0.684068869986044
L_1,LH_Vis_1,9.3,13.1,20.0,0.6889812323450688
L_1,LH_Vis_1,9.3,13.3,16.0,0.6899528259766232
L_1,LH_Vis_1,9.3,13.5,20.0,0.6876536210761485
L_1,LH_Vis_1,9.3,13.700000000000001,16.0,0.6881815443912773
L_1,LH_Vis_1,9.3,13.9,20.0,0.6842507824752266
L_1,LH_Vis_1,9.3,14.1,16.0,0.6816979303598647
L_1,LH_Vis_1,9.3,14.3,20.0,0.6750203872388639
L_1,LH_Vis_1,9.3,14.5,16.0,0.6707028514684109
L_1,LH_Vis_1,9.3,14.700000000000001,20.0,0.6635869819227767
L_1,LH_Vis_1,9.3,14.9,16.0,0.657604563695093
L_1,LH_Vis_1,9.3,15.1,20.0,0.6477820842265507
L_1,LH_Vis_1,9.3,15.3,16.0,0.640113404914626
L_1,LH_Vis_1,9.3,15.5,20.0,0.6275058914911467
L_1,LH_Vis_1,9.3,15.700000000000001,20.0,0.6043674726981956
L_1,LH_Vis_1,9.3,15.9,16.0,0.5933817871840292
L_1,LH_Vis_1,9.3,16.1,20.0,0.576588301428119
L_1,LH_Vis_1,9.3,16.3,16.0,0.5619545008500888
L_1,LH_Vis_1,9.3,16.5,20.0,0.5453962842745506
L_1,LH_Vis_1,9.3,16.700000000000003,16.0,0.529622313755093
L_1,LH_Vis_1,9.3,16.9,20.0,0.514145027136761
L_1,LH_Vis_1,9.3,17.1,16.0,0.49841232447164385
L_1,LH_Vis_1,9.3,17.3,20.0,0.47965368726451485
L_1,LH_Vis_1,9.3,17.5,16.0,0.4613581988690766
L_1,LH_Vis_1,9.3,17.700000000000003,16.0,0.4613581988690766
L_1,LH_Vis_1,9.3,17.9,12.0,0.4453394790239429
L_1,LH_Vis_1,9.5,8.1,0.0,
L_1,LH_Vis_1,9.5,8.3,1.0,
L_1,LH_Vis_1,9.5,8.5,1.0,
L_1,LH_Vis_1,9.5,8.7,3.0,0.3560068318949165
L_1,LH_Vis_1,9.5,8.9,3.0,0.3560068318949165
L_1,LH_Vis_1,9.5,9.1,6.0,0.411364499476754
L_1,LH_Vis_1,9.5,9.3,6.0,0.411364499476754
L_1,LH_Vis_1,9.5,9.5,10.0,0.46729727973630186
L_1,LH_Vis_1,9.5,9.7,10.0,0.46729727973630186
L_1,LH_Vis_1,9.5,9.9,15.0,0.517579441661754
L_1,LH_Vis_1,9.5,10.1,14.0,0.5345896562384107
L_1,LH_Vis_1,9.5,10.3,19.0,0.5635957119842501
L_1,LH_Vis_1,9.5,10.5,22.0,0.6029799729424525
L_1,LH_Vis_1,9.5,10.7,19.0,0.6244943633451673
L_1,LH_Vis_1,9.5,10.9,24.0,0.6384459220386424
L_1,LH_Vis_1,9.5,11.1,20.0,0.6558958164212461
L_1,LH_Vis_1,9.5,11.3,25.0,0.6652150254640052
L_1,LH_Vis_1,9.5,11.5,20.0,0.676982840451842
L_1,LH_Vis_1,9.5,11.7,25.0,0.6858543201624119
L_1,LH_Vis_1,9.5,11.9,20.0,0.6961147331848648
L_1,LH_Vis_1,9.5,12.1,25.0,0.7014538107580612
L_1,LH_Vis_1,9.5,12.3,20.0,0.7095260166911069
L_1,LH_Vis_1,9.5,12.5,25.0,0.7138158553090512
L_1,LH_Vis_1,9.5,12.700000000000001,20.0,0.7194043578678522
L_1,LH_Vis_1,9.5,12.9,25.0,0.7213938816164225
L_1,LH_Vis_1,9.5,13.1,25.0,0.7262293576761679
L_1,LH_Vis_1,9.5,13.3,20.0,0.7274516373440372
L_1,LH_Vis_1,9.5,13.5,25.0,0.7251374625923371
L_1,LH_Vis_1,9.5,13.700000000000001,20.0,0.7257192979777097
L_1,LH_Vis_1,9.5,13.9,25.0,0.7221081047220723
L_1,LH_Vis_1,9.5,14.1,20.0,0.7198913284573834
L_1,LH_Vis_1,9.5,14.3,25.0,0.7133790818154242
L_1,LH_Vis_1,9.5,14.5,20.0,0.7093858581166043
L_1,LH_Vis_1,9.5,14.700000000000001,25.0,0.7017688695596074
L_1,LH_Vis_1,9.5,14.9,20.0,0.6955437764660667
L_1,LH_Vis_1,9.5,15.1,25.0,0.6857822287396871
L_1,LH_Vis_1,9.5,15.3,20.0,0.6782575950282246
L_1,LH_Vis_1,9.5,15.5,25.0,0.6660816645704857
L_1,LH_Vis_1,9.5,15.700000000000001,25.0,0.6428374039407388
L_1,LH_Vis_1,9.5,15.9,20.0,0.6317142311140268
L_1,LH_Vis_1,9.5,16.1,25.0,0.6160389259617777
L_1,LH_Vis_1,9.5,16.3,20.0,0.6022234286193172
L_1,LH_Vis_1,9.5,16.5,25.0,0.5859393709686622
L_1,LH_Vis_1,9.5,16.700000000000003,20.0,0.5707402042522858
L_1,LH_Vis_1,9.5,16.9,25.0,0.5557397733987149
L_1,LH_Vis_1,9.5,17.1,20.0,0.5403302310635112
L_1,LH_Vis_1,9.5,17.3,25.0,0.5229827691585487
L_1,LH_Vis_1,9.5,17.5,20.0,0.5058679543104887
L_1,LH_Vis_1,9.5,17.700000000000003,20.0,0.5058679543104887
L_1,LH_Vis_1,9.5,17.9,15.0,0.4900447039630576
L_1,LH_Vis_1,9.7,8.1,0.0,
L_1,LH_Vis_1,9.7,8.3,0.0,
L_1,LH_Vis_1,9.7,8.5,0.0,
L_1,LH_Vis_1,9.7,8.7,1.0,
L_1,LH_Vis_1,9.7,8.9,1.0,
L_1,LH_Vis_1,9.7,9.1,3.0,0.4910422489119832
L_1,LH_Vis_1,9.7,9.3,3.0,0.4910422489119832
L_1,LH_Vis_1,9.7,9.5,6.0,0.5443568465336953
L_1,LH_Vis_1,9.7,9.7,6.0,0.5443568465336953
L_1,LH_Vis_1,9.7,9.9,10.0,0.5913707529600356
L_1,LH_Vis_1,9.7,10.1,10.0,0.5913707529600356
L_1,LH_Vis_1,9.7,10.3,14.0,0.6192829431659425
L_1,LH_Vis_1,9.7,10.5,17.0,0.6519217625473225
L_1,LH_Vis_1,9.7,10.7,15.0,0.6705268906578302
L_1,LH_Vis_1,9.7,10.9,19.0,0.6845440394646257
L_1,LH_Vis_1,9.7,11.1,16.0,0.7008326510851042
L_1,LH_Vis_1,9.7,11.3,20.0,0.710247508827467
L_1,LH_Vis_1,9.7,11.5,16.0,0.7223364828844473
L_1,LH_Vis_1,9.7,11.7,20.0,0.7311195585044338
L_1,LH_Vis_1,9.7,11.9,16.0,0.7416335934603648
L_1,LH_Vis_1,9.7,12.1,20.0,0.7469559736195099
L_1,LH_Vis_1,9.7,12.3,16.0,0.7548781606318742
L_1,LH_Vis_1,9.7,12.5,20.0,0.758997303298642
L_1,LH_Vis_1,9.7,12.700000000000001,16.0,0.7644695422507753
L_1,LH_Vis_1,9.7,12.9,20.0,0.7666402666828256
L_1,LH_Vis_1,9.7,13.1,20.0,0.7716842554736076
L_1,LH_Vis_1,9.7,13.3,16.0,0.7730423540959146
L_1,LH_Vis_1,9.7,13.5,20.0,0.7707027064348485
L_1,LH_Vis_1,9.7,13.700000000000001,16.0,0.7713170094795382
L_1,LH_Vis_1,9.7,13.9,20.0,0.7680418923153834
L_1,LH_Vis_1,9.7,14.1,16.0,0.7661838969028011
L_1,LH_Vis_1,9.7,14.3,20.0,0.7594421915243735
L_1,LH_Vis_1,9.7,14.5,16.0,0.7554719483027103
L_1,LH_Vis_1,9.7,14.700000000000001,20.0,0.7476122847960961
L_1,LH_Vis_1,9.7,14.9,16.0,0.7412336350574131
L_1,LH_Vis_1,9.7,15.1,20.0,0.7315841872530139
L_1,LH_Vis_1,9.7,15.3,16.0,0.7241442051186213
L_1,LH_Vis_1,9.7,15.5,20.0,0.7120335653946812
L_1,LH_Vis_1,9.7,15.700000000000001,20.0,0.6885770683140751
L_1,LH_Vis_1,9.7,15.9,16.0,0.6776024928899279
L_1,LH_Vis_1,9.7,16.1,20.0,0.6624886917866816
L_1,LH_Vis_1,9.7,16.3,16.0,0.6490674570409418
L_1,LH_Vis_1,9.7,16.5,20.0,0.6327543901025543
L_1,LH_Vis_1,9.7,16.700000000000003,16.0,0.6176963886193385
L_1,LH_Vis_1,9.7,16.9,20.0,0.6033239034715272
L_1,LH_Vis_1,9.7,17.1,16.0,0.5882571277146788
L_1,LH_Vis_1,9.7,17.3,20.0,0.5719031896403857
L_1,LH_Vis_1,9.7,17.5,16.0,0.5554642524865484
L_1,LH_Vis_1,9.7,17.700000000000003,16.0,0.5554642524865484
L_1,LH_Vis_1,9.7,17.9,12.0,0.5399411741908325
L_1,LH_Vis_1,9.9,8.1,0.0,
L_1,LH_Vis_1,9.9,8.3,0.0,
L_1,LH_Vis_1,9.9,8.5,0.0,
L_1,LH_Vis_1,9.9,8.7,1.0,
L_1,LH_Vis_1,9.9,8.9,1.0,
L_1,LH_Vis_1,9.9,9.1,3.0,0.4910422489119832
L_1,LH_Vis_1,9.9,9.3,3.0,0.4910422489119832
L_1,LH_Vis_1,9.9,9.5,6.0,0.5443568465336953
L_1,LH_Vis_1,9.9,9.7,6.0,0.5443568465336953
L_1,LH_Vis_1,9.9,9.9,10.0,0.5913707529600356
L_1,LH_Vis_1,9.9,10.1,10.0,0.5913707529600356
L_1,LH_Vis_1,9.9,10.3,15.0,0.6359405168755011
L_1,LH_Vis_1,9.9,10.5,19.0,0.6755230037268275
L_1,LH_Vis_1,9.9,10.7,17.0,0.6947159098454527
L_1,LH_Vis_1,9.9,10.9,22.0,0.7117238619499662
L_1,LH_Vis_1,9.9,11.1,19.0,0.729732138443844
L_1,LH_Vis_1,9.9,11.3,24.0,0.7409476405052552
L_1,LH_Vis_1,9.9,11.5,20.0,0.756758846086397
L_1,LH_Vis_1,9.9,11.7,25.0,0.7651722851148078
L_1,LH_Vis_1,9.9,11.9,20.0,0.7751953452169017
L_1,LH_Vis_1,9.9,12.1,25.0,0.7809990510617366
L_1,LH_Vis_1,9.9,12.3,20.0,0.7890393407783642
L_1,LH_Vis_1,9.9,12.5,25.0,0.7934843865342133
L_1,LH_Vis_1,9.9,12.700000000000001,20.0,0.7994677583914384
L_1,LH_Vis_1,9.9,12.9,25.0,0.801370415728251
L_1,LH_Vis_1,9.9,13.1,25.0,0.8063011049194837
L_1,LH_Vis_1,9.9,13.3,20.0,0.8081698708422419
L_1,LH_Vis_1,9.9,13.5,25.0,0.8056624354052471
L_1,LH_Vis_1,9.9,13.700000000000001,20.0,0.8060245756462902
L_1,LH_Vis_1,9.9,13.9,25.0,0.8029147552396794
L_1,LH_Vis_1,9.9,14.1,20.0,0.8008273016601967
L_1,LH_Vis_1,9.9,14.3,25.0,0.7945582286398206
L_1,LH_Vis_1,9.9,14.5,20.0,0.7909525245309006
L_1,LH_Vis_1,9.9,14.700000000000001,25.0,0.7831537923476491
L_1,LH_Vis_1,9.9,14.9,20.0,0.7768872418608661
L_1,LH_Vis_1,9.9,15.1,25.0,0.7673878437715298
L_1,LH_Vis_1,9.9,15.3,20.0,0.7603266313000951
L_1,LH_Vis_1,9.9,15.5,25.0,0.7487841316030278
L_1,LH_Vis_1,9.9,15.700000000000001,25.0,0.7256087584414967
L_1,LH_Vis_1,9.9,15.9,20.0,0.7146404639122917
L_1,LH_Vis_1,9.9,16.1,25.0,0.7002304828083484
L_1,LH_Vis_1,9.9,16.3,20.0,0.6872983876067746
L_1,LH_Vis_1,9.9,16.5,25.0,0.672110522518568
L_1,LH_Vis_1,9.9,16.700000000000003,20.0,0.657790590294664
L_1,LH_Vis_1,9.9,16.9,25.0,0.6437321334112771
L_1,LH_Vis_1,9.9,17.1,20.0,0.6290116335604068
L_1,LH_Vis_1,9.9,17.3,25.0,0.6139133664451418
L_1,LH_Vis_1,9.9,17.5,20.0,0.5987420561050324
L_1,LH_Vis_1,9.9,17.700000000000003,20.0,0.5987420561050324
L_1,LH_Vis_1,9.9,17.9,15.0,0.5841258886758512
L_1,LH_Vis_1,10.1,8.1,0.0,
L_1,LH_Vis_1,10.1,8.3,0.0,
L_1,LH_Vis_1,10.1,8.5,0.0,
L_1,LH_Vis_1,10.1,8.7,0.0,
L_1,LH_Vis_1,10.1,8.9,0.0,
L_1,LH_Vis_1,10.1,9.1,1.0,
L_1,LH_Vis_1,10.1,9.3,1.0,
L_1,LH_Vis_1,10.1,9.5,3.0,0.610457044933511
L_1,LH_Vis_1,10.1,9.7,3.0,0.610457044933511
L_1,LH_Vis_1,10.1,9.9,6.0,0.6552955204798492
L_1,LH_Vis_1,10.1,10.1,6.0,0.6552955204798492
L_1,LH_Vis_1,10.1,10.3,10.0,0.6988115643643644
L_1,LH_Vis_1,10.1,10.5,14.0,0.7237783951364649
L_1,LH_Vis_1,10.1,10.7,13.0,0.7373573370124021
L_1,LH_Vis_1,10.1,10.9,17.0,0.7534515844612046
L_1,LH_Vis_1,10.1,11.1,15.0,0.7683038634526153
L_1,LH_Vis_1,10.1,11.3,19.0,0.7796474822785467
L_1,LH_Vis_1,10.1,11.5,16.0,0.7945562609508642
L_1,LH_Vis_1,10.1,11.7,20.0,0.8027942063490455
L_1,LH_Vis_1,10.1,11.9,16.0,0.8124713503885226
L_1,LH_Vis_1,10.1,12.1,20.0,0.8185993668902285
L_1,LH_Vis_1,10.1,12.3,16.0,0.8267003405961062
L_1,LH_Vis_1,10.1,12.5,20.0,0.8310898606999159
L_1,LH_Vis_1,10.1,12.700000000000001,16.0,0.8374228537074414
L_1,LH_Vis_1,10.1,12.9,20.0,0.8390931461597155
L_1,LH_Vis_1,10.1,13.1,20.0,0.8438870627730488
L_1,LH_Vis_1,10.1,13.3,16.0,0.8459223314808682
L_1,LH_Vis_1,10.1,13.5,20.0,0.8431627332088167
L_1,LH_Vis_1,10.1,13.700000000000001,16.0,0.8431755582867584
L_1,LH_Vis_1,10.1,13.9,20.0,0.8403900498198584
L_1,LH_Vis_1,10.1,14.1,16.0,0.8383255769960346
L_1,LH_Vis_1,10.1,14.3,20.0,0.8324210433292117
L_1,LH_Vis_1,10.1,14.5,16.0,0.8290827251693118
L_1,LH_Vis_1,10.1,14.700000000000001,20.0,0.8214280386284025
L_1,LH_Vis_1,10.1,14.9,16.0,0.8152461392998893
L_1,LH_Vis_1,10.1,15.1,20.0,0.8061255107897509
L_1,LH_Vis_1,10.1,15.3,16.0,0.7996258034570356
L_1,LH_Vis_1,10.1,15.5,20.0,0.7884389852015969
L_1,LH_Vis_1,10.1,15.700000000000001,20.0,0.7652336716018858
L_1,LH_Vis_1,10.1,15.9,16.0,0.7543413623368771
L_1,LH_Vis_1,10.1,16.1,20.0,0.7402668260118118
L_1,LH_Vis_1,10.1,16.3,16.0,0.7276312093985733
L_1,LH_Vis_1,10.1,16.5,20.0,0.7137413532859891
L_1,LH_Vis_1,10.1,16.700000000000003,16.0,0.699765942420187
L_1,LH_Vis_1,10.1,16.9,20.0,0.6859418837795594
L_1,LH_Vis_1,10.1,17.1,16.0,0.6715044266794887
L_1,LH_Vis_1,10.1,17.3,20.0,0.6576866739941929
L_1,LH_Vis_1,10.1,17.5,16.0,0.6438029805043152
L_1,LH_Vis_1,10.1,17.700000000000003,16.0,0.6438029805043152
L_1,LH_Vis_1,10.1,17.9,12.0,0.63041441376857
L_1,LH_Vis_1,10.3,8.1,0.0,
L_1,LH_Vis_1,10.3,8.3,0.0,
L_1,LH_Vis_1,10.3,8.5,0.0,
L_1,LH_Vis_1,10.3,8.7,0.0,
L_1,LH_Vis_1,10.3,8.9,0.0,
L_1,LH_Vis_1,10.3,9.1,1.0,
L_1,LH_Vis_1,10.3,9.3,1.0,
L_1,LH_Vis_1,10.3,9.5,3.0,0.610457044933511
L_1,LH_Vis_1,10.3,9.7,3.0,0.610457044933511
L_1,LH_Vis_1,10.3,9.9,6.0,0.6552955204798492
L_1,LH_Vis_1,10.3,10.1,6.0,0.6552955204798492
L_1,LH_Vis_1,10.3,10.3,10.0,0.6988115643643644
L_1,LH_Vis_1,10.3,10.5,15.0,0.7362342392445421
L_1,LH_Vis_1,10.3,10.7,14.0,0.7497329598513466
L_1,LH_Vis_1,10.3,10.9,19.0,0.7715966212722634
L_1,LH_Vis_1,10.3,11.1,17.0,0.7868362835365739
L_1,LH_Vis_1,10.3,11.3,22.0,0.8011817955437125
L_1,LH_Vis_1,10.3,11.5,19.0,0.817136711257006
L_1,LH_Vis_1,10.3,11.7,24.0,0.82640555373503
L_1,LH_Vis_1,10.3,11.9,20.0,0.8388695384438085
L_1,LH_Vis_1,10.3,12.1,25.0,0.8453234581204498
L_1,LH_Vis_1,10.3,12.3,20.0,0.8538844253993375
L_1,LH_Vis_1,10.3,12.5,25.0,0.8584484821088247
L_1,LH_Vis_1,10.3,12.700000000000001,20.0,0.8648568843233233
L_1,LH_Vis_1,10.3,12.9,25.0,0.8663059992293269
L_1,LH_Vis_1,10.3,13.1,25.0,0.8711537745509291
L_1,LH_Vis_1,10.3,13.3,20.0,0.8735354294007811
L_1,LH_Vis_1,10.3,13.5,25.0,0.8708380241413569
L_1,LH_Vis_1,10.3,13.700000000000001,20.0,0.8707627459699427
L_1,LH_Vis_1,10.3,13.9,25.0,0.8674761184812104
L_1,LH_Vis_1,10.3,14.1,20.0,0.8651689708648194
L_1,LH_Vis_1,10.3,14.3,25.0,0.8593253685820855
L_1,LH_Vis_1,10.3,14.5,20.0,0.8561310960142714
L_1,LH_Vis_1,10.3,14.700000000000001,25.0,0.8482504337143684
L_1,LH_Vis_1,10.3,14.9,20.0,0.8417641888989615
L_1,LH_Vis_1,10.3,15.1,25.0,0.8328420636033687
L_1,LH_Vis_1,10.3,15.3,20.0,0.8260404787282958
L_1,LH_Vis_1,10.3,15.5,25.0,0.8153137063204262
L_1,LH_Vis_1,10.3,15.700000000000001,25.0,0.7935585357727402
L_1,LH_Vis_1,10.3,15.9,20.0,0.782960429853138
L_1,LH_Vis_1,10.3,16.1,25.0,0.7704073023716274
L_1,LH_Vis_1,10.3,16.3,20.0,0.7588271818358451
L_1,LH_Vis_1,10.3,16.5,25.0,0.7457419732126308
L_1,LH_Vis_1,10.3,16.700000000000003,20.0,0.7328890759105393
L_1,LH_Vis_1,10.3,16.9,25.0,0.7203018219154351
L_1,LH_Vis_1,10.3,17.1,20.0,0.707275623222057
L_1,LH_Vis_1,10.3,17.3,25.0,0.6944624176822279
L_1,LH_Vis_1,10.3,17.5,20.0,0.6816895831558221
L_1,LH_Vis_1,10.3,17.700000000000003,20.0,0.6816895831558221
L_1,LH_Vis_1,10.3,17.9,15.0,0.6688545133925679
L_1,LH_Vis_1,10.5,8.1,0.0,
L_1,LH_Vis_1,10.5,8.3,0.0,
L_1,LH_Vis_1,10.5,8.5,0.0,
L_1,LH_Vis_1,10.5,8.7,0.0,
L_1,LH_Vis_1,10.5,8.9,0.0,
L_1,LH_Vis_1,10.5,9.1,0.0,
L_1,LH_Vis_1,10.5,9.3,0.0,
L_1,LH_Vis_1,10.5,9.5,1.0,
L_1,LH_Vis_1,10.5,9.7,1.0,
L_1,LH_Vis_1,10.5,9.9,3.0,0.7199437812573772
L_1,LH_Vis_1,10.5,10.1,3.0,0.7199437812573772
L_1,LH_Vis_1,10.5,10.3,6.0,0.7608416395744317
L_1,LH_Vis_1,10.5,10.5,10.0,0.7939840389859285
L_1,LH_Vis_1,10.5,10.7,10.0,0.7939840389859285
L_1,LH_Vis_1,10.5,10.9,15.0,0.8263900772733693
L_1,LH_Vis_1,10.5,11.1,14.0,0.8363133243831797
L_1,LH_Vis_1,10.5,11.3,19.0,0.855811371023243
L_1,LH_Vis_1,10.5,11.5,17.0,0.8698852543179709
L_1,LH_Vis_1,10.5,11.7,22.0,0.8806969225534758
L_1,LH_Vis_1,10.5,11.9,19.0,0.8931638843422111
L_1,LH_Vis_1,10.5,12.1,24.0,0.9006704066581969
L_1,LH_Vis_1,10.5,12.3,20.0,0.9120649603692016
L_1,LH_Vis_1,10.5,12.5,25.0,0.9164935595500633
L_1,LH_Vis_1,10.5,12.700000000000001,20.0,0.9228164109755163
L_1,LH_Vis_1,10.5,12.9,25.0,0.9243506458018937
L_1,LH_Vis_1,10.5,13.1,25.0,0.9293976150231376
L_1,LH_Vis_1,10.5,13.3,20.0,0.9323828701403741
L_1,LH_Vis_1,10.5,13.5,25.0,0.9300729844326674
L_1,LH_Vis_1,10.5,13.700000000000001,20.0,0.9302924326760984
L_1,LH_Vis_1,10.5,13.9,25.0,0.9269580968732218
L_1,LH_Vis_1,10.5,14.1,20.0,0.9251456320231497
L_1,LH_Vis_1,10.5,14.3,25.0,0.9195641786571227
L_1,LH_Vis_1,10.5,14.5,20.0,0.9168333270445524
L_1,LH_Vis_1,10.5,14.700000000000001,25.0,0.9088468229916136
L_1,LH_Vis_1,10.5,14.9,20.0,0.9021483418091074
L_1,LH_Vis_1,10.5,15.1,25.0,0.8935073404828455
L_1,LH_Vis_1,10.5,15.3,20.0,0.8866758152030968
L_1,LH_Vis_1,10.5,15.5,25.0,0.8769999332340351
L_1,LH_Vis_1,10.5,15.700000000000001,25.0,0.8570593904496541
L_1,LH_Vis_1,10.5,15.9,20.0,0.8470146467638138
L_1,LH_Vis_1,10.5,16.1,25.0,0.8369222956754379
L_1,LH_Vis_1,10.5,16.3,20.0,0.8269276678993329
L_1,LH_Vis_1,10.5,16.5,25.0,0.8152579417450241
L_1,LH_Vis_1,10.5,16.700000000000003,20.0,0.8043365933868305
L_1,LH_Vis_1,10.5,16.9,25.0,0.7933434975465867
L_1,LH_Vis_1,10.5,17.1,20.0,0.7821052705937861
L_1,LH_Vis_1,10.5,17.3,25.0,0.7714290528120848
L_1,LH_Vis_1,10.5,17.5,20.0,0.7608068060801535
L_1,LH_Vis_1,10.5,17.700000000000003,20.0,0.7608068060801535
L_1,LH_Vis_1,10.5,17.9,15.0,0.748891444332893
L_1,LH_Vis_1,10.7,8.1,0.0,
L_1,LH_Vis_1,10.7,8.3,0.0,
L_1,LH_Vis_1,10.7,8.5,0.0,
L_1,LH_Vis_1,10.7,8.7,0.0,
L_1,LH_Vis_1,10.7,8.9,0.0,
L_1,LH_Vis_1,10.7,9.1,0.0,
L_1,LH_Vis_1,10.7,9.3,0.0,
L_1,LH_Vis_1,10.7,9.5,0.0,
L_1,LH_Vis_1,10.7,9.7,0.0,
L_1,LH_Vis_1,10.7,9.9,1.0,
L_1,LH_Vis_1,10.7,10.1,1.0,
L_1,LH_Vis_1,10.7,10.3,3.0,0.8100147873992639
L_1,LH_Vis_1,10.7,10.5,6.0,0.8411715137676464
L_1,LH_Vis_1,10.7,10.7,6.0,0.8411715137676464
L_1,LH_Vis_1,10.7,10.9,10.0,0.8725238372356454
L_1,LH_Vis_1,10.7,11.1,10.0,0.8725238372356454
L_1,LH_Vis_1,10.7,11.3,14.0,0.891599949064023
L_1,LH_Vis_1,10.7,11.5,13.0,0.9019041495675331
L_1,LH_Vis_1,10.7,11.7,17.0,0.9113970881812198
L_1,LH_Vis_1,10.7,11.9,15.0,0.9214234319600891
L_1,LH_Vis_1,10.7,12.1,19.0,0.9285672584397658
L_1,LH_Vis_1,10.7,12.3,16.0,0.9391120743717165
L_1,LH_Vis_1,10.7,12.5,20.0,0.9433651794288009
L_1,LH_Vis_1,10.7,12.700000000000001,16.0,0.9493183936765901
L_1,LH_Vis_1,10.7,12.9,20.0,0.9506313968225865
L_1,LH_Vis_1,10.7,13.1,20.0,0.9554368448842908
L_1,LH_Vis_1,10.7,13.3,16.0,0.9587337714364381
L_1,LH_Vis_1,10.7,13.5,20.0,0.9567987351223645
L_1,LH_Vis_1,10.7,13.700000000000001,16.0,0.9571592669683169
L_1,LH_Vis_1,10.7,13.9,20.0,0.95400248563581
L_1,LH_Vis_1,10.7,14.1,16.0,0.9524087071304781
L_1,LH_Vis_1,10.7,14.3,20.0,0.9472060234692892
L_1,LH_Vis_1,10.7,14.5,16.0,0.9450366769849683
L_1,LH_Vis_1,10.7,14.700000000000001,20.0,0.9367482952577498
L_1,LH_Vis_1,10.7,14.9,16.0,0.9301060018363152
L_1,LH_Vis_1,10.7,15.1,20.0,0.9213788728636182
L_1,LH_Vis_1,10.7,15.3,16.0,0.9144589436130053
L_1,LH_Vis_1,10.7,15.5,20.0,0.9059025033539868
L_1,LH_Vis_1,10.7,15.700000000000001,20.0,0.8866151353284716
L_1,LH_Vis_1,10.7,15.9,16.0,0.8766700969544565
L_1,LH_Vis_1,10.7,16.1,20.0,0.8678761934485276
L_1,LH_Vis_1,10.7,16.3,16.0,0.8589465497234408
L_1,LH_Vis_1,10.7,16.5,20.0,0.8479581321011972
L_1,LH_Vis_1,10.7,16.700000000000003,16.0,0.8383300758832891
L_1,LH_Vis_1,10.7,16.9,20.0,0.8276819398284943
L_1,LH_Vis_1,10.7,17.1,16.0,0.8166832392061398
L_1,LH_Vis_1,10.7,17.3,20.0,0.8075088504959625
L_1,LH_Vis_1,10.7,17.5,16.0,0.7981514330754012
L_1,LH_Vis_1,10.7,17.700000000000003,16.0,0.7981514330754012
L_1,LH_Vis_1,10.7,17.9,12.0,0.7866350509589307
L_1,LH_Vis_1,10.9,8.1,0.0,
L_1,LH_Vis_1,10.9,8.3,0.0,
L_1,LH_Vis_1,10.9,8.5,0.0,
L_1,LH_Vis_1,10.9,8.7,0.0,
L_1,LH_Vis_1,10.9,8.9,0.0,
L_1,LH_Vis_1,10.9,9.1,0.0,
L_1,LH_Vis_1,10.9,9.3,0.0,
L_1,LH_Vis_1,10.9,9.5,0.0,
L_1,LH_Vis_1,10.9,9.7,0.0,
L_1,LH_Vis_1,10.9,9.9,1.0,
L_1,LH_Vis_1,10.9,10.1,1.0,
L_1,LH_Vis_1,10.9,10.3,3.0,0.8100147873992639
L_1,LH_Vis_1,10.9,10.5,6.0,0.8411715137676464
L_1,LH_Vis_1,10.9,10.7,6.0,0.8411715137676464
L_1,LH_Vis_1,10.9,10.9,10.0,0.8725238372356454
L_1,LH_Vis_1,10.9,11.1,10.0,0.8725238372356454
L_1,LH_Vis_1,10.9,11.3,15.0,0.899237568367698
L_1,LH_Vis_1,10.9,11.5,14.0,0.9093512987855057
L_1,LH_Vis_1,10.9,11.7,19.0,0.9229739858492796
L_1,LH_Vis_1,10.9,11.9,17.0,0.9331827477327594
L_1,LH_Vis_1,10.9,12.1,22.0,0.9420473597492713
L_1,LH_Vis_1,10.9,12.3,19.0,0.9530556417934676
L_1,LH_Vis_1,10.9,12.5,24.0,0.9582077007493329
L_1,LH_Vis_1,10.9,12.700000000000001,20.0,0.9659387764116707
L_1,LH_Vis_1,10.9,12.9,25.0,0.9677057670803173
L_1,LH_Vis_1,10.9,13.1,25.0,0.9726334093488
L_1,LH_Vis_1,10.9,13.3,20.0,0.9755123842790386
L_1,LH_Vis_1,10.9,13.5,25.0,0.9734320716540082
L_1,LH_Vis_1,10.9,13.700000000000001,20.0,0.9737433294161573
L_1,LH_Vis_1,10.9,13.9,25.0,0.9702342699781581
L_1,LH_Vis_1,10.9,14.1,20.0,0.9683464562772924
L_1,LH_Vis_1,10.9,14.3,25.0,0.9632391723642344
L_1,LH_Vis_1,10.9,14.5,20.0,0.9603555330165673
L_1,LH_Vis_1,10.9,14.700000000000001,25.0,0.9533497218778239
L_1,LH_Vis_1,10.9,14.9,20.0,0.9473613418537251
L_1,LH_Vis_1,10.9,15.1,25.0,0.9394304422509333
L_1,LH_Vis_1,10.9,15.3,20.0,0.9330103475251947
L_1,LH_Vis_1,10.9,15.5,25.0,0.9249851115002723
L_1,LH_Vis_1,10.9,15.700000000000001,25.0,0.9080587068737319
L_1,LH_Vis_1,10.9,15.9,20.0,0.8993708744141642
L_1,LH_Vis_1,10.9,16.1,25.0,0.8912112783340146
L_1,LH_Vis_1,10.9,16.3,20.0,0.8826824785868057
L_1,LH_Vis_1,10.9,16.5,25.0,0.8736087716116642
L_1,LH_Vis_1,10.9,16.700000000000003,20.0,0.8650842535546392
L_1,LH_Vis_1,10.9,16.9,25.0,0.8555780450764127
L_1,LH_Vis_1,10.9,17.1,20.0,0.8462515144953704
L_1,LH_Vis_1,10.9,17.3,25.0,0.8376776230898955
L_1,LH_Vis_1,10.9,17.5,20.0,0.8292055265890041
L_1,LH_Vis_1,10.9,17.700000000000003,20.0,0.8292055265890041
L_1,LH_Vis_1,10.9,17.9,15.0,0.8194164041141999
L_1,LH_Vis_1,11.1,8.1,0.0,
L_1,LH_Vis_1,11.1,8.3,0.0,
L_1,LH_Vis_1,11.1,8.5,0.0,
L_1,LH_Vis_1,11.1,8.7,0.0,
L_1,LH_Vis_1,11.1,8.9,0.0,
L_1,LH_Vis_1,11.1,9.1,0.0,
L_1,LH_Vis_1,11.1,9.3,0.0,
L_1,LH_Vis_1,11.1,9.5,0.0,
L_1,LH_Vis_1,11.1,9.7,0.0,
L_1,LH_Vis_1,11.1,9.9,0.0,
L_1,LH_Vis_1,11.1,10.1,0.0,
L_1,LH_Vis_1,11.1,10.3,1.0,
L_1,LH_Vis_1,11.1,10.5,3.0,0.8876277214209548
L_1,LH_Vis_1,11.1,10.7,3.0,0.8876277214209548
L_1,LH_Vis_1,11.1,10.9,6.0,0.9161088463772665
L_1,LH_Vis_1,11.1,11.1,6.0,0.9161088463772665
L_1,LH_Vis_1,11.1,11.3,10.0,0.9399338295400954
L_1,LH_Vis_1,11.1,11.5,10.0,0.9399338295400954
L_1,LH_Vis_1,11.1,11.7,14.0,0.9527574342708667
L_1,LH_Vis_1,11.1,11.9,13.0,0.9591890408448314
L_1,LH_Vis_1,11.1,12.1,17.0,0.9681476376481274
L_1,LH_Vis_1,11.1,12.3,15.0,0.9776515483043082
L_1,LH_Vis_1,11.1,12.5,19.0,0.9829828191218568
L_1,LH_Vis_1,11.1,12.700000000000001,16.0,0.9901814780821593
L_1,LH_Vis_1,11.1,12.9,20.0,0.9919587268159124
L_1,LH_Vis_1,11.1,13.1,20.0,0.9969862969358589
L_1,LH_Vis_1,11.1,13.3,16.0,1.000028759645375
L_1,LH_Vis_1,11.1,13.5,20.0,0.998021882403237
L_1,LH_Vis_1,11.1,13.700000000000001,16.0,0.9982115836893366
L_1,LH_Vis_1,11.1,13.9,20.0,0.9944084890453337
L_1,LH_Vis_1,11.1,14.1,16.0,0.9922668401347511
L_1,LH_Vis_1,11.1,14.3,20.0,0.9873455004248768
L_1,LH_Vis_1,11.1,14.5,16.0,0.9844149450933647
L_1,LH_Vis_1,11.1,14.700000000000001,20.0,0.9780630473205469
L_1,LH_Vis_1,11.1,14.9,16.0,0.9723765204296662
L_1,LH_Vis_1,11.1,15.1,20.0,0.964842351115608
L_1,LH_Vis_1,11.1,15.3,16.0,0.9585543455358386
L_1,LH_Vis_1,11.1,15.5,20.0,0.9511352001533799
L_1,LH_Vis_1,11.1,15.700000000000001,20.0,0.9358941013644368
L_1,LH_Vis_1,11.1,15.9,16.0,0.927952591309201
L_1,LH_Vis_1,11.1,16.1,20.0,0.9205537418934149
L_1,LH_Vis_1,11.1,16.3,16.0,0.9125283133094496
L_1,LH_Vis_1,11.1,16.5,20.0,0.9049830350783031
L_1,LH_Vis_1,11.1,16.700000000000003,16.0,0.897552375383035
L_1,LH_Vis_1,11.1,16.9,20.0,0.8889428667338833
L_1,LH_Vis_1,11.1,17.1,16.0,0.880813928761468
L_1,LH_Vis_1,11.1,17.3,20.0,0.8730222546786983
L_1,LH_Vis_1,11.1,17.5,16.0,0.865530164217221
L_1,LH_Vis_1,11.1,17.700000000000003,16.0,0.865530164217221
L_1,LH_Vis_1,11.1,17.9,12.0,0.8570541042128709
L_1,LH_Vis_1,11.3,8.1,0.0,
L_1,LH_Vis_1,11.3,8.3,0.0,
L_1,LH_Vis_1,11.3,8.5,0.0,
L_1,LH_Vis_1,11.3,8.7,0.0,
L_1,LH_Vis_1,11.3,8.9,0.0,
L_1,LH_Vis_1,11.3,9.1,0.0,
L_1,LH_Vis_1,11.3,9.3,0.0,
L_1,LH_Vis_1,11.3,9.5,0.0,
L_1,LH_Vis_1,11.3,9.7,0.0,
L_1,LH_Vis_1,11.3,9.9,0.0,
L_1,LH_Vis_1,11.3,10.1,0.0,
L_1,LH_Vis_1,11.3,10.3,1.0,
L_1,LH_Vis_1,11.3,10.5,3.0,0.8876277214209548
L_1,LH_Vis_1,11.3,10.7,3.0,0.8876277214209548
L_1,LH_Vis_1,11.3,10.9,6.0,0.9161088463772665
L_1,LH_Vis_1,11.3,11.1,6.0,0.9161088463772665
L_1,LH_Vis_1,11.3,11.3,10.0,0.9399338295400954
L_1,LH_Vis_1,11.3,11.5,10.0,0.9399338295400954
L_1,LH_Vis_1,11.3,11.7,15.0,0.9597966314694781
L_1,LH_Vis_1,11.3,11.9,14.0,0.9662716373737747
L_1,LH_Vis_1,11.3,12.1,19.0,0.9776785166745396
L_1,LH_Vis_1,11.3,12.3,17.0,0.9871856000801591
L_1,LH_Vis_1,11.3,12.5,22.0,0.9934549953240215
L_1,LH_Vis_1,11.3,12.700000000000001,19.0,1.0011705254277758
L_1,LH_Vis_1,11.3,12.9,24.0,1.0038403648012009
L_1,LH_Vis_1,11.3,13.1,25.0,1.0100887179387343
L_1,LH_Vis_1,11.3,13.3,20.0,1.012730338591357
L_1,LH_Vis_1,11.3,13.5,25.0,1.0111905554887022
L_1,LH_Vis_1,11.3,13.700000000000001,20.0,1.0115837496817077
L_1,LH_Vis_1,11.3,13.9,25.0,1.0082678492100048
L_1,LH_Vis_1,11.3,14.1,20.0,1.0066420767242177
L_1,LH_Vis_1,11.3,14.3,25.0,1.001960262710625
L_1,LH_Vis_1,11.3,14.5,20.0,0.9989538897832275
L_1,LH_Vis_1,11.3,14.700000000000001,25.0,0.993532256506059
L_1,LH_Vis_1,11.3,14.9,20.0,0.9887786001137296
L_1,LH_Vis_1,11.3,15.1,25.0,0.9819637440816983
L_1,LH_Vis_1,11.3,15.3,20.0,0.9761968243326022
L_1,LH_Vis_1,11.3,15.5,25.0,0.9692983802262062
L_1,LH_Vis_1,11.3,15.700000000000001,25.0,0.9560082437026525
L_1,LH_Vis_1,11.3,15.9,20.0,0.949202052964252
L_1,LH_Vis_1,11.3,16.1,25.0,0.9429339703934662
L_1,LH_Vis_1,11.3,16.3,20.0,0.935706032142486
L_1,LH_Vis_1,11.3,16.5,25.0,0.9290155542387319
L_1,LH_Vis_1,11.3,16.700000000000003,20.0,0.9225933628100215
L_1,LH_Vis_1,11.3,16.9,25.0,0.9152695497560919
L_1,LH_Vis_1,11.3,17.1,20.0,0.9086607862449594
L_1,LH_Vis_1,11.3,17.3,25.0,0.9015564508058701
L_1,LH_Vis_1,11.3,17.5,20.0,0.8948071723309811
L_1,LH_Vis_1,11.3,17.700000000000003,20.0,0.8948071723309811
L_1,LH_Vis_1,11.3,17.9,15.0,0.8871223497378672
L_1,LH_Vis_1,11.5,8.1,0.0,
L_1,LH_Vis_1,11.5,8.3,0.0,
L_1,LH_Vis_1,11.5,8.5,0.0,
L_1,LH_Vis_1,11.5,8.7,0.0,
L_1,LH_Vis_1,11.5,8.9,0.0,
L_1,LH_Vis_1,11.5,9.1,0.0,
L_1,LH_Vis_1,11.5,9.3,0.0,
L_1,LH_Vis_1,11.5,9.5,0.0,
L_1,LH_Vis_1,11.5,9.7,0.0,
L_1,LH_Vis_1,11.5,9.9,0.0,
L_1,LH_Vis_1,11.5,10.1,0.0,
L_1,LH_Vis_1,11.5,10.3,0.0,
L_1,LH_Vis_1,11.5,10.5,1.0,
L_1,LH_Vis_1,11.5,10.7,1.0,
L_1,LH_Vis_1,11.5,10.9,3.0,0.9483549550640764
L_1,LH_Vis_1,11.5,11.1,3.0,0.9483549550640764
L_1,LH_Vis_1,11.5,11.3,6.0,0.9702575166373618
L_1,LH_Vis_1,11.5,11.5,6.0,0.9702575166373618
L_1,LH_Vis_1,11.5,11.7,10.0,0.9890033514260651
L_1,LH_Vis_1,11.5,11.9,10.0,0.9890033514260651
L_1,LH_Vis_1,11.5,12.1,14.0,0.9992882151902167
L_1,LH_Vis_1,11.5,12.3,13.0,1.0061091504542623
L_1,LH_Vis_1,11.5,12.5,17.0,1.0116968411615286
L_1,LH_Vis_1,11.5,12.700000000000001,15.0,1.0176264994207584
L_1,LH_Vis_1,11.5,12.9,19.0,1.0205638787199507
L_1,LH_Vis_1,11.5,13.1,20.0,1.026418771747671
L_1,LH_Vis_1,11.5,13.3,16.0,1.0287429387823084
L_1,LH_Vis_1,11.5,13.5,20.0,1.0276128565391673
L_1,LH_Vis_1,11.5,13.700000000000001,16.0,1.02826597702381
L_1,LH_Vis_1,11.5,13.9,20.0,1.0247332597782906
L_1,LH_Vis_1,11.5,14.1,16.0,1.0234523657328274
L_1,LH_Vis_1,11.5,14.3,20.0,1.0186947341128791
L_1,LH_Vis_1,11.5,14.5,16.0,1.015473654868119
L_1,LH_Vis_1,11.5,14.700000000000001,20.0,1.010585364994109
L_1,LH_Vis_1,11.5,14.9,16.0,1.0060978328734924
L_1,LH_Vis_1,11.5,15.1,20.0,0.9998040626407244
L_1,LH_Vis_1,11.5,15.3,16.0,0.993981946409255
L_1,LH_Vis_1,11.5,15.5,20.0,0.9876763761736541
L_1,LH_Vis_1,11.5,15.700000000000001,20.0,0.9765764248905201
L_1,LH_Vis_1,11.5,15.9,16.0,0.9708044792048782
L_1,LH_Vis_1,11.5,16.1,20.0,0.9658680512680785
L_1,LH_Vis_1,11.5,16.3,16.0,0.9595770127105809
L_1,LH_Vis_1,11.5,16.5,20.0,0.953885679752759
L_1,LH_Vis_1,11.5,16.700000000000003,16.0,0.9486998542635354
L_1,LH_Vis_1,11.5,16.9,20.0,0.9427456739025457
L_1,LH_Vis_1,11.5,17.1,16.0,0.9378185685703695
L_1,LH_Vis_1,11.5,17.3,20.0,0.931457045091296
L_1,LH_Vis_1,11.5,17.5,16.0,0.9255456477689843
L_1,LH_Vis_1,11.5,17.700000000000003,16.0,0.9255456477689843
L_1,LH_Vis_1,11.5,17.9,12.0,0.9186867505183525
L_1,LH_Vis_1,11.7,8.1,0.0,
L_1,LH_Vis_1,11.7,8.3,0.0,
L_1,LH_Vis_1,11.7,8.5,0.0,
L_1,LH_Vis_1,11.7,8.7,0.0,
L_1,LH_Vis_1,11.7,8.9,0.0,
L_1,LH_Vis_1,11.7,9.1,0.0,
L_1,LH_Vis_1,11.7,9.3,0.0,
L_1,LH_Vis_1,11.7,9.5,0.0,
L_1,LH_Vis_1,11.7,9.7,0.0,
L_1,LH_Vis_1,11.7,9.9,0.0,
L_1,LH_Vis_1,11.7,10.1,0.0,
L_1,LH_Vis_1,11.7,10.3,0.0,
L_1,LH_Vis_1,11.7,10.5,1.0,
L_1,LH_Vis_1,11.7,10.7,1.0,
L_1,LH_Vis_1,11.7,10.9,3.0,0.9483549550640764
L_1,LH_Vis_1,11.7,11.1,3.0,0.9483549550640764
L_1,LH_Vis_1,11.7,11.3,6.0,0.9702575166373618
L_1,LH_Vis_1,11.7,11.5,6.0,0.9702575166373618
L_1,LH_Vis_1,11.7,11.7,10.0,0.9890033514260651
L_1,LH_Vis_1,11.7,11.9,10.0,0.9890033514260651
L_1,LH_Vis_1,11.7,12.1,15.0,1.002414832047528
L_1,LH_Vis_1,11.7,12.3,14.0,1.0089718874253781
L_1,LH_Vis_1,11.7,12.5,19.0,1.0157303939939761
L_1,LH_Vis_1,11.7,12.700000000000001,17.0,1.0214369810265262
L_1,LH_Vis_1,11.7,12.9,22.0,1.0252316609379335
L_1,LH_Vis_1,11.7,13.1,24.0,1.0309269947839723
L_1,LH_Vis_1,11.7,13.3,20.0,1.0336879730189426
L_1,LH_Vis_1,11.7,13.5,25.0,1.0330450850339554
L_1,LH_Vis_1,11.7,13.700000000000001,20.0,1.033996907969831
L_1,LH_Vis_1,11.7,13.9,25.0,1.0314451824761743
L_1,LH_Vis_1,11.7,14.1,20.0,1.0306429249987052
L_1,LH_Vis_1,11.7,14.3,25.0,1.0264753150536168
L_1,LH_Vis_1,11.7,14.5,20.0,1.0235607506578415
L_1,LH_Vis_1,11.7,14.700000000000001,25.0,1.0198619366123556
L_1,LH_Vis_1,11.7,14.9,20.0,1.0166458423248077
L_1,LH_Vis_1,11.7,15.1,25.0,1.0113488044828913
L_1,LH_Vis_1,11.7,15.3,20.0,1.0065676223301125
L_1,LH_Vis_1,11.7,15.5,25.0,1.0011680206590678
L_1,LH_Vis_1,11.7,15.700000000000001,25.0,0.9916510401031333
L_1,LH_Vis_1,11.7,15.9,20.0,0.987112581310601
L_1,LH_Vis_1,11.7,16.1,25.0,0.9827772537221048
L_1,LH_Vis_1,11.7,16.3,20.0,0.9772048970450278
L_1,LH_Vis_1,11.7,16.5,25.0,0.9729965837446649
L_1,LH_Vis_1,11.7,16.700000000000003,20.0,0.9687055664020245
L_1,LH_Vis_1,11.7,16.9,25.0,0.9634379023318245
L_1,LH_Vis_1,11.7,17.1,20.0,0.9594049744210583
L_1,LH_Vis_1,11.7,17.3,25.0,0.954042433085469
L_1,LH_Vis_1,11.7,17.5,20.0,0.9491396969263676
L_1,LH_Vis_1,11.7,17.700000000000003,20.0,0.9491396969263676
L_1,LH_Vis_1,11.7,17.9,15.0,0.9437076147791164
L_1,LH_Vis_1,11.9,8.1,0.0,
L_1,LH_Vis_1,11.9,8.3,0.0,
L_1,LH_Vis_1,11.9,8.5,0.0,
L_1,LH_Vis_1,11.9,8.7,0.0,
L_1,LH_Vis_1,11.9,8.9,0.0,
L_1,LH_Vis_1,11.9,9.1,0.0,
L_1,LH_Vis_1,11.9,9.3,0.0,
L_1,LH_Vis_1,11.9,9.5,0.0,
L_1,LH_Vis_1,11.9,9.7,0.0,
L_1,LH_Vis_1,11.9,9.9,0.0,
L_1,LH_Vis_1,11.9,10.1,0.0,
L_1,LH_Vis_1,11.9,10.3,0.0,
L_1,LH_Vis_1,11.9,10.5,0.0,
L_1,LH_Vis_1,11.9,10.7,0.0,
L_1,LH_Vis_1,11.9,10.9,1.0,
L_1,LH_Vis_1,11.9,11.1,1.0,
L_1,LH_Vis_1,11.9,11.3,3.0,1.0029492537182938
L_1,LH_Vis_1,11.9,11.5,3.0,1.0029492537182938
L_1,LH_Vis_1,11.9,11.7,6.0,1.0186973919334732
L_1,LH_Vis_1,11.9,11.9,6.0,1.0186973919334732
L_1,LH_Vis_1,11.9,12.1,10.0,1.0275123365506242
L_1,LH_Vis_1,11.9,12.3,10.0,1.0275123365506242
L_1,LH_Vis_1,11.9,12.5,14.0,1.0328187605116603
L_1,LH_Vis_1,11.9,12.700000000000001,13.0,1.0358505115618108
L_1,LH_Vis_1,11.9,12.9,17.0,1.039959381358569
L_1,LH_Vis_1,11.9,13.1,19.0,1.0442707771843727
L_1,LH_Vis_1,11.9,13.3,16.0,1.0461130110035701
L_1,LH_Vis_1,11.9,13.5,20.0,1.0459215593245648
L_1,LH_Vis_1,11.9,13.700000000000001,16.0,1.0472182607866185
L_1,LH_Vis_1,11.9,13.9,20.0,1.0453513798135634
L_1,LH_Vis_1,11.9,14.1,16.0,1.0451680196633917
L_1,LH_Vis_1,11.9,14.3,20.0,1.041358476418626
L_1,LH_Vis_1,11.9,14.5,16.0,1.0383697934737741
L_1,LH_Vis_1,11.9,14.700000000000001,20.0,1.0359424172508869
L_1,LH_Vis_1,11.9,14.9,16.0,1.033848206082197
L_1,LH_Vis_1,11.9,15.1,20.0,1.029258936889154
L_1,LH_Vis_1,11.9,15.3,16.0,1.0252847329593064
L_1,LH_Vis_1,11.9,15.5,20.0,1.020756878124899
L_1,LH_Vis_1,11.9,15.700000000000001,20.0,1.0128493020148772
L_1,LH_Vis_1,11.9,15.9,16.0,1.0095315516587058
L_1,LH_Vis_1,11.9,16.1,20.0,1.0057292651999088
L_1,LH_Vis_1,11.9,16.3,16.0,1.0006033534100518
L_1,LH_Vis_1,11.9,16.5,20.0,0.9978096164510314
L_1,LH_Vis_1,11.9,16.700000000000003,16.0,0.9945365555345433
L_1,LH_Vis_1,11.9,16.9,20.0,0.989861984300046
L_1,LH_Vis_1,11.9,17.1,16.0,0.9866661156782404
L_1,LH_Vis_1,11.9,17.3,20.0,0.9821616932482444
L_1,LH_Vis_1,11.9,17.5,16.0,0.978115622717497
L_1,LH_Vis_1,11.9,17.700000000000003,16.0,0.978115622717497
L_1,LH_Vis_1,11.9,17.9,12.0,0.9739807905017557
L_1,LH_Vis_1,12.1,8.1,0.0,
L_1,LH_Vis_1,12.1,8.3,0.0,
L_1,LH_Vis_1,12.1,8.5,0.0,
L_1,LH_Vis_1,12.1,8.7,0.0,
L_1,LH_Vis_1,12.1,8.9,0.0,
L_1,LH_Vis_1,12.1,9.1,0.0,
L_1,LH_Vis_1,12.1,9.3,0.0,
L_1,LH_Vis_1,12.1,9.5,0.0,
L_1,LH_Vis_1,12.1,9.7,0.0,
L_1,LH_Vis_1,12.1,9.9,0.0,
L_1,LH_Vis_1,12.1,10.1,0.0,
L_1,LH_Vis_1,12.1,10.3,0.0,
L_1,LH_Vis_1,12.1,10.5,0.0,
L_1,LH_Vis_1,12.1,10.7,0.0,
L_1,LH_Vis_1,12.1,10.9,1.0,
L_1,LH_Vis_1,12.1,11.1,1.0,
L_1,LH_Vis_1,12.1,11.3,3.0,1.0029492537182938
L_1,LH_Vis_1,12.1,11.5,3.0,1.0029492537182938
L_1,LH_Vis_1,12.1,11.7,6.0,1.0186973919334732
L_1,LH_Vis_1,12.1,11.9,6.0,1.0186973919334732
L_1,LH_Vis_1,12.1,12.1,10.0,1.0275123365506242
L_1,LH_Vis_1,12.1,12.3,10.0,1.0275123365506242
L_1,LH_Vis_1,12.1,12.5,15.0,1.035274666156358
L_1,LH_Vis_1,12.1,12.700000000000001,14.0,1.0382652853918333
L_1,LH_Vis_1,12.1,12.9,19.0,1.0432217315847914
L_1,LH_Vis_1,12.1,13.1,22.0,1.047324279580817
L_1,LH_Vis_1,12.1,13.3,19.0,1.049357766333264
L_1,LH_Vis_1,12.1,13.5,24.0,1.0493506241205726
L_1,LH_Vis_1,12.1,13.700000000000001,20.0,1.051073798249417
L_1,LH_Vis_1,12.1,13.9,25.0,1.049601041809286
L_1,LH_Vis_1,12.1,14.1,20.0,1.049301470919651
L_1,LH_Vis_1,12.1,14.3,25.0,1.046528285150992
L_1,LH_Vis_1,12.1,14.5,20.0,1.0438854112074716
L_1,LH_Vis_1,12.1,14.700000000000001,25.0,1.042846561799605
L_1,LH_Vis_1,12.1,14.9,20.0,1.0417900515014002
L_1,LH_Vis_1,12.1,15.1,25.0,1.0385883212854394
L_1,LH_Vis_1,12.1,15.3,20.0,1.0359045306787131
L_1,LH_Vis_1,12.1,15.5,25.0,1.0319744855247897
L_1,LH_Vis_1,12.1,15.700000000000001,25.0,1.0264781095585607
L_1,LH_Vis_1,12.1,15.9,20.0,1.024238751429112
L_1,LH_Vis_1,12.1,16.1,25.0,1.0214533796555667
L_1,LH_Vis_1,12.1,16.3,20.0,1.017143933527424
L_1,LH_Vis_1,12.1,16.5,25.0,1.0155845052743409
L_1,LH_Vis_1,12.1,16.700000000000003,20.0,1.0130352814875265
L_1,LH_Vis_1,12.1,16.9,25.0,1.0094756282321113
L_1,LH_Vis_1,12.1,17.1,20.0,1.0077809590628652
L_1,LH_Vis_1,12.1,17.3,25.0,1.0040397776864092
L_1,LH_Vis_1,12.1,17.5,20.0,1.0009926880536066
L_1,LH_Vis_1,12.1,17.700000000000003,20.0,1.0009926880536066
L_1,LH_Vis_1,12.1,17.9,15.0,0.9978862865510137
L_1,LH_Vis_1,12.3,8.1,0.0,
L_1,LH_Vis_1,12.3,8.3,0.0,
L_1,LH_Vis_1,12.3,8.5,0.0,
L_1,LH_Vis_1,12.3,8.7,0.0,
L_1,LH_Vis_1,12.3,8.9,0.0,
L_1,LH_Vis_1,12.3,9.1,0.0,
L_1,LH_Vis_1,12.3,9.3,0.0,
L_1,LH_Vis_1,12.3,9.5,0.0,
L_1,LH_Vis_1,12.3,9.7,0.0,
L_1,LH_Vis_1,12.3,9.9,0.0,
L_1,LH_Vis_1,12.3,10.1,0.0,
L_1,LH_Vis_1,12.3,10.3,0.0,
L_1,LH_Vis_1,12.3,10.5,0.0,
L_1,LH_Vis_1,12.3,10.7,0.0,
L_1,LH_Vis_1,12.3,10.9,0.0,
L_1,LH_Vis_1,12.3,11.1,0.0,
L_1,LH_Vis_1,12.3,11.3,1.0,
L_1,LH_Vis_1,12.3,11.5,1.0,
L_1,LH_Vis_1,12.3,11.7,3.0,1.0337002081018716
L_1,LH_Vis_1,12.3,11.9,3.0,1.0337002081018716
L_1,LH_Vis_1,12.3,12.1,6.0,1.040972241496064
L_1,LH_Vis_1,12.3,12.3,6.0,1.040972241496064
L_1,LH_Vis_1,12.3,12.5,10.0,1.0478706094542858
L_1,LH_Vis_1,12.3,12.700000000000001,10.0,1.0478706094542858
L_1,LH_Vis_1,12.3,12.9,14.0,1.0528069086741147
L_1,LH_Vis_1,12.3,13.1,17.0,1.054908951171893
L_1,LH_Vis_1,12.3,13.3,15.0,1.0559010522823808
L_1,LH_Vis_1,12.3,13.5,19.0,1.055737216606511
L_1,LH_Vis_1,12.3,13.700000000000001,16.0,1.0571421431783088
L_1,LH_Vis_1,12.3,13.9,20.0,1.0559398150690313
L_1,LH_Vis_1,12.3,14.1,16.0,1.0553702284883848
L_1,LH_Vis_1,12.3,14.3,20.0,1.0531490596736646
L_1,LH_Vis_1,12.3,14.5,16.0,1.0501494104111586
L_1,LH_Vis_1,12.3,14.700000000000001,20.0,1.0506489711715121
L_1,LH_Vis_1,12.3,14.9,16.0,1.0507912335204075
L_1,LH_Vis_1,12.3,15.1,20.0,1.0488799166170981
L_1,LH_Vis_1,12.3,15.3,16.0,1.047319187565873
L_1,LH_Vis_1,12.3,15.5,20.0,1.0438115395820002
L_1,LH_Vis_1,12.3,15.700000000000001,20.0,1.0408101616992926
L_1,LH_Vis_1,12.3,15.9,16.0,1.0399466060204197
L_1,LH_Vis_1,12.3,16.1,20.0,1.0379426008215102
L_1,LH_Vis_1,12.3,16.3,16.0,1.0342664474736565
L_1,LH_Vis_1,12.3,16.5,20.0,1.0343703052034616
L_1,LH_Vis_1,12.3,16.700000000000003,16.0,1.0326542192533619
L_1,LH_Vis_1,12.3,16.9,20.0,1.030468941980581
L_1,LH_Vis_1,12.3,17.1,16.0,1.0306409405640988
L_1,LH_Vis_1,12.3,17.3,20.0,1.0274955123203533
L_1,LH_Vis_1,12.3,17.5,16.0,1.0253384870958462
L_1,LH_Vis_1,12.3,17.700000000000003,16.0,1.0253384870958462
L_1,LH_Vis_1,12.3,17.9,12.0,1.0238091227858372
L_1,LH_Vis_1,12.5,8.1,0.0,
L_1,LH_Vis_1,12.5,8.3,0.0,
L_1,LH_Vis_1,12.5,8.5,0.0,
L_1,LH_Vis_1,12.5,8.7,0.0,
L_1,LH_Vis_1,12.5,8.9,0.0,
L_1,LH_Vis_1,12.5,9.1,0.0,
L_1,LH_Vis_1,12.5,9.3,0.0,
L_1,LH_Vis_1,12.5,9.5,0.0,
L_1,LH_Vis_1,12.5,9.7,0.0,
L_1,LH_Vis_1,12.5,9.9,0.0,
L_1,LH_Vis_1,12.5,10.1,0.0,
L_1,LH_Vis_1,12.5,10.3,0.0,
L_1,LH_Vis_1,12.5,10.5,0.0,
L_1,LH_Vis_1,12.5,10.7,0.0,
L_1,LH_Vis_1,12.5,10.9,0.0,
L_1,LH_Vis_1,12.5,11.1,0.0,
L_1,LH_Vis_1,12.5,11.3,1.0,
L_1,LH_Vis_1,12.5,11.5,1.0,
L_1,LH_Vis_1,12.5,11.7,3.0,1.0337002081018716
L_1,LH_Vis_1,12.5,11.9,3.0,1.0337002081018716
L_1,LH_Vis_1,12.5,12.1,6.0,1.040972241496064
L_1,LH_Vis_1,12.5,12.3,6.0,1.040972241496064
L_1,LH_Vis_1,12.5,12.5,10.0,1.0478706094542858
L_1,LH_Vis_1,12.5,12.700000000000001,10.0,1.0478706094542858
L_1,LH_Vis_1,12.5,12.9,15.0,1.0512056621224994
L_1,LH_Vis_1,12.5,13.1,19.0,1.0536609369437948
L_1,LH_Vis_1,12.5,13.3,17.0,1.0543894950732726
L_1,LH_Vis_1,12.5,13.5,22.0,1.054702291098771
L_1,LH_Vis_1,12.5,13.700000000000001,19.0,1.055721977868536
L_1,LH_Vis_1,12.5,13.9,24.0,1.055474301811793
L_1,LH_Vis_1,12.5,14.1,20.0,1.0549255298958282
L_1,LH_Vis_1,12.5,14.3,25.0,1.0540928879819826
L_1,LH_Vis_1,12.5,14.5,20.0,1.0531471681127464
L_1,LH_Vis_1,12.5,14.700000000000001,25.0,1.0537833139665649
L_1,LH_Vis_1,12.5,14.9,20.0,1.0543472870225186
L_1,LH_Vis_1,12.5,15.1,25.0,1.0532157456149636
L_1,LH_Vis_1,12.5,15.3,20.0,1.0525782326223383
L_1,LH_Vis_1,12.5,15.5,25.0,1.0500732121776648
L_1,LH_Vis_1,12.5,15.700000000000001,25.0,1.0484671340894378
L_1,LH_Vis_1,12.5,15.9,20.0,1.047893337530147
L_1,LH_Vis_1,12.5,16.1,25.0,1.0473822775497823
L_1,LH_Vis_1,12.5,16.3,20.0,1.045145872591768
L_1,LH_Vis_1,12.5,16.5,25.0,1.0460306597914597
L_1,LH_Vis_1,12.5,16.700000000000003,20.0,1.045365929743139
L_1,LH_Vis_1,12.5,16.9,25.0,1.0438814008803154
L_1,LH_Vis_1,12.5,17.1,20.0,1.0448384685006515
L_1,LH_Vis_1,12.5,17.3,25.0,1.0429908853415766
L_1,LH_Vis_1,12.5,17.5,20.0,1.042112921088212
L_1,LH_Vis_1,12.5,17.700000000000003,20.0,1.042112921088212
L_1,LH_Vis_1,12.5,17.9,15.0,1.0410378822415083
L_1,LH_Vis_1,12.700000000000001,8.1,0.0,
L_1,LH_Vis_1,12.700000000000001,8.3,0.0,
L_1,LH_Vis_1,12.700000000000001,8.5,0.0,
L_1,LH_Vis_1,12.700000000000001,8.7,0.0,
L_1,LH_Vis_1,12.700000000000001,8.9,0.0,
L_1,LH_Vis_1,12.700000000000001,9.1,0.0,
L_1,LH_Vis_1,12.700000000000001,9.3,0.0,
L_1,LH_Vis_1,12.700000000000001,9.5,0.0,
L_1,LH_Vis_1,12.700000000000001,9.7,0.0,
L_1,LH_Vis_1,12.700000000000001,9.9,0.0,
L_1,LH_Vis_1,12.700000000000001,10.1,0.0,
L_1,LH_Vis_1,12.700000000000001,10.3,0.0,
L_1,LH_Vis_1,12.700000000000001,10.5,0.0,
L_1,LH_Vis_1,12.700000000000001,10.7,0.0,
L_1,LH_Vis_1,12.700000000000001,10.9,0.0,
L_1,LH_Vis_1,12.700000000000001,11.1,0.0,
L_1,LH_Vis_1,12.700000000000001,11.3,0.0,
L_1,LH_Vis_1,12.700000000000001,11.5,0.0,
L_1,LH_Vis_1,12.700000000000001,11.7,1.0,
L_1,LH_Vis_1,12.700000000000001,11.9,1.0,
L_1,LH_Vis_1,12.700000000000001,12.1,3.0,1.0545231482826551
L_1,LH_Vis_1,12.700000000000001,12.3,3.0,1.0545231482826551
L_1,LH_Vis_1,12.700000000000001,12.5,6.0,1.0581708108558143
L_1,LH_Vis_1,12.700000000000001,12.700000000000001,6.0,1.0581708108558143
L_1,LH_Vis_1,12.700000000000001,12.9,10.0,1.0588068691281294
L_1,LH_Vis_1,12.700000000000001,13.1,14.0,1.058032818992708
L_1,LH_Vis_1,12.700000000000001,13.3,13.0,1.05800877489599
L_1,LH_Vis_1,12.700000000000001,13.5,17.0,1.0590366656041201
L_1,LH_Vis_1,12.700000000000001,13.700000000000001,15.0,1.0598932841781408
L_1,LH_Vis_1,12.700000000000001,13.9,19.0,1.0608198003550149
L_1,LH_Vis_1,12.700000000000001,14.1,16.0,1.0606325491536477
L_1,LH_Vis_1,12.700000000000001,14.3,20.0,1.0607731679914745
L_1,LH_Vis_1,12.700000000000001,14.5,16.0,1.061026220855192
L_1,LH_Vis_1,12.700000000000001,14.700000000000001,20.0,1.0622902853686764
L_1,LH_Vis_1,12.700000000000001,14.9,16.0,1.0638384332973068
L_1,LH_Vis_1,12.700000000000001,15.1,20.0,1.0636105020686561
L_1,LH_Vis_1,12.700000000000001,15.3,16.0,1.0639187999844346
L_1,LH_Vis_1,12.700000000000001,15.5,20.0,1.0622626292007278
L_1,LH_Vis_1,12.700000000000001,15.700000000000001,20.0,1.062125669348104
L_1,LH_Vis_1,12.700000000000001,15.9,16.0,1.0623231758494351
L_1,LH_Vis_1,12.700000000000001,16.1,20.0,1.0630899424682372
L_1,LH_Vis_1,12.700000000000001,16.3,16.0,1.0620257922296432
L_1,LH_Vis_1,12.700000000000001,16.5,20.0,1.0634854923259416
L_1,LH_Vis_1,12.700000000000001,16.700000000000003,16.0,1.063682171118914
L_1,LH_Vis_1,12.700000000000001,16.9,20.0,1.0630611345833727
L_1,LH_Vis_1,12.700000000000001,17.1,16.0,1.0649169317127414
L_1,LH_Vis_1,12.700000000000001,17.3,20.0,1.064150428310564
L_1,LH_Vis_1,12.700000000000001,17.5,16.0,1.0642856761994113
L_1,LH_Vis_1,12.700000000000001,17.700000000000003,16.0,1.0642856761994113
L_1,LH_Vis_1,12.700000000000001,17.9,12.0,1.063661898618066
L_1,LH_Vis_1,12.9,8.1,0.0,
L_1,LH_Vis_1,12.9,8.3,0.0,
L_1,LH_Vis_1,12.9,8.5,0.0,
L_1,LH_Vis_1,12.9,8.7,0.0,
L_1,LH_Vis_1,12.9,8.9,0.0,
L_1,LH_Vis_1,12.9,9.1,0.0,
L_1,LH_Vis_1,12.9,9.3,0.0,
L_1,LH_Vis_1,12.9,9.5,0.0,
L_1,LH_Vis_1,12.9,9.7,0.0,
L_1,LH_Vis_1,12.9,9.9,0.0,
L_1,LH_Vis_1,12.9,10.1,0.0,
L_1,LH_Vis_1,12.9,10.3,0.0,
L_1,LH_Vis_1,12.9,10.5,0.0,
L_1,LH_Vis_1,12.9,10.7,0.0,
L_1,LH_Vis_1,12.9,10.9,0.0,
L_1,LH_Vis_1,12.9,11.1,0.0,
L_1,LH_Vis_1,12.9,11.3,0.0,
L_1,LH_Vis_1,12.9,11.5,0.0,
L_1,LH_Vis_1,12.9,11.7,1.0,
L_1,LH_Vis_1,12.9,11.9,1.0,
L_1,LH_Vis_1,12.9,12.1,3.0,1.0545231482826551
L_1,LH_Vis_1,12.9,12.3,3.0,1.0545231482826551
L_1,LH_Vis_1,12.9,12.5,6.0,1.0581708108558143
L_1,LH_Vis_1,12.9,12.700000000000001,6.0,1.0581708108558143
L_1,LH_Vis_1,12.9,12.9,10.0,1.0588068691281294
L_1,LH_Vis_1,12.9,13.1,15.0,1.0575047902080192
L_1,LH_Vis_1,12.9,13.3,14.0,1.0574447472050177
L_1,LH_Vis_1,12.9,13.5,19.0,1.0582335171378912
L_1,LH_Vis_1,12.9,13.700000000000001,17.0,1.058894869001294
L_1,LH_Vis_1,12.9,13.9,22.0,1.059986419879172
L_1,LH_Vis_1,12.9,14.1,19.0,1.0596971482660453
L_1,LH_Vis_1,12.9,14.3,24.0,1.0607623362323433
L_1,LH_Vis_1,12.9,14.5,20.0,1.0609626121714917
L_1,LH_Vis_1,12.9,14.700000000000001,25.0,1.0628105550387947
L_1,LH_Vis_1,12.9,14.9,20.0,1.0647880357065436
L_1,LH_Vis_1,12.9,15.1,25.0,1.0658099348386327
L_1,LH_Vis_1,12.9,15.3,20.0,1.067151900310807
L_1,LH_Vis_1,12.9,15.5,25.0,1.0668696395148742
L_1,LH_Vis_1,12.9,15.700000000000001,25.0,1.0688353361095109
L_1,LH_Vis_1,12.9,15.9,20.0,1.0698416575108196
L_1,LH_Vis_1,12.9,16.1,25.0,1.0717166801792382
L_1,LH_Vis_1,12.9,16.3,20.0,1.0720952685970455
L_1,LH_Vis_1,12.9,16.5,25.0,1.0747370959588434
L_1,LH_Vis_1,12.9,16.700000000000003,20.0,1.0759469871068066
L_1,LH_Vis_1,12.9,16.9,25.0,1.0758858380882474
L_1,LH_Vis_1,12.9,17.1,20.0,1.0784221485275236
L_1,LH_Vis_1,12.9,17.3,25.0,1.0787272374219297
L_1,LH_Vis_1,12.9,17.5,20.0,1.0800275028181274
L_1,LH_Vis_1,12.9,17.700000000000003,20.0,1.0800275028181274
L_1,LH_Vis_1,12.9,17.9,15.0,1.0802977468065325
L_1,LH_Vis_1,13.1,8.1,0.0,
L_1,LH_Vis_1,13.1,8.3,0.0,
L_1,LH_Vis_1,13.1,8.5,0.0,
L_1,LH_Vis_1,13.1,8.7,0.0,
L_1,LH_Vis_1,13.1,8.9,0.0,
L_1,LH_Vis_1,13.1,9.1,0.0,
L_1,LH_Vis_1,13.1,9.3,0.0,
L_1,LH_Vis_1,13.1,9.5,0.0,
L_1,LH_Vis_1,13.1,9.7,0.0,
L_1,LH_Vis_1,13.1,9.9,0.0,
L_1,LH_Vis_1,13.1,10.1,0.0,
L_1,LH_Vis_1,13.1,10.3,0.0,
L_1,LH_Vis_1,13.1,10.5,0.0,
L_1,LH_Vis_1,13.1,10.7,0.0,
L_1,LH_Vis_1,13.1,10.9,0.0,
L_1,LH_Vis_1,13.1,11.1,0.0,
L_1,LH_Vis_1,13.1,11.3,0.0,
L_1,LH_Vis_1,13.1,11.5,0.0,
L_1,LH_Vis_1,13.1,11.7,0.0,
L_1,LH_Vis_1,13.1,11.9,0.0,
L_1,LH_Vis_1,13.1,12.1,1.0,
L_1,LH_Vis_1,13.1,12.3,1.0,
L_1,LH_Vis_1,13.1,12.5,3.0,1.0565628437738972
L_1,LH_Vis_1,13.1,12.700000000000001,3.0,1.0565628437738972
L_1,LH_Vis_1,13.1,12.9,6.0,1.0558457453951202
L_1,LH_Vis_1,13.1,13.1,10.0,1.055007984336911
L_1,LH_Vis_1,13.1,13.3,10.0,1.055007984336911
L_1,LH_Vis_1,13.1,13.5,15.0,1.053706229201019
L_1,LH_Vis_1,13.1,13.700000000000001,14.0,1.0542432835689575
L_1,LH_Vis_1,13.1,13.9,19.0,1.0556411570667998
L_1,LH_Vis_1,13.1,14.1,17.0,1.054922407117493
L_1,LH_Vis_1,13.1,14.3,22.0,1.0578011024395766
L_1,LH_Vis_1,13.1,14.5,19.0,1.05822306908535
L_1,LH_Vis_1,13.1,14.700000000000001,24.0,1.0613405855765539
L_1,LH_Vis_1,13.1,14.9,20.0,1.0628584341419454
L_1,LH_Vis_1,13.1,15.1,25.0,1.0662952620743809
L_1,LH_Vis_1,13.1,15.3,20.0,1.0700933978606673
L_1,LH_Vis_1,13.1,15.5,25.0,1.0716247723858288
L_1,LH_Vis_1,13.1,15.700000000000001,25.0,1.0774329443848252
L_1,LH_Vis_1,13.1,15.9,20.0,1.0798940138473667
L_1,LH_Vis_1,13.1,16.1,25.0,1.0840264578507925
L_1,LH_Vis_1,13.1,16.3,20.0,1.0867362852527085
L_1,LH_Vis_1,13.1,16.5,25.0,1.0917571760709393
L_1,LH_Vis_1,13.1,16.700000000000003,20.0,1.0946858266376434
L_1,LH_Vis_1,13.1,16.9,25.0,1.096225417665922
L_1,LH_Vis_1,13.1,17.1,20.0,1.1008442044607838
L_1,LH_Vis_1,13.1,17.3,25.0,1.1033085469546353
L_1,LH_Vis_1,13.1,17.5,20.0,1.1069866679793592
L_1,LH_Vis_1,13.1,17.700000000000003,20.0,1.1069866679793592
L_1,LH_Vis_1,13.1,17.9,15.0,1.1091301460176466
L_1,LH_Vis_1,13.3,8.1,0.0,
L_1,LH_Vis_1,13.3,8.3,0.0,
L_1,LH_Vis_1,13.3,8.5,0.0,
L_1,LH_Vis_1,13.3,8.7,0.0,
L_1,LH_Vis_1,13.3,8.9,0.0,
L_1,LH_Vis_1,13.3,9.1,0.0,
L_1,LH_Vis_1,13.3,9.3,0.0,
L_1,LH_Vis_1,13.3,9.5,0.0,
L_1,LH_Vis_1,13.3,9.7,0.0,
L_1,LH_Vis_1,13.3,9.9,0.0,
L_1,LH_Vis_1,13.3,10.1,0.0,
L_1,LH_Vis_1,13.3,10.3,0.0,
L_1,LH_Vis_1,13.3,10.5,0.0,
L_1,LH_Vis_1,13.3,10.7,0.0,
L_1,LH_Vis_1,13.3,10.9,0.0,
L_1,LH_Vis_1,13.3,11.1,0.0,
L_1,LH_Vis_1,13.3,11.3,0.0,
L_1,LH_Vis_1,13.3,11.5,0.0,
L_1,LH_Vis_1,13.3,11.7,0.0,
L_1,LH_Vis_1,13.3,11.9,0.0,
L_1,LH_Vis_1,13.3,12.1,0.0,
L_1,LH_Vis_1,13.3,12.3,0.0,
L_1,LH_Vis_1,13.3,12.5,1.0,
L_1,LH_Vis_1,13.3,12.700000000000001,1.0,
L_1,LH_Vis_1,13.3,12.9,3.0,1.056897209138416
L_1,LH_Vis_1,13.3,13.1,6.0,1.0560345672511986
L_1,LH_Vis_1,13.3,13.3,6.0,1.0560345672511986
L_1,LH_Vis_1,13.3,13.5,10.0,1.0531723442949743
L_1,LH_Vis_1,13.3,13.700000000000001,10.0,1.0531723442949743
L_1,LH_Vis_1,13.3,13.9,14.0,1.0546941155664746
L_1,LH_Vis_1,13.3,14.1,13.0,1.0535430979037321
L_1,LH_Vis_1,13.3,14.3,17.0,1.057860944681638
L_1,LH_Vis_1,13.3,14.5,15.0,1.058840118490315
L_1,LH_Vis_1,13.3,14.700000000000001,19.0,1.0624912072847674
L_1,LH_Vis_1,13.3,14.9,16.0,1.0638635726449146
L_1,LH_Vis_1,13.3,15.1,20.0,1.0684871346300864
L_1,LH_Vis_1,13.3,15.3,16.0,1.0733891658224484
L_1,LH_Vis_1,13.3,15.5,20.0,1.0757473158321051
L_1,LH_Vis_1,13.3,15.700000000000001,20.0,1.0838038052426346
L_1,LH_Vis_1,13.3,15.9,16.0,1.0867812698758352
L_1,LH_Vis_1,13.3,16.1,20.0,1.0924295564289381
L_1,LH_Vis_1,13.3,16.3,16.0,1.0964912479701818
L_1,LH_Vis_1,13.3,16.5,20.0,1.1023364201606018
L_1,LH_Vis_1,13.3,16.700000000000003,16.0,1.106175179558059
L_1,LH_Vis_1,13.3,16.9,20.0,1.1087300680701675
L_1,LH_Vis_1,13.3,17.1,16.0,1.1146176061200266
L_1,LH_Vis_1,13.3,17.3,20.0,1.1180396874277536
L_1,LH_Vis_1,13.3,17.5,16.0,1.1228543615852238
L_1,LH_Vis_1,13.3,17.700000000000003,16.0,1.1228543615852238
L_1,LH_Vis_1,13.3,17.9,12.0,1.1254649145665154
L_1,LH_Vis_1,13.5,8.1,0.0,
L_1,LH_Vis_1,13.5,8.3,0.0,
L_1,LH_Vis_1,13.5,8.5,0.0,
L_1,LH_Vis_1,13.5,8.7,0.0,
L_1,LH_Vis_1,13.5,8.9,0.0,
L_1,LH_Vis_1,13.5,9.1,0.0,
L_1,LH_Vis_1,13.5,9.3,0.0,
L_1,LH_Vis_1,13.5,9.5,0.0,
L_1,LH_Vis_1,13.5,9.7,0.0,
L_1,LH_Vis_1,13.5,9.9,0.0,
L_1,LH_Vis_1,13.5,10.1,0.0,
L_1,LH_Vis_1,13.5,10.3,0.0,
L_1,LH_Vis_1,13.5,10.5,0.0,
L_1,LH_Vis_1,13.5,10.7,0.0,
L_1,LH_Vis_1,13.5,10.9,0.0,
L_1,LH_Vis_1,13.5,11.1,0.0,
L_1,LH_Vis_1,13.5,11.3,0.0,
L_1,LH_Vis_1,13.5,11.5,0.0,
L_1,LH_Vis_1,13.5,11.7,0.0,
L_1,LH_Vis_1,13.5,11.9,0.0,
L_1,LH_Vis_1,13.5,12.1,0.0,
L_1,LH_Vis_1,13.5,12.3,0.0,
L_1,LH_Vis_1,13.5,12.5,1.0,
L_1,LH_Vis_1,13.5,12.700000000000001,1.0,
L_1,LH_Vis_1,13.5,12.9,3.0,1.056897209138416
L_1,LH_Vis_1,13.5,13.1,6.0,1.0560345672511986
L_1,LH_Vis_1,13.5,13.3,6.0,1.0560345672511986
L_1,LH_Vis_1,13.5,13.5,10.0,1.0531723442949743
L_1,LH_Vis_1,13.5,13.700000000000001,10.0,1.0531723442949743
L_1,LH_Vis_1,13.5,13.9,15.0,1.0535586018473968
L_1,LH_Vis_1,13.5,14.1,14.0,1.052408691609202
L_1,LH_Vis_1,13.5,14.3,19.0,1.0564701507556666
L_1,LH_Vis_1,13.5,14.5,17.0,1.0571705048308555
L_1,LH_Vis_1,13.5,14.700000000000001,22.0,1.0605945658215796
L_1,LH_Vis_1,13.5,14.9,19.0,1.0614507722096211
L_1,LH_Vis_1,13.5,15.1,24.0,1.0664595696753285
L_1,LH_Vis_1,13.5,15.3,20.0,1.0699756816382666
L_1,LH_Vis_1,13.5,15.5,25.0,1.0739702472426698
L_1,LH_Vis_1,13.5,15.700000000000001,25.0,1.0835730716388654
L_1,LH_Vis_1,13.5,15.9,20.0,1.08750578045714
L_1,LH_Vis_1,13.5,16.1,25.0,1.0943126679798811
L_1,LH_Vis_1,13.5,16.3,20.0,1.0998317416773413
L_1,LH_Vis_1,13.5,16.5,25.0,1.1064979041699385
L_1,LH_Vis_1,13.5,16.700000000000003,20.0,1.111749130201169
L_1,LH_Vis_1,13.5,16.9,25.0,1.1148367015455567
L_1,LH_Vis_1,13.5,17.1,20.0,1.1210587495168753
L_1,LH_Vis_1,13.5,17.3,25.0,1.1253911328013233
L_1,LH_Vis_1,13.5,17.5,20.0,1.1311526062683488
L_1,LH_Vis_1,13.5,17.700000000000003,20.0,1.1311526062683488
L_1,LH_Vis_1,13.5,17.9,15.0,1.1343567356675166
L_1,LH_Vis_1,13.700000000000001,8.1,0.0,
L_1,LH_Vis_1,13.700000000000001,8.3,0.0,
L_1,LH_Vis_1,13.700000000000001,8.5,0.0,
L_1,LH_Vis_1,13.700000000000001,8.7,0.0,
L_1,LH_Vis_1,13.700000000000001,8.9,0.0,
L_1,LH_Vis_1,13.700000000000001,9.1,0.0,
L_1,LH_Vis_1,13.700000000000001,9.3,0.0,
L_1,LH_Vis_1,13.700000000000001,9.5,0.0,
L_1,LH_Vis_1,13.700000000000001,9.7,0.0,
L_1,LH_Vis_1,13.700000000000001,9.9,0.0,
L_1,LH_Vis_1,13.700000000000001,10.1,0.0,
L_1,LH_Vis_1,13.700000000000001,10.3,0.0,
L_1,LH_Vis_1,13.700000000000001,10.5,0.0,
L_1,LH_Vis_1,13.700000000000001,10.7,0.0,
L_1,LH_Vis_1,13.700000000000001,10.9,0.0,
L_1,LH_Vis_1,13.700000000000001,11.1,0.0,
L_1,LH_Vis_1,13.700000000000001,11.3,0.0,
L_1,LH_Vis_1,13.700000000000001,11.5,0.0,
L_1,LH_Vis_1,13.700000000000001,11.7,0.0,
L_1,LH_Vis_1,13.700000000000001,11.9,0.0,
L_1,LH_Vis_1,13.700000000000001,12.1,0.0,
L_1,LH_Vis_1,13.700000000000001,12.3,0.0,
L_1,LH_Vis_1,13.700000000000001,12.5,0.0,
L_1,LH_Vis_1,13.700000000000001,12.700000000000001,0.0,
L_1,LH_Vis_1,13.700000000000001,12.9,1.0,
L_1,LH_Vis_1,13.700000000000001,13.1,3.0,1.0454060064107658
L_1,LH_Vis_1,13.700000000000001,13.3,3.0,1.0454060064107658
L_1,LH_Vis_1,13.700000000000001,13.5,6.0,1.044289941757884
L_1,LH_Vis_1,13.700000000000001,13.700000000000001,6.0,1.044289941757884
L_1,LH_Vis_1,13.700000000000001,13.9,10.0,1.0470380578750071
L_1,LH_Vis_1,13.700000000000001,14.1,10.0,1.0470380578750071
L_1,LH_Vis_1,13.700000000000001,14.3,14.0,1.052635375996813
L_1,LH_Vis_1,13.700000000000001,14.5,13.0,1.0544697733504227
L_1,LH_Vis_1,13.700000000000001,14.700000000000001,17.0,1.0576920440060213
L_1,LH_Vis_1,13.700000000000001,14.9,15.0,1.0582223292846633
L_1,LH_Vis_1,13.700000000000001,15.1,19.0,1.0639737040976305
L_1,LH_Vis_1,13.700000000000001,15.3,16.0,1.0678736716587482
L_1,LH_Vis_1,13.700000000000001,15.5,20.0,1.073251580272249
L_1,LH_Vis_1,13.700000000000001,15.700000000000001,20.0,1.0842180046152579
L_1,LH_Vis_1,13.700000000000001,15.9,16.0,1.0886153379437407
L_1,LH_Vis_1,13.700000000000001,16.1,20.0,1.0968033756053017
L_1,LH_Vis_1,13.700000000000001,16.3,16.0,1.103963113597448
L_1,LH_Vis_1,13.700000000000001,16.5,20.0,1.1114513650705287
L_1,LH_Vis_1,13.700000000000001,16.700000000000003,16.0,1.1179288664265963
L_1,LH_Vis_1,13.700000000000001,16.9,20.0,1.121563325941853
L_1,LH_Vis_1,13.700000000000001,17.1,16.0,1.1282633537457532
L_1,LH_Vis_1,13.700000000000001,17.3,20.0,1.133850887141887
L_1,LH_Vis_1,13.700000000000001,17.5,16.0,1.1408155204859245
L_1,LH_Vis_1,13.700000000000001,17.700000000000003,16.0,1.1408155204859245
L_1,LH_Vis_1,13.700000000000001,17.9,12.0,1.1445688518973842
L_1,LH_Vis_1,13.9,8.1,0.0,
L_1,LH_Vis_1,13.9,8.3,0.0,
L_1,LH_Vis_1,13.9,8.5,0.0,
L_1,LH_Vis_1,13.9,8.7,0.0,
L_1,LH_Vis_1,13.9,8.9,0.0,
L_1,LH_Vis_1,13.9,9.1,0.0,
L_1,LH_Vis_1,13.9,9.3,0.0,
L_1,LH_Vis_1,13.9,9.5,0.0,
L_1,LH_Vis_1,13.9,9.7,0.0,
L_1,LH_Vis_1,13.9,9.9,0.0,
L_1,LH_Vis_1,13.9,10.1,0.0,
L_1,LH_Vis_1,13.9,10.3,0.0,
L_1,LH_Vis_1,13.9,10.5,0.0,
L_1,LH_Vis_1,13.9,10.7,0.0,
L_1,LH_Vis_1,13.9,10.9,0.0,
L_1,LH_Vis_1,13.9,11.1,0.0,
L_1,LH_Vis_1,13.9,11.3,0.0,
L_1,LH_Vis_1,13.9,11.5,0.0,
L_1,LH_Vis_1,13.9,11.7,0.0,
L_1,LH_Vis_1,13.9,11.9,0.0,
L_1,LH_Vis_1,13.9,12.1,0.0,
L_1,LH_Vis_1,13.9,12.3,0.0,
L_1,LH_Vis_1,13.9,12.5,0.0,
L_1,LH_Vis_1,13.9,12.700000000000001,0.0,
L_1,LH_Vis_1,13.9,12.9,1.0,
L_1,LH_Vis_1,13.9,13.1,3.0,1.0454060064107658
L_1,LH_Vis_1,13.9,13.3,3.0,1.0454060064107658
L_1,LH_Vis_1,13.9,13.5,6.0,1.044289941757884
L_1,LH_Vis_1,13.9,13.700000000000001,6.0,1.044289941757884
L_1,LH_Vis_1,13.9,13.9,10.0,1.0470380578750071
L_1,LH_Vis_1,13.9,14.1,10.0,1.0470380578750071
L_1,LH_Vis_1,13.9,14.3,15.0,1.0491324200282508
L_1,LH_Vis_1,13.9,14.5,14.0,1.050585577858848
L_1,LH_Vis_1,13.9,14.700000000000001,19.0,1.0539292819173098
L_1,LH_Vis_1,13.9,14.9,17.0,1.0539545027997927
L_1,LH_Vis_1,13.9,15.1,22.0,1.059972416102939
L_1,LH_Vis_1,13.9,15.3,19.0,1.06262481699735
L_1,LH_Vis_1,13.9,15.5,24.0,1.0679249154453696
L_1,LH_Vis_1,13.9,15.700000000000001,25.0,1.0783321887336832
L_1,LH_Vis_1,13.9,15.9,20.0,1.08458494983342
L_1,LH_Vis_1,13.9,16.1,25.0,1.0932788535978046
L_1,LH_Vis_1,13.9,16.3,20.0,1.100775653677005
L_1,LH_Vis_1,13.9,16.5,25.0,1.109747060506284
L_1,LH_Vis_1,13.9,16.700000000000003,20.0,1.1170754952994462
L_1,LH_Vis_1,13.9,16.9,25.0,1.1215571604520276
L_1,LH_Vis_1,13.9,17.1,20.0,1.1299301281780736
L_1,LH_Vis_1,13.9,17.3,25.0,1.1361668579304491
L_1,LH_Vis_1,13.9,17.5,20.0,1.1435711886202629
L_1,LH_Vis_1,13.9,17.700000000000003,20.0,1.1435711886202629
L_1,LH_Vis_1,13.9,17.9,15.0,1.1487434286085692
L_1,LH_Vis_1,14.1,8.1,0.0,
L_1,LH_Vis_1,14.1,8.3,0.0,
L_1,LH_Vis_1,14.1,8.5,0.0,
L_1,LH_Vis_1,14.1,8.7,0.0,
L_1,LH_Vis_1,14.1,8.9,0.0,
L_1,LH_Vis_1,14.1,9.1,0.0,
L_1,LH_Vis_1,14.1,9.3,0.0,
L_1,LH_Vis_1,14.1,9.5,0.0,
L_1,LH_Vis_1,14.1,9.7,0.0,
L_1,LH_Vis_1,14.1,9.9,0.0,
L_1,LH_Vis_1,14.1,10.1,0.0,
L_1,LH_Vis_1,14.1,10.3,0.0,
L_1,LH_Vis_1,14.1,10.5,0.0,
L_1,LH_Vis_1,14.1,10.7,0.0,
L_1,LH_Vis_1,14.1,10.9,0.0,
L_1,LH_Vis_1,14.1,11.1,0.0,
L_1,LH_Vis_1,14.1,11.3,0.0,
L_1,LH_Vis_1,14.1,11.5,0.0,
L_1,LH_Vis_1,14.1,11.7,0.0,
L_1,LH_Vis_1,14.1,11.9,0.0,
L_1,LH_Vis_1,14.1,12.1,0.0,
L_1,LH_Vis_1,14.1,12.3,0.0,
L_1,LH_Vis_1,14.1,12.5,0.0,
L_1,LH_Vis_1,14.1,12.700000000000001,0.0,
L_1,LH_Vis_1,14.1,12.9,0.0,
L_1,LH_Vis_1,14.1,13.1,1.0,
L_1,LH_Vis_1,14.1,13.3,1.0,
L_1,LH_Vis_1,14.1,13.5,3.0,1.0404321206326863
L_1,LH_Vis_1,14.1,13.700000000000001,3.0,1.0404321206326863
L_1,LH_Vis_1,14.1,13.9,6.0,1.0429656061079442
L_1,LH_Vis_1,14.1,14.1,6.0,1.0429656061079442
L_1,LH_Vis_1,14.1,14.3,10.0,1.0447645294347483
L_1,LH_Vis_1,14.1,14.5,10.0,1.0447645294347483
L_1,LH_Vis_1,14.1,14.700000000000001,14.0,1.0495037807639287
L_1,LH_Vis_1,14.1,14.9,13.0,1.0494569648825096
L_1,LH_Vis_1,14.1,15.1,17.0,1.0568586968372078
L_1,LH_Vis_1,14.1,15.3,15.0,1.05969425810379
L_1,LH_Vis_1,14.1,15.5,19.0,1.0660314977835397
L_1,LH_Vis_1,14.1,15.700000000000001,20.0,1.0781414800045996
L_1,LH_Vis_1,14.1,15.9,16.0,1.0858111213995105
L_1,LH_Vis_1,14.1,16.1,20.0,1.0953133208815382
L_1,LH_Vis_1,14.1,16.3,16.0,1.1038036738302026
L_1,LH_Vis_1,14.1,16.5,20.0,1.114015806096992
L_1,LH_Vis_1,14.1,16.700000000000003,16.0,1.1222911761987457
L_1,LH_Vis_1,14.1,16.9,20.0,1.1275636414452213
L_1,LH_Vis_1,14.1,17.1,16.0,1.137005515160876
L_1,LH_Vis_1,14.1,17.3,20.0,1.1439654780564446
L_1,LH_Vis_1,14.1,17.5,16.0,1.1521613215109094
L_1,LH_Vis_1,14.1,17.700000000000003,16.0,1.1521613215109094
L_1,LH_Vis_1,14.1,17.9,12.0,1.1584410557446632
L_1,LH_Vis_1,14.3,8.1,0.0,
L_1,LH_Vis_1,14.3,8.3,0.0,
L_1,LH_Vis_1,14.3,8.5,0.0,
L_1,LH_Vis_1,14.3,8.7,0.0,
L_1,LH_Vis_1,14.3,8.9,0.0,
L_1,LH_Vis_1,14.3,9.1,0.0,
L_1,LH_Vis_1,14.3,9.3,0.0,
L_1,LH_Vis_1,14.3,9.5,0.0,
L_1,LH_Vis_1,14.3,9.7,0.0,
L_1,LH_Vis_1,14.3,9.9,0.0,
L_1,LH_Vis_1,14.3,10.1,0.0,
L_1,LH_Vis_1,14.3,10.3,0.0,
L_1,LH_Vis_1,14.3,10.5,0.0,
L_1,LH_Vis_1,14.3,10.7,0.0,
L_1,LH_Vis_1,14.3,10.9,0.0,
L_1,LH_Vis_1,14.3,11.1,0.0,
L_1,LH_Vis_1,14.3,11.3,0.0,
L_1,LH_Vis_1,14.3,11.5,0.0,
L_1,LH_Vis_1,14.3,11.7,0.0,
L_1,LH_Vis_1,14.3,11.9,0.0,
L_1,LH_Vis_1,14.3,12.1,0.0,
L_1,LH_Vis_1,14.3,12.3,0.0,
L_1,LH_Vis_1,14.3,12.5,0.0,
L_1,LH_Vis_1,14.3,12.700000000000001,0.0,
L_1,LH_Vis_1,14.3,12.9,0.0,
L_1,LH_Vis_1,14.3,13.1,1.0,
L_1,LH_Vis_1,14.3,13.3,1.0,
L_1,LH_Vis_1,14.3,13.5,3.0,1.0404321206326863
L_1,LH_Vis_1,14.3,13.700000000000001,3.0,1.0404321206326863
L_1,LH_Vis_1,14.3,13.9,6.0,1.0429656061079442
L_1,LH_Vis_1,14.3,14.1,6.0,1.0429656061079442
L_1,LH_Vis_1,14.3,14.3,10.0,1.0447645294347483
L_1,LH_Vis_1,14.3,14.5,10.0,1.0447645294347483
L_1,LH_Vis_1,14.3,14.700000000000001,15.0,1.0478511366418664
L_1,LH_Vis_1,14.3,14.9,14.0,1.0476896187432585
L_1,LH_Vis_1,14.3,15.1,19.0,1.054410270097083
L_1,LH_Vis_1,14.3,15.3,17.0,1.0566241857158172
L_1,LH_Vis_1,14.3,15.5,22.0,1.0630940764014483
L_1,LH_Vis_1,14.3,15.700000000000001,24.0,1.0746398398432573
L_1,LH_Vis_1,14.3,15.9,20.0,1.0800752249269177
L_1,LH_Vis_1,14.3,16.1,25.0,1.090069659922869
L_1,LH_Vis_1,14.3,16.3,20.0,1.0990809871395606
L_1,LH_Vis_1,14.3,16.5,25.0,1.110608048138644
L_1,LH_Vis_1,14.3,16.700000000000003,20.0,1.1199530367013573
L_1,LH_Vis_1,14.3,16.9,25.0,1.1263167821820748
L_1,LH_Vis_1,14.3,17.1,20.0,1.136623051544445
L_1,LH_Vis_1,14.3,17.3,25.0,1.1445495837450002
L_1,LH_Vis_1,14.3,17.5,20.0,1.1536977921734546
L_1,LH_Vis_1,14.3,17.700000000000003,20.0,1.1536977921734546
L_1,LH_Vis_1,14.3,17.9,15.0,1.1615812562623813
L_1,LH_Vis_1,14.5,8.1,0.0,
L_1,LH_Vis_1,14.5,8.3,0.0,
L_1,LH_Vis_1,14.5,8.5,0.0,
L_1,LH_Vis_1,14.5,8.7,0.0,
L_1,LH_Vis_1,14.5,8.9,0.0,
L_1,LH_Vis_1,14.5,9.1,0.0,
L_1,LH_Vis_1,14.5,9.3,0.0,
L_1,LH_Vis_1,14.5,9.5,0.0,
L_1,LH_Vis_1,14.5,9.7,0.0,
L_1,LH_Vis_1,14.5,9.9,0.0,
L_1,LH_Vis_1,14.5,10.1,0.0,
L_1,LH_Vis_1,14.5,10.3,0.0,
L_1,LH_Vis_1,14.5,10.5,0.0,
L_1,LH_Vis_1,14.5,10.7,0.0,
L_1,LH_Vis_1,14.5,10.9,0.0,
L_1,LH_Vis_1,14.5,11.1,0.0,
L_1,LH_Vis_1,14.5,11.3,0.0,
L_1,LH_Vis_1,14.5,11.5,0.0,
L_1,LH_Vis_1,14.5,11.7,0.0,
L_1,LH_Vis_1,14.5,11.9,0.0,
L_1,LH_Vis_1,14.5,12.1,0.0,
L_1,LH_Vis_1,14.5,12.3,0.0,
L_1,LH_Vis_1,14.5,12.5,0.0,
L_1,LH_Vis_1,14.5,12.700000000000001,0.0,
L_1,LH_Vis_1,14.5,12.9,0.0,
L_1,LH_Vis_1,14.5,13.1,0.0,
L_1,LH_Vis_1,14.5,13.3,0.0,
L_1,LH_Vis_1,14.5,13.5,1.0,
L_1,LH_Vis_1,14.5,13.700000000000001,1.0,
L_1,LH_Vis_1,14.5,13.9,3.0,1.0312228686837226
L_1,LH_Vis_1,14.5,14.1,3.0,1.0312228686837226
L_1,LH_Vis_1,14.5,14.3,6.0,1.0341354307667878
L_1,LH_Vis_1,14.5,14.5,6.0,1.0341354307667878
L_1,LH_Vis_1,14.5,14.700000000000001,10.0,1.0393308881031658
L_1,LH_Vis_1,14.5,14.9,10.0,1.0393308881031658
L_1,LH_Vis_1,14.5,15.1,14.0,1.047196914446563
L_1,LH_Vis_1,14.5,15.3,13.0,1.0494056885156697
L_1,LH_Vis_1,14.5,15.5,17.0,1.056563604527915
L_1,LH_Vis_1,14.5,15.700000000000001,19.0,1.0691045337085516
L_1,LH_Vis_1,14.5,15.9,16.0,1.0751151351195576
L_1,LH_Vis_1,14.5,16.1,20.0,1.0860311671477763
L_1,LH_Vis_1,14.5,16.3,16.0,1.0957579404077868
L_1,LH_Vis_1,14.5,16.5,20.0,1.1083241825506929
L_1,LH_Vis_1,14.5,16.700000000000003,16.0,1.118689733112102
L_1,LH_Vis_1,14.5,16.9,20.0,1.1260998147006573
L_1,LH_Vis_1,14.5,17.1,16.0,1.1376680604838931
L_1,LH_Vis_1,14.5,17.3,20.0,1.1464283612144022
L_1,LH_Vis_1,14.5,17.5,16.0,1.15637353789357
L_1,LH_Vis_1,14.5,17.700000000000003,16.0,1.15637353789357
L_1,LH_Vis_1,14.5,17.9,12.0,1.1652662854378768
L_1,LH_Vis_1,14.700000000000001,8.1,0.0,
L_1,LH_Vis_1,14.700000000000001,8.3,0.0,
L_1,LH_Vis_1,14.700000000000001,8.5,0.0,
L_1,LH_Vis_1,14.700000000000001,8.7,0.0,
L_1,LH_Vis_1,14.700000000000001,8.9,0.0,
L_1,LH_Vis_1,14.700000000000001,9.1,0.0,
L_1,LH_Vis_1,14.700000000000001,9.3,0.0,
L_1,LH_Vis_1,14.700000000000001,9.5,0.0,
L_1,LH_Vis_1,14.700000000000001,9.7,0.0,
L_1,LH_Vis_1,14.700000000000001,9.9,0.0,
L_1,LH_Vis_1,14.700000000000001,10.1,0.0,
L_1,LH_Vis_1,14.700000000000001,10.3,0.0,
L_1,LH_Vis_1,14.700000000000001,10.5,0.0,
L_1,LH_Vis_1,14.700000000000001,10.7,0.0,
L_1,LH_Vis_1,14.700000000000001,10.9,0.0,
L_1,LH_Vis_1,14.700000000000001,11.1,0.0,
L_1,LH_Vis_1,14.700000000000001,11.3,0.0,
L_1,LH_Vis_1,14.700000000000001,11.5,0.0,
L_1,LH_Vis_1,14.700000000000001,11.7,0.0,
L_1,LH_Vis_1,14.700000000000001,11.9,0.0,
L_1,LH_Vis_1,14.700000000000001,12.1,0.0,
L_1,LH_Vis_1,14.700000000000001,12.3,0.0,
L_1,LH_Vis_1,14.700000000000001,12.5,0.0,
L_1,LH_Vis_1,14.700000000000001,12.700000000000001,0.0,
L_1,LH_Vis_1,14.700000000000001,12.9,0.0,
L_1,LH_Vis_1,14.700000000000001,13.1,0.0,
L_1,LH_Vis_1,14.700000000000001,13.3,0.0,
L_1,LH_Vis_1,14.700000000000001,13.5,1.0,
L_1,LH_Vis_1,14.700000000000001,13.700000000000001,1.0,
L_1,LH_Vis_1,14.700000000000001,13.9,3.0,1.0312228686837226
L_1,LH_Vis_1,14.700000000000001,14.1,3.0,1.0312228686837226
L_1,LH_Vis_1,14.700000000000001,14.3,6.0,1.0341354307667878
L_1,LH_Vis_1,14.700000000000001,14.5,6.0,1.0341354307667878
L_1,LH_Vis_1,14.700000000000001,14.700000000000001,10.0,1.0393308881031658
L_1,LH_Vis_1,14.700000000000001,14.9,10.0,1.0393308881031658
L_1,LH_Vis_1,14.700000000000001,15.1,15.0,1.0438093498138947
L_1,LH_Vis_1,14.700000000000001,15.3,14.0,1.0456183854043033
L_1,LH_Vis_1,14.700000000000001,15.5,19.0,1.0514180705807965
L_1,LH_Vis_1,14.700000000000001,15.700000000000001,22.0,1.0634557724264704
L_1,LH_Vis_1,14.700000000000001,15.9,19.0,1.0676254218333046
L_1,LH_Vis_1,14.700000000000001,16.1,24.0,1.0792509155652334
L_1,LH_Vis_1,14.700000000000001,16.3,20.0,1.0856762838567335
L_1,LH_Vis_1,14.700000000000001,16.5,25.0,1.0988771335048646
L_1,LH_Vis_1,14.700000000000001,16.700000000000003,20.0,1.1104048485722424
L_1,LH_Vis_1,14.700000000000001,16.9,25.0,1.1187038695715443
L_1,LH_Vis_1,14.700000000000001,17.1,20.0,1.1314655396956859
L_1,LH_Vis_1,14.700000000000001,17.3,25.0,1.1412130572328827
L_1,LH_Vis_1,14.700000000000001,17.5,20.0,1.151802851198593
L_1,LH_Vis_1,14.700000000000001,17.700000000000003,20.0,1.151802851198593
L_1,LH_Vis_1,14.700000000000001,17.9,15.0,1.1612612043492694
L_1,LH_Vis_1,14.9,8.1,0.0,
L_1,LH_Vis_1,14.9,8.3,0.0,
L_1,LH_Vis_1,14.9,8.5,0.0,
L_1,LH_Vis_1,14.9,8.7,0.0,
L_1,LH_Vis_1,14.9,8.9,0.0,
L_1,LH_Vis_1,14.9,9.1,0.0,
L_1,LH_Vis_1,14.9,9.3,0.0,
L_1,LH_Vis_1,14.9,9.5,0.0,
L_1,LH_Vis_1,14.9,9.7,0.0,
L_1,LH_Vis_1,14.9,9.9,0.0,
L_1,LH_Vis_1,14.9,10.1,0.0,
L_1,LH_Vis_1,14.9,10.3,0.0,
L_1,LH_Vis_1,14.9,10.5,0.0,
L_1,LH_Vis_1,14.9,10.7,0.0,
L_1,LH_Vis_1,14.9,10.9,0.0,
L_1,LH_Vis_1,14.9,11.1,0.0,
L_1,LH_Vis_1,14.9,11.3,0.0,
L_1,LH_Vis_1,14.9,11.5,0.0,
L_1,LH_Vis_1,14.9,11.7,0.0,
L_1,LH_Vis_1,14.9,11.9,0.0,
L_1,LH_Vis_1,14.9,12.1,0.0,
L_1,LH_Vis_1,14.9,12.3,0.0,
L_1,LH_Vis_1,14.9,12.5,0.0,
L_1,LH_Vis_1,14.9,12.700000000000001,0.0,
L_1,LH_Vis_1,14.9,12.9,0.0,
L_1,LH_Vis_1,14.9,13.1,0.0,
L_1,LH_Vis_1,14.9,13.3,0.0,
L_1,LH_Vis_1,14.9,13.5,0.0,
L_1,LH_Vis_1,14.9,13.700000000000001,0.0,
L_1,LH_Vis_1,14.9,13.9,1.0,
L_1,LH_Vis_1,14.9,14.1,1.0,
L_1,LH_Vis_1,14.9,14.3,3.0,1.029795947079398
L_1,LH_Vis_1,14.9,14.5,3.0,1.029795947079398
L_1,LH_Vis_1,14.9,14.700000000000001,6.0,1.0357255394872815
L_1,LH_Vis_1,14.9,14.9,6.0,1.0357255394872815
L_1,LH_Vis_1,14.9,15.1,10.0,1.039276048658442
L_1,LH_Vis_1,14.9,15.3,10.0,1.039276048658442
L_1,LH_Vis_1,14.9,15.5,14.0,1.0463078226195517
L_1,LH_Vis_1,14.9,15.700000000000001,17.0,1.0587507483071714
L_1,LH_Vis_1,14.9,15.9,15.0,1.0631357526509353
L_1,LH_Vis_1,14.9,16.1,19.0,1.0753685847267573
L_1,LH_Vis_1,14.9,16.3,16.0,1.081689857132681
L_1,LH_Vis_1,14.9,16.5,20.0,1.0960349090208488
L_1,LH_Vis_1,14.9,16.700000000000003,16.0,1.1088931831722655
L_1,LH_Vis_1,14.9,16.9,20.0,1.1178112920311059
L_1,LH_Vis_1,14.9,17.1,16.0,1.1312923006583009
L_1,LH_Vis_1,14.9,17.3,20.0,1.1418663757965817
L_1,LH_Vis_1,14.9,17.5,16.0,1.153075806350196
L_1,LH_Vis_1,14.9,17.700000000000003,16.0,1.153075806350196
L_1,LH_Vis_1,14.9,17.9,12.0,1.1636871734632313
L_1,LH_Vis_1,15.1,8.1,0.0,
L_1,LH_Vis_1,15.1,8.3,0.0,
L_1,LH_Vis_1,15.1,8.5,0.0,
L_1,LH_Vis_1,15.1,8.7,0.0,
L_1,LH_Vis_1,15.1,8.9,0.0,
L_1,LH_Vis_1,15.1,9.1,0.0,
L_1,LH_Vis_1,15.1,9.3,0.0,
L_1,LH_Vis_1,15.1,9.5,0.0,
L_1,LH_Vis_1,15.1,9.7,0.0,
L_1,LH_Vis_1,15.1,9.9,0.0,
L_1,LH_Vis_1,15.1,10.1,0.0,
L_1,LH_Vis_1,15.1,10.3,0.0,
L_1,LH_Vis_1,15.1,10.5,0.0,
L_1,LH_Vis_1,15.1,10.7,0.0,
L_1,LH_Vis_1,15.1,10.9,0.0,
L_1,LH_Vis_1,15.1,11.1,0.0,
L_1,LH_Vis_1,15.1,11.3,0.0,
L_1,LH_Vis_1,15.1,11.5,0.0,
L_1,LH_Vis_1,15.1,11.7,0.0,
L_1,LH_Vis_1,15.1,11.9,0.0,
L_1,LH_Vis_1,15.1,12.1,0.0,
L_1,LH_Vis_1,15.1,12.3,0.0,
L_1,LH_Vis_1,15.1,12.5,0.0,
L_1,LH_Vis_1,15.1,12.700000000000001,0.0,
L_1,LH_Vis_1,15.1,12.9,0.0,
L_1,LH_Vis_1,15.1,13.1,0.0,
L_1,LH_Vis_1,15.1,13.3,0.0,
L_1,LH_Vis_1,15.1,13.5,0.0,
L_1,LH_Vis_1,15.1,13.700000000000001,0.0,
L_1,LH_Vis_1,15.1,13.9,1.0,
L_1,LH_Vis_1,15.1,14.1,1.0,
L_1,LH_Vis_1,15.1,14.3,3.0,1.029795947079398
L_1,LH_Vis_1,15.1,14.5,3.0,1.029795947079398
L_1,LH_Vis_1,15.1,14.700000000000001,6.0,1.0357255394872815
L_1,LH_Vis_1,15.1,14.9,6.0,1.0357255394872815
L_1,LH_Vis_1,15.1,15.1,10.0,1.039276048658442
L_1,LH_Vis_1,15.1,15.3,10.0,1.039276048658442
L_1,LH_Vis_1,15.1,15.5,15.0,1.042622154219548
L_1,LH_Vis_1,15.1,15.700000000000001,19.0,1.054321477559683
L_1,LH_Vis_1,15.1,15.9,17.0,1.0576695083632994
L_1,LH_Vis_1,15.1,16.1,22.0,1.0696981492235849
L_1,LH_Vis_1,15.1,16.3,19.0,1.0741259940649144
L_1,LH_Vis_1,15.1,16.5,24.0,1.0896686740014256
L_1,LH_Vis_1,15.1,16.700000000000003,20.0,1.0986820463186744
L_1,LH_Vis_1,15.1,16.9,25.0,1.1093130741759905
L_1,LH_Vis_1,15.1,17.1,20.0,1.1243127513845483
L_1,LH_Vis_1,15.1,17.3,25.0,1.1358643631033887
L_1,LH_Vis_1,15.1,17.5,20.0,1.1483085953731824
L_1,LH_Vis_1,15.1,17.700000000000003,20.0,1.1483085953731824
L_1,LH_Vis_1,15.1,17.9,15.0,1.1608796177813916
L_1,LH_Vis_1,15.3,8.1,0.0,
L_1,LH_Vis_1,15.3,8.3,0.0,
L_1,LH_Vis_1,15.3,8.5,0.0,
L_1,LH_Vis_1,15.3,8.7,0.0,
L_1,LH_Vis_1,15.3,8.9,0.0,
L_1,LH_Vis_1,15.3,9.1,0.0,
L_1,LH_Vis_1,15.3,9.3,0.0,
L_1,LH_Vis_1,15.3,9.5,0.0,
L_1,LH_Vis_1,15.3,9.7,0.0,
L_1,LH_Vis_1,15.3,9.9,0.0,
L_1,LH_Vis_1,15.3,10.1,0.0,
L_1,LH_Vis_1,15.3,10.3,0.0,
L_1,LH_Vis_1,15.3,10.5,0.0,
L_1,LH_Vis_1,15.3,10.7,0.0,
L_1,LH_Vis_1,15.3,10.9,0.0,
L_1,LH_Vis_1,15.3,11.1,0.0,
L_1,LH_Vis_1,15.3,11.3,0.0,
L_1,LH_Vis_1,15.3,11.5,0.0,
L_1,LH_Vis_1,15.3,11.7,0.0,
L_1,LH_Vis_1,15.3,11.9,0.0,
L_1,LH_Vis_1,15.3,12.1,0.0,
L_1,LH_Vis_1,15.3,12.3,0.0,
L_1,LH_Vis_1,15.3,12.5,0.0,
L_1,LH_Vis_1,15.3,12.700000000000001,0.0,
L_1,LH_Vis_1,15.3,12.9,0.0,
L_1,LH_Vis_1,15.3,13.1,0.0,
L_1,LH_Vis_1,15.3,13.3,0.0,
L_1,LH_Vis_1,15.3,13.5,0.0,
L_1,LH_Vis_1,15.3,13.700000000000001,0.0,
L_1,LH_Vis_1,15.3,13.9,0.0,
L_1,LH_Vis_1,15.3,14.1,0.0,
L_1,LH_Vis_1,15.3,14.3,1.0,
L_1,LH_Vis_1,15.3,14.5,1.0,
L_1,LH_Vis_1,15.3,14.700000000000001,3.0,1.0228685757531732
L_1,LH_Vis_1,15.3,14.9,3.0,1.0228685757531732
L_1,LH_Vis_1,15.3,15.1,6.0,1.0279122511630436
L_1,LH_Vis_1,15.3,15.3,6.0,1.0279122511630436
L_1,LH_Vis_1,15.3,15.5,10.0,1.0305022448868577
L_1,LH_Vis_1,15.3,15.700000000000001,14.0,1.0442040991082169
L_1,LH_Vis_1,15.3,15.9,13.0,1.0475974116189737
L_1,LH_Vis_1,15.3,16.1,17.0,1.0602431595294473
L_1,LH_Vis_1,15.3,16.3,15.0,1.0637079347472973
L_1,LH_Vis_1,15.3,16.5,19.0,1.0808594197367258
L_1,LH_Vis_1,15.3,16.700000000000003,16.0,1.0898413247049408
L_1,LH_Vis_1,15.3,16.9,20.0,1.1018255338582095
L_1,LH_Vis_1,15.3,17.1,16.0,1.1186851084546174
L_1,LH_Vis_1,15.3,17.3,20.0,1.1311312253053356
L_1,LH_Vis_1,15.3,17.5,16.0,1.144299347966266
L_1,LH_Vis_1,15.3,17.700000000000003,16.0,1.144299347966266
L_1,LH_Vis_1,15.3,17.9,12.0,1.1586185172088592
L_1,LH_Vis_1,15.5,8.1,0.0,
L_1,LH_Vis_1,15.5,8.3,0.0,
L_1,LH_Vis_1,15.5,8.5,0.0,
L_1,LH_Vis_1,15.5,8.7,0.0,
L_1,LH_Vis_1,15.5,8.9,0.0,
L_1,LH_Vis_1,15.5,9.1,0.0,
L_1,LH_Vis_1,15.5,9.3,0.0,
L_1,LH_Vis_1,15.5,9.5,0.0,
L_1,LH_Vis_1,15.5,9.7,0.0,
L_1,LH_Vis_1,15.5,9.9,0.0,
L_1,LH_Vis_1,15.5,10.1,0.0,
L_1,LH_Vis_1,15.5,10.3,0.0,
L_1,LH_Vis_1,15.5,10.5,0.0,
L_1,LH_Vis_1,15.5,10.7,0.0,
L_1,LH_Vis_1,15.5,10.9,0.0,
L_1,LH_Vis_1,15.5,11.1,0.0,
L_1,LH_Vis_1,15.5,11.3,0.0,
L_1,LH_Vis_1,15.5,11.5,0.0,
L_1,LH_Vis_1,15.5,11.7,0.0,
L_1,LH_Vis_1,15.5,11.9,0.0,
L_1,LH_Vis_1,15.5,12.1,0.0,
L_1,LH_Vis_1,15.5,12.3,0.0,
L_1,LH_Vis_1,15.5,12.5,0.0,
L_1,LH_Vis_1,15.5,12.700000000000001,0.0,
L_1,LH_Vis_1,15.5,12.9,0.0,
L_1,LH_Vis_1,15.5,13.1,0.0,
L_1,LH_Vis_1,15.5,13.3,0.0,
L_1,LH_Vis_1,15.5,13.5,0.0,
L_1,LH_Vis_1,15.5,13.700000000000001,0.0,
L_1,LH_Vis_1,15.5,13.9,0.0,
L_1,LH_Vis_1,15.5,14.1,0.0,
L_1,LH_Vis_1,15.5,14.3,1.0,
L_1,LH_Vis_1,15.5,14.5,1.0,
L_1,LH_Vis_1,15.5,14.700000000000001,3.0,1.0228685757531732
L_1,LH_Vis_1,15.5,14.9,3.0,1.0228685757531732
L_1,LH_Vis_1,15.5,15.1,6.0,1.0279122511630436
L_1,LH_Vis_1,15.5,15.3,6.0,1.0279122511630436
L_1,LH_Vis_1,15.5,15.5,10.0,1.0305022448868577
L_1,LH_Vis_1,15.5,15.700000000000001,15.0,1.0427181643597578
L_1,LH_Vis_1,15.5,15.9,14.0,1.045762959209142
L_1,LH_Vis_1,15.5,16.1,19.0,1.0573435790907144
L_1,LH_Vis_1,15.5,16.3,17.0,1.0600596065842607
L_1,LH_Vis_1,15.5,16.5,22.0,1.077379969416641
L_1,LH_Vis_1,15.5,16.700000000000003,19.0,1.084394291970914
L_1,LH_Vis_1,15.5,16.9,24.0,1.0965653248088814
L_1,LH_Vis_1,15.5,17.1,20.0,1.109000942676142
L_1,LH_Vis_1,15.5,17.3,25.0,1.1222312791896534
L_1,LH_Vis_1,15.5,17.5,20.0,1.1360015981606773
L_1,LH_Vis_1,15.5,17.700000000000003,20.0,1.1360015981606773
L_1,LH_Vis_1,15.5,17.9,15.0,1.1514123592945302
L_1,LH_Vis_1,15.700000000000001,8.1,0.0,
L_1,LH_Vis_1,15.700000000000001,8.3,0.0,
L_1,LH_Vis_1,15.700000000000001,8.5,0.0,
L_1,LH_Vis_1,15.700000000000001,8.7,0.0,
L_1,LH_Vis_1,15.700000000000001,8.9,0.0,
L_1,LH_Vis_1,15.700000000000001,9.1,0.0,
L_1,LH_Vis_1,15.700000000000001,9.3,0.0,
L_1,LH_Vis_1,15.700000000000001,9.5,0.0,
L_1,LH_Vis_1,15.700000000000001,9.7,0.0,
L_1,LH_Vis_1,15.700000000000001,9.9,0.0,
L_1,LH_Vis_1,15.700000000000001,10.1,0.0,
L_1,LH_Vis_1,15.700000000000001,10.3,0.0,
L_1,LH_Vis_1,15.700000000000001,10.5,0.0,
L_1,LH_Vis_1,15.700000000000001,10.7,0.0,
L_1,LH_Vis_1,15.700000000000001,10.9,0.0,
L_1,LH_Vis_1,15.700000000000001,11.1,0.0,
L_1,LH_Vis_1,15.700000000000001,11.3,0.0,
L_1,LH_Vis_1,15.700000000000001,11.5,0.0,
L_1,LH_Vis_1,15.700000000000001,11.7,0.0,
L_1,LH_Vis_1,15.700000000000001,11.9,0.0,
L_1,LH_Vis_1,15.700000000000001,12.1,0.0,
L_1,LH_Vis_1,15.700000000000001,12.3,0.0,
L_1,LH_Vis_1,15.700000000000001,12.5,0.0,
L_1,LH_Vis_1,15.700000000000001,12.700000000000001,0.0,
L_1,LH_Vis_1,15.700000000000001,12.9,0.0,
L_1,LH_Vis_1,15.700000000000001,13.1,0.0,
L_1,LH_Vis_1,15.700000000000001,13.3,0.0,
L_1,LH_Vis_1,15.700000000000001,13.5,0.0,
L_1,LH_Vis_1,15.700000000000001,13.700000000000001,0.0,
L_1,LH_Vis_1,15.700000000000001,13.9,0.0,
L_1,LH_Vis_1,15.700000000000001,14.1,0.0,
L_1,LH_Vis_1,15.700000000000001,14.3,0.0,
L_1,LH_Vis_1,15.700000000000001,14.5,0.0,
L_1,LH_Vis_1,15.700000000000001,14.700000000000001,1.0,
L_1,LH_Vis_1,15.700000000000001,14.9,1.0,
L_1,LH_Vis_1,15.700000000000001,15.1,3.0,1.021193576856195
L_1,LH_Vis_1,15.700000000000001,15.3,3.0,1.021193576856195
L_1,LH_Vis_1,15.700000000000001,15.5,6.0,1.0233093472707804
L_1,LH_Vis_1,15.700000000000001,15.700000000000001,10.0,1.0366827839359445
L_1,LH_Vis_1,15.700000000000001,15.9,10.0,1.0366827839359445
L_1,LH_Vis_1,15.700000000000001,16.1,15.0,1.0470756940417085
L_1,LH_Vis_1,15.700000000000001,16.3,14.0,1.0486729494066167
L_1,LH_Vis_1,15.700000000000001,16.5,19.0,1.065562209684469
L_1,LH_Vis_1,15.700000000000001,16.700000000000003,17.0,1.0709891395511364
L_1,LH_Vis_1,15.700000000000001,16.9,22.0,1.084109608149203
L_1,LH_Vis_1,15.700000000000001,17.1,19.0,1.0933755803277034
L_1,LH_Vis_1,15.700000000000001,17.3,24.0,1.1080721983340538
L_1,LH_Vis_1,15.700000000000001,17.5,20.0,1.1183380502141262
L_1,LH_Vis_1,15.700000000000001,17.700000000000003,20.0,1.1183380502141262
L_1,LH_Vis_1,15.700000000000001,17.9,15.0,1.1351635622010896
L_1,LH_Vis_1,15.9,8.1,0.0,
L_1,LH_Vis_1,15.9,8.3,0.0,
L_1,LH_Vis_1,15.9,8.5,0.0,
L_1,LH_Vis_1,15.9,8.7,0.0,
L_1,LH_Vis_1,15.9,8.9,0.0,
L_1,LH_Vis_1,15.9,9.1,0.0,
L_1,LH_Vis_1,15.9,9.3,0.0,
L_1,LH_Vis_1,15.9,9.5,0.0,
L_1,LH_Vis_1,15.9,9.7,0.0,
L_1,LH_Vis_1,15.9,9.9,0.0,
L_1,LH_Vis_1,15.9,10.1,0.0,
L_1,LH_Vis_1,15.9,10.3,0.0,
L_1,LH_Vis_1,15.9,10.5,0.0,
L_1,LH_Vis_1,15.9,10.7,0.0,
L_1,LH_Vis_1,15.9,10.9,0.0,
L_1,LH_Vis_1,15.9,11.1,0.0,
L_1,LH_Vis_1,15.9,11.3,0.0,
L_1,LH_Vis_1,15.9,11.5,0.0,
L_1,LH_Vis_1,15.9,11.7,0.0,
L_1,LH_Vis_1,15.9,11.9,0.0,
L_1,LH_Vis_1,15.9,12.1,0.0,
L_1,LH_Vis_1,15.9,12.3,0.0,
L_1,LH_Vis_1,15.9,12.5,0.0,
L_1,LH_Vis_1,15.9,12.700000000000001,0.0,
L_1,LH_Vis_1,15.9,12.9,0.0,
L_1,LH_Vis_1,15.9,13.1,0.0,
L_1,LH_Vis_1,15.9,13.3,0.0,
L_1,LH_Vis_1,15.9,13.5,0.0,
L_1,LH_Vis_1,15.9,13.700000000000001,0.0,
L_1,LH_Vis_1,15.9,13.9,0.0,
L_1,LH_Vis_1,15.9,14.1,0.0,
L_1,LH_Vis_1,15.9,14.3,0.0,
L_1,LH_Vis_1,15.9,14.5,0.0,
L_1,LH_Vis_1,15.9,14.700000000000001,0.0,
L_1,LH_Vis_1,15.9,14.9,0.0,
L_1,LH_Vis_1,15.9,15.1,1.0,
L_1,LH_Vis_1,15.9,15.3,1.0,
L_1,LH_Vis_1,15.9,15.5,3.0,1.0021282868933585
L_1,LH_Vis_1,15.9,15.700000000000001,6.0,1.0230502138688766
L_1,LH_Vis_1,15.9,15.9,6.0,1.0230502138688766
L_1,LH_Vis_1,15.9,16.1,10.0,1.0360660330184666
L_1,LH_Vis_1,15.9,16.3,10.0,1.0360660330184666
L_1,LH_Vis_1,15.9,16.5,14.0,1.054342635891332
L_1,LH_Vis_1,15.9,16.700000000000003,13.0,1.0588010351940083
L_1,LH_Vis_1,15.9,16.9,17.0,1.073162626684413
L_1,LH_Vis_1,15.9,17.1,15.0,1.0822508825274324
L_1,LH_Vis_1,15.9,17.3,19.0,1.097858038290588
L_1,LH_Vis_1,15.9,17.5,16.0,1.1079616440617492
L_1,LH_Vis_1,15.9,17.700000000000003,16.0,1.1079616440617492
L_1,LH_Vis_1,15.9,17.9,12.0,1.1254189381680482
L_1,LH_Vis_1,16.1,8.1,0.0,
L_1,LH_Vis_1,16.1,8.3,0.0,
L_1,LH_Vis_1,16.1,8.5,0.0,
L_1,LH_Vis_1,16.1,8.7,0.0,
L_1,LH_Vis_1,16.1,8.9,0.0,
L_1,LH_Vis_1,16.1,9.1,0.0,
L_1,LH_Vis_1,16.1,9.3,0.0,
L_1,LH_Vis_1,16.1,9.5,0.0,
L_1,LH_Vis_1,16.1,9.7,0.0,
L_1,LH_Vis_1,16.1,9.9,0.0,
L_1,LH_Vis_1,16.1,10.1,0.0,
L_1,LH_Vis_1,16.1,10.3,0.0,
L_1,LH_Vis_1,16.1,10.5,0.0,
L_1,LH_Vis_1,16.1,10.7,0.0,
L_1,LH_Vis_1,16.1,10.9,0.0,
L_1,LH_Vis_1,16.1,11.1,0.0,
L_1,LH_Vis_1,16.1,11.3,0.0,
L_1,LH_Vis_1,16.1,11.5,0.0,
L_1,LH_Vis_1,16.1,11.7,0.0,
L_1,LH_Vis_1,16.1,11.9,0.0,
L_1,LH_Vis_1,16.1,12.1,0.0,
L_1,LH_Vis_1,16.1,12.3,0.0,
L_1,LH_Vis_1,16.1,12.5,0.0,
L_1,LH_Vis_1,16.1,12.700000000000001,0.0,
L_1,LH_Vis_1,16.1,12.9,0.0,
L_1,LH_Vis_1,16.1,13.1,0.0,
L_1,LH_Vis_1,16.1,13.3,0.0,
L_1,LH_Vis_1,16.1,13.5,0.0,
L_1,LH_Vis_1,16.1,13.700000000000001,0.0,
L_1,LH_Vis_1,16.1,13.9,0.0,
L_1,LH_Vis_1,16.1,14.1,0.0,
L_1,LH_Vis_1,16.1,14.3,0.0,
L_1,LH_Vis_1,16.1,14.5,0.0,
L_1,LH_Vis_1,16.1,14.700000000000001,0.0,
L_1,LH_Vis_1,16.1,14.9,0.0,
L_1,LH_Vis_1,16.1,15.1,1.0,
L_1,LH_Vis_1,16.1,15.3,1.0,
L_1,LH_Vis_1,16.1,15.5,3.0,1.0021282868933585
L_1,LH_Vis_1,16.1,15.700000000000001,6.0,1.0230502138688766
L_1,LH_Vis_1,16.1,15.9,6.0,1.0230502138688766
L_1,LH_Vis_1,16.1,16.1,10.0,1.0360660330184666
L_1,LH_Vis_1,16.1,16.3,10.0,1.0360660330184666
L_1,LH_Vis_1,16.1,16.5,15.0,1.051614449202316
L_1,LH_Vis_1,16.1,16.700000000000003,14.0,1.0555595209341573
L_1,LH_Vis_1,16.1,16.9,19.0,1.0672970669944084
L_1,LH_Vis_1,16.1,17.1,17.0,1.074626050421778
L_1,LH_Vis_1,16.1,17.3,22.0,1.090150806195867
L_1,LH_Vis_1,16.1,17.5,19.0,1.0974421744092573
L_1,LH_Vis_1,16.1,17.700000000000003,19.0,1.0974421744092573
L_1,LH_Vis_1,16.1,17.9,15.0,1.1086028177869653
L_1,LH_Vis_1,16.3,8.1,0.0,
L_1,LH_Vis_1,16.3,8.3,0.0,
L_1,LH_Vis_1,16.3,8.5,0.0,
L_1,LH_Vis_1,16.3,8.7,0.0,
L_1,LH_Vis_1,16.3,8.9,0.0,
L_1,LH_Vis_1,16.3,9.1,0.0,
L_1,LH_Vis_1,16.3,9.3,0.0,
L_1,LH_Vis_1,16.3,9.5,0.0,
L_1,LH_Vis_1,16.3,9.7,0.0,
L_1,LH_Vis_1,16.3,9.9,0.0,
L_1,LH_Vis_1,16.3,10.1,0.0,
L_1,LH_Vis_1,16.3,10.3,0.0,
L_1,LH_Vis_1,16.3,10.5,0.0,
L_1,LH_Vis_1,16.3,10.7,0.0,
L_1,LH_Vis_1,16.3,10.9,0.0,
L_1,LH_Vis_1,16.3,11.1,0.0,
L_1,LH_Vis_1,16.3,11.3,0.0,
L_1,LH_Vis_1,16.3,11.5,0.0,
L_1,LH_Vis_1,16.3,11.7,0.0,
L_1,LH_Vis_1,16.3,11.9,0.0,
L_1,LH_Vis_1,16.3,12.1,0.0,
L_1,LH_Vis_1,16.3,12.3,0.0,
L_1,LH_Vis_1,16.3,12.5,0.0,
L_1,LH_Vis_1,16.3,12.700000000000001,0.0,
L_1,LH_Vis_1,16.3,12.9,0.0,
L_1,LH_Vis_1,16.3,13.1,0.0,
L_1,LH_Vis_1,16.3,13.3,0.0,
L_1,LH_Vis_1,16.3,13.5,0.0,
L_1,LH_Vis_1,16.3,13.700000000000001,0.0,
L_1,LH_Vis_1,16.3,13.9,0.0,
L_1,LH_Vis_1,16.3,14.1,0.0,
L_1,LH_Vis_1,16.3,14.3,0.0,
L_1,LH_Vis_1,16.3,14.5,0.0,
L_1,LH_Vis_1,16.3,14.700000000000001,0.0,
L_1,LH_Vis_1,16.3,14.9,0.0,
L_1,LH_Vis_1,16.3,15.1,0.0,
L_1,LH_Vis_1,16.3,15.3,0.0,
L_1,LH_Vis_1,16.3,15.5,1.0,
L_1,LH_Vis_1,16.3,15.700000000000001,3.0,1.018420143431131
L_1,LH_Vis_1,16.3,15.9,3.0,1.018420143431131
L_1,LH_Vis_1,16.3,16.1,6.0,1.029876949929097
L_1,LH_Vis_1,16.3,16.3,6.0,1.029876949929097
L_1,LH_Vis_1,16.3,16.5,10.0,1.0468772051426984
L_1,LH_Vis_1,16.3,16.700000000000003,10.0,1.0468772051426984
L_1,LH_Vis_1,16.3,16.9,14.0,1.0595031305441636
L_1,LH_Vis_1,16.3,17.1,13.0,1.0647708485383687
L_1,LH_Vis_1,16.3,17.3,17.0,1.081268148810297
L_1,LH_Vis_1,16.3,17.5,15.0,1.08782139307341
L_1,LH_Vis_1,16.3,17.700000000000003,15.0,1.08782139307341
L_1,LH_Vis_1,16.3,17.9,12.0,1.0994433022349965
L_1,LH_Vis_1,16.5,8.1,0.0,
L_1,LH_Vis_1,16.5,8.3,0.0,
L_1,LH_Vis_1,16.5,8.5,0.0,
L_1,LH_Vis_1,16.5,8.7,0.0,
L_1,LH_Vis_1,16.5,8.9,0.0,
L_1,LH_Vis_1,16.5,9.1,0.0,
L_1,LH_Vis_1,16.5,9.3,0.0,
L_1,LH_Vis_1,16.5,9.5,0.0,
L_1,LH_Vis_1,16.5,9.7,0.0,
L_1,LH_Vis_1,16.5,9.9,0.0,
L_1,LH_Vis_1,16.5,10.1,0.0,
L_1,LH_Vis_1,16.5,10.3,0.0,
L_1,LH_Vis_1,16.5,10.5,0.0,
L_1,LH_Vis_1,16.5,10.7,0.0,
L_1,LH_Vis_1,16.5,10.9,0.0,
L_1,LH_Vis_1,16.5,11.1,0.0,
L_1,LH_Vis_1,16.5,11.3,0.0,
L_1,LH_Vis_1,16.5,11.5,0.0,
L_1,LH_Vis_1,16.5,11.7,0.0,
L_1,LH_Vis_1,16.5,11.9,0.0,
L_1,LH_Vis_1,16.5,12.1,0.0,
L_1,LH_Vis_1,16.5,12.3,0.0,
L_1,LH_Vis_1,16.5,12.5,0.0,
L_1,LH_Vis_1,16.5,12.700000000000001,0.0,
L_1,LH_Vis_1,16.5,12.9,0.0,
L_1,LH_Vis_1,16.5,13.1,0.0,
L_1,LH_Vis_1,16.5,13.3,0.0,
L_1,LH_Vis_1,16.5,13.5,0.0,
L_1,LH_Vis_1,16.5,13.700000000000001,0.0,
L_1,LH_Vis_1,16.5,13.9,0.0,
L_1,LH_Vis_1,16.5,14.1,0.0,
L_1,LH_Vis_1,16.5,14.3,0.0,
L_1,LH_Vis_1,16.5,14.5,0.0,
L_1,LH_Vis_1,16.5,14.700000000000001,0.0,
L_1,LH_Vis_1,16.5,14.9,0.0,
L_1,LH_Vis_1,16.5,15.1,0.0,
L_1,LH_Vis_1,16.5,15.3,0.0,
L_1,LH_Vis_1,16.5,15.5,1.0,
L_1,LH_Vis_1,16.5,15.700000000000001,3.0,1.018420143431131
L_1,LH_Vis_1,16.5,15.9,3.0,1.018420143431131
L_1,LH_Vis_1,16.5,16.1,6.0,1.029876949929097
L_1,LH_Vis_1,16.5,16.3,6.0,1.029876949929097
L_1,LH_Vis_1,16.5,16.5,10.0,1.0468772051426984
L_1,LH_Vis_1,16.5,16.700000000000003,10.0,1.0468772051426984
L_1,LH_Vis_1,16.5,16.9,15.0,1.0545640934153384
L_1,LH_Vis_1,16.5,17.1,14.0,1.0591027574721843
L_1,LH_Vis_1,16.5,17.3,19.0,1.0732666707163296
L_1,LH_Vis_1,16.5,17.5,17.0,1.078107594702139
L_1,LH_Vis_1,16.5,17.700000000000003,17.0,1.078107594702139
L_1,LH_Vis_1,16.5,17.9,14.0,1.0859877029039409
L_1,LH_Vis_1,16.700000000000003,8.1,0.0,
L_1,LH_Vis_1,16.700000000000003,8.3,0.0,
L_1,LH_Vis_1,16.700000000000003,8.5,0.0,
L_1,LH_Vis_1,16.700000000000003,8.7,0.0,
L_1,LH_Vis_1,16.700000000000003,8.9,0.0,
L_1,LH_Vis_1,16.700000000000003,9.1,0.0,
L_1,LH_Vis_1,16.700000000000003,9.3,0.0,
L_1,LH_Vis_1,16.700000000000003,9.5,0.0,
L_1,LH_Vis_1,16.700000000000003,9.7,0.0,
L_1,LH_Vis_1,16.700000000000003,9.9,0.0,
L_1,LH_Vis_1,16.700000000000003,10.1,0.0,
L_1,LH_Vis_1,16.700000000000003,10.3,0.0,
L_1,LH_Vis_1,16.700000000000003,10.5,0.0,
L_1,LH_Vis_1,16.700000000000003,10.7,0.0,
L_1,LH_Vis_1,16.700000000000003,10.9,0.0,
L_1,LH_Vis_1,16.700000000000003,11.1,0.0,
L_1,LH_Vis_1,16.700000000000003,11.3,0.0,
L_1,LH_Vis_1,16.700000000000003,11.5,0.0,
L_1,LH_Vis_1,16.700000000000003,11.7,0.0,
L_1,LH_Vis_1,16.700000000000003,11.9,0.0,
L_1,LH_Vis_1,16.700000000000003,12.1,0.0,
L_1,LH_Vis_1,16.700000000000003,12.3,0.0,
L_1,LH_Vis_1,16.700000000000003,12.5,0.0,
L_1,LH_Vis_1,16.700000000000003,12.700000000000001,0.0,
L_1,LH_Vis_1,16.700000000000003,12.9,0.0,
L_1,LH_Vis_1,16.700000000000003,13.1,0.0,
L_1,LH_Vis_1,16.700000000000003,13.3,0.0,
L_1,LH_Vis_1,16.700000000000003,13.5,0.0,
L_1,LH_Vis_1,16.700000000000003,13.700000000000001,0.0,
L_1,LH_Vis_1,16.700000000000003,13.9,0.0,
L_1,LH_Vis_1,16.700000000000003,14.1,0.0,
L_1,LH_Vis_1,16.700000000000003,14.3,0.0,
L_1,LH_Vis_1,16.700000000000003,14.5,0.0,
L_1,LH_Vis_1,16.700000000000003,14.700000000000001,0.0,
L_1,LH_Vis_1,16.700000000000003,14.9,0.0,
L_1,LH_Vis_1,16.700000000000003,15.1,0.0,
L_1,LH_Vis_1,16.700000000000003,15.3,0.0,
L_1,LH_Vis_1,16.700000000000003,15.5,0.0,
L_1,LH_Vis_1,16.700000000000003,15.700000000000001,1.0,
L_1,LH_Vis_1,16.700000000000003,15.9,1.0,
L_1,LH_Vis_1,16.700000000000003,16.1,3.0,1.0259685088213684
L_1,LH_Vis_1,16.700000000000003,16.3,3.0,1.0259685088213684
L_1,LH_Vis_1,16.700000000000003,16.5,6.0,1.0395703426349572
L_1,LH_Vis_1,16.700000000000003,16.700000000000003,6.0,1.0395703426349572
L_1,LH_Vis_1,16.700000000000003,16.9,10.0,1.0441860387452426
L_1,LH_Vis_1,16.700000000000003,17.1,10.0,1.0441860387452426
L_1,LH_Vis_1,16.700000000000003,17.3,14.0,1.059484655854084
L_1,LH_Vis_1,16.700000000000003,17.5,13.0,1.0623746233904496
L_1,LH_Vis_1,16.700000000000003,17.700000000000003,13.0,1.0623746233904496
L_1,LH_Vis_1,16.700000000000003,17.9,11.0,1.068625423226643
L_1,LH_Vis_1,16.9,8.1,0.0,
L_1,LH_Vis_1,16.9,8.3,0.0,
L_1,LH_Vis_1,16.9,8.5,0.0,
L_1,LH_Vis_1,16.9,8.7,0.0,
L_1,LH_Vis_1,16.9,8.9,0.0,
L_1,LH_Vis_1,16.9,9.1,0.0,
L_1,LH_Vis_1,16.9,9.3,0.0,
L_1,LH_Vis_1,16.9,9.5,0.0,
L_1,LH_Vis_1,16.9,9.7,0.0,
L_1,LH_Vis_1,16.9,9.9,0.0,
L_1,LH_Vis_1,16.9,10.1,0.0,
L_1,LH_Vis_1,16.9,10.3,0.0,
L_1,LH_Vis_1,16.9,10.5,0.0,
L_1,LH_Vis_1,16.9,10.7,0.0,
L_1,LH_Vis_1,16.9,10.9,0.0,
L_1,LH_Vis_1,16.9,11.1,0.0,
L_1,LH_Vis_1,16.9,11.3,0.0,
L_1,LH_Vis_1,16.9,11.5,0.0,
L_1,LH_Vis_1,16.9,11.7,0.0,
L_1,LH_Vis_1,16.9,11.9,0.0,
L_1,LH_Vis_1,16.9,12.1,0.0,
L_1,LH_Vis_1,16.9,12.3,0.0,
L_1,LH_Vis_1,16.9,12.5,0.0,
L_1,LH_Vis_1,16.9,12.700000000000001,0.0,
L_1,LH_Vis_1,16.9,12.9,0.0,
L_1,LH_Vis_1,16.9,13.1,0.0,
L_1,LH_Vis_1,16.9,13.3,0.0,
L_1,LH_Vis_1,16.9,13.5,0.0,
L_1,LH_Vis_1,16.9,13.700000000000001,0.0,
L_1,LH_Vis_1,16.9,13.9,0.0,
L_1,LH_Vis_1,16.9,14.1,0.0,
L_1,LH_Vis_1,16.9,14.3,0.0,
L_1,LH_Vis_1,16.9,14.5,0.0,
L_1,LH_Vis_1,16.9,14.700000000000001,0.0,
L_1,LH_Vis_1,16.9,14.9,0.0,
L_1,LH_Vis_1,16.9,15.1,0.0,
L_1,LH_Vis_1,16.9,15.3,0.0,
L_1,LH_Vis_1,16.9,15.5,0.0,
L_1,LH_Vis_1,16.9,15.700000000000001,1.0,
L_1,LH_Vis_1,16.9,15.9,1.0,
L_1,LH_Vis_1,16.9,16.1,3.0,1.0259685088213684
L_1,LH_Vis_1,16.9,16.3,3.0,1.0259685088213684
L_1,LH_Vis_1,16.9,16.5,6.0,1.0395703426349572
L_1,LH_Vis_1,16.9,16.700000000000003,6.0,1.0395703426349572
L_1,LH_Vis_1,16.9,16.9,10.0,1.0441860387452426
L_1,LH_Vis_1,16.9,17.1,10.0,1.0441860387452426
L_1,LH_Vis_1,16.9,17.3,15.0,1.0564467487127385
L_1,LH_Vis_1,16.9,17.5,14.0,1.0589132966292676
L_1,LH_Vis_1,16.9,17.700000000000003,14.0,1.0589132966292676
L_1,LH_Vis_1,16.9,17.9,12.0,1.0640663086855813
L_1,LH_Vis_1,17.1,8.1,0.0,
L_1,LH_Vis_1,17.1,8.3,0.0,
L_1,LH_Vis_1,17.1,8.5,0.0,
L_1,LH_Vis_1,17.1,8.7,0.0,
L_1,LH_Vis_1,17.1,8.9,0.0,
L_1,LH_Vis_1,17.1,9.1,0.0,
L_1,LH_Vis_1,17.1,9.3,0.0,
L_1,LH_Vis_1,17.1,9.5,0.0,
L_1,LH_Vis_1,17.1,9.7,0.0,
L_1,LH_Vis_1,17.1,9.9,0.0,
L_1,LH_Vis_1,17.1,10.1,0.0,
L_1,LH_Vis_1,17.1,10.3,0.0,
L_1,LH_Vis_1,17.1,10.5,0.0,
L_1,LH_Vis_1,17.1,10.7,0.0,
L_1,LH_Vis_1,17.1,10.9,0.0,
L_1,LH_Vis_1,17.1,11.1,0.0,
L_1,LH_Vis_1,17.1,11.3,0.0,
L_1,LH_Vis_1,17.1,11.5,0.0,
L_1,LH_Vis_1,17.1,11.7,0.0,
L_1,LH_Vis_1,17.1,11.9,0.0,
L_1,LH_Vis_1,17.1,12.1,0.0,
L_1,LH_Vis_1,17.1,12.3,0.0,
L_1,LH_Vis_1,17.1,12.5,0.0,
L_1,LH_Vis_1,17.1,12.700000000000001,0.0,
L_1,LH_Vis_1,17.1,12.9,0.0,
L_1,LH_Vis_1,17.1,13.1,0.0,
L_1,LH_Vis_1,17.1,13.3,0.0,
L_1,LH_Vis_1,17.1,13.5,0.0,
L_1,LH_Vis_1,17.1,13.700000000000001,0.0,
L_1,LH_Vis_1,17.1,13.9,0.0,
L_1,LH_Vis_1,17.1,14.1,0.0,
L_1,LH_Vis_1,17.1,14.3,0.0,
L_1,LH_Vis_1,17.1,14.5,0.0,
L_1,LH_Vis_1,17.1,14.700000000000001,0.0,
L_1,LH_Vis_1,17.1,14.9,0.0,
L_1,LH_Vis_1,17.1,15.1,0.0,
L_1,LH_Vis_1,17.1,15.3,0.0,
L_1,LH_Vis_1,17.1,15.5,0.0,
L_1,LH_Vis_1,17.1,15.700000000000001,0.0,
L_1,LH_Vis_1,17.1,15.9,0.0,
L_1,LH_Vis_1,17.1,16.1,1.0,
L_1,LH_Vis_1,17.1,16.3,1.0,
L_1,LH_Vis_1,17.1,16.5,3.0,1.0237972345471438
L_1,LH_Vis_1,17.1,16.700000000000003,3.0,1.0237972345471438
L_1,LH_Vis_1,17.1,16.9,6.0,1.0268005448672441
L_1,LH_Vis_1,17.1,17.1,6.0,1.0268005448672441
L_1,LH_Vis_1,17.1,17.3,10.0,1.0413543757056463
L_1,LH_Vis_1,17.1,17.5,10.0,1.0413543757056463
L_1,LH_Vis_1,17.1,17.700000000000003,10.0,1.0413543757056463
L_1,LH_Vis_1,17.1,17.9,9.0,1.044559169035037
L_1,LH_Vis_1,17.3,8.1,0.0,
L_1,LH_Vis_1,17.3,8.3,0.0,
L_1,LH_Vis_1,17.3,8.5,0.0,
L_1,LH_Vis_1,17.3,8.7,0.0,
L_1,LH_Vis_1,17.3,8.9,0.0,
L_1,LH_Vis_1,17.3,9.1,0.0,
L_1,LH_Vis_1,17.3,9.3,0.0,
L_1,LH_Vis_1,17.3,9.5,0.0,
L_1,LH_Vis_1,17.3,9.7,0.0,
L_1,LH_Vis_1,17.3,9.9,0.0,
L_1,LH_Vis_1,17.3,10.1,0.0,
L_1,LH_Vis_1,17.3,10.3,0.0,
L_1,LH_Vis_1,17.3,10.5,0.0,
L_1,LH_Vis_1,17.3,10.7,0.0,
L_1,LH_Vis_1,17.3,10.9,0.0,
L_1,LH_Vis_1,17.3,11.1,0.0,
L_1,LH_Vis_1,17.3,11.3,0.0,
L_1,LH_Vis_1,17.3,11.5,0.0,
L_1,LH_Vis_1,17.3,11.7,0.0,
L_1,LH_Vis_1,17.3,11.9,0.0,
L_1,LH_Vis_1,17.3,12.1,0.0,
L_1,LH_Vis_1,17.3,12.3,0.0,
L_1,LH_Vis_1,17.3,12.5,0.0,
L_1,LH_Vis_1,17.3,12.700000000000001,0.0,
L_1,LH_Vis_1,17.3,12.9,0.0,
L_1,LH_Vis_1,17.3,13.1,0.0,
L_1,LH_Vis_1,17.3,13.3,0.0,
L_1,LH_Vis_1,17.3,13.5,0.0,
L_1,LH_Vis_1,17.3,13.700000000000001,0.0,
L_1,LH_Vis_1,17.3,13.9,0.0,
L_1,LH_Vis_1,17.3,14.1,0.0,
L_1,LH_Vis_1,17.3,14.3,0.0,
L_1,LH_Vis_1,17.3,14.5,0.0,
L_1,LH_Vis_1,17.3,14.700000000000001,0.0,
L_1,LH_Vis_1,17.3,14.9,0.0,
L_1,LH_Vis_1,17.3,15.1,0.0,
L_1,LH_Vis_1,17.3,15.3,0.0,
L_1,LH_Vis_1,17.3,15.5,0.0,
L_1,LH_Vis_1,17.3,15.700000000000001,0.0,
L_1,LH_Vis_1,17.3,15.9,0.0,
L_1,LH_Vis_1,17.3,16.1,1.0,
L_1,LH_Vis_1,17.3,16.3,1.0,
L_1,LH_Vis_1,17.3,16.5,3.0,1.0237972345471438
L_1,LH_Vis_1,17.3,16.700000000000003,3.0,1.0237972345471438
L_1,LH_Vis_1,17.3,16.9,6.0,1.0268005448672441
L_1,LH_Vis_1,17.3,17.1,6.0,1.0268005448672441
L_1,LH_Vis_1,17.3,17.3,10.0,1.0413543757056463
L_1,LH_Vis_1,17.3,17.5,10.0,1.0413543757056463
L_1,LH_Vis_1,17.3,17.700000000000003,10.0,1.0413543757056463
L_1,LH_Vis_1,17.3,17.9,9.0,1.044559169035037
L_1,LH_Vis_1,17.5,8.1,0.0,
L_1,LH_Vis_1,17.5,8.3,0.0,
L_1,LH_Vis_1,17.5,8.5,0.0,
L_1,LH_Vis_1,17.5,8.7,0.0,
L_1,LH_Vis_1,17.5,8.9,0.0,
L_1,LH_Vis_1,17.5,9.1,0.0,
L_1,LH_Vis_1,17.5,9.3,0.0,
L_1,LH_Vis_1,17.5,9.5,0.0,
L_1,LH_Vis_1,17.5,9.7,0.0,
L_1,LH_Vis_1,17.5,9.9,0.0,
L_1,LH_Vis_1,17.5,10.1,0.0,
L_1,LH_Vis_1,17.5,10.3,0.0,
L_1,LH_Vis_1,17.5,10.5,0.0,
L_1,LH_Vis_1,17.5,10.7,0.0,
L_1,LH_Vis_1,17.5,10.9,0.0,
L_1,LH_Vis_1,17.5,11.1,0.0,
L_1,LH_Vis_1,17.5,11.3,0.0,
L_1,LH_Vis_1,17.5,11.5,0.0,
L_1,LH_Vis_1,17.5,11.7,0.0,
L_1,LH_Vis_1,17.5,11.9,0.0,
L_1,LH_Vis_1,17.5,12.1,0.0,
L_1,LH_Vis_1,17.5,12.3,0.0,
L_1,LH_Vis_1,17.5,12.5,0.0,
L_1,LH_Vis_1,17.5,12.700000000000001,0.0,
L_1,LH_Vis_1,17.5,12.9,0.0,
L_1,LH_Vis_1,17.5,13.1,0.0,
L_1,LH_Vis_1,17.5,13.3,0.0,
L_1,LH_Vis_1,17.5,13.5,0.0,
L_1,LH_Vis_1,17.5,13.700000000000001,0.0,
L_1,LH_Vis_1,17.5,13.9,0.0,
L_1,LH_Vis_1,17.5,14.1,0.0,
L_1,LH_Vis_1,17.5,14.3,0.0,
L_1,LH_Vis_1,17.5,14.5,0.0,
L_1,LH_Vis_1,17.5,14.700000000000001,0.0,
L_1,LH_Vis_1,17.5,14.9,0.0,
L_1,LH_Vis_1,17.5,15.1,0.0,
L_1,LH_Vis_1,17.5,15.3,0.0,
L_1,LH_Vis_1,17.5,15.5,0.0,
L_1,LH_Vis_1,17.5,15.700000000000001,0.0,
L_1,LH_Vis_1,17.5,15.9,0.0,
L_1,LH_Vis_1,17.5,16.1,0.0,
L_1,LH_Vis_1,17.5,16.3,0.0,
L_1,LH_Vis_1,17.5,16.5,1.0,
L_1,LH_Vis_1,17.5,16.700000000000003,1.0,
L_1,LH_Vis_1,17.5,16.9,3.0,1.0067657309568414
L_1,LH_Vis_1,17.5,17.1,3.0,1.0067657309568414
L_1,LH_Vis_1,17.5,17.3,6.0,1.024739878559502
L_1,LH_Vis_1,17.5,17.5,6.0,1.024739878559502
L_1,LH_Vis_1,17.5,17.700000000000003,6.0,1.024739878559502
L_1,LH_Vis_1,17.5,17.9,6.0,1.024739878559502
L_1,LH_Vis_1,17.700000000000003,8.1,0.0,
L_1,LH_Vis_1,17.700000000000003,8.3,0.0,
L_1,LH_Vis_1,17.700000000000003,8.5,0.0,
L_1,LH_Vis_1,17.700000000000003,8.7,0.0,
L_1,LH_Vis_1,17.700000000000003,8.9,0.0,
L_1,LH_Vis_1,17.700000000000003,9.1,0.0,
L_1,LH_Vis_1,17.700000000000003,9.3,0.0,
L_1,LH_Vis_1,17.700000000000003,9.5,0.0,
L_1,LH_Vis_1,17.700000000000003,9.7,0.0,
L_1,LH_Vis_1,17.700000000000003,9.9,0.0,
L_1,LH_Vis_1,17.700000000000003,10.1,0.0,
L_1,LH_Vis_1,17.700000000000003,10.3,0.0,
L_1,LH_Vis_1,17.700000000000003,10.5,0.0,
L_1,LH_Vis_1,17.700000000000003,10.7,0.0,
L_1,LH_Vis_1,17.700000000000003,10.9,0.0,
L_1,LH_Vis_1,17.700000000000003,11.1,0.0,
L_1,LH_Vis_1,17.700000000000003,11.3,0.0,
L_1,LH_Vis_1,17.700000000000003,11.5,0.0,
L_1,LH_Vis_1,17.700000000000003,11.7,0.0,
L_1,LH_Vis_1,17.700000000000003,11.9,0.0,
L_1,LH_Vis_1,17.700000000000003,12.1,0.0,
L_1,LH_Vis_1,17.700000000000003,12.3,0.0,
L_1,LH_Vis_1,17.700000000000003,12.5,0.0,
L_1,LH_Vis_1,17.700000000000003,12.700000000000001,0.0,
L_1,LH_Vis_1,17.700000000000003,12.9,0.0,
L_1,LH_Vis_1,17.700000000000003,13.1,0.0,
L_1,LH_Vis_1,17.700000000000003,13.3,0.0,
L_1,LH_Vis_1,17.700000000000003,13.5,0.0,
L_1,LH_Vis_1,17.700000000000003,13.700000000000001,0.0,
L_1,LH_Vis_1,17.700000000000003,13.9,0.0,
L_1,LH_Vis_1,17.700000000000003,14.1,0.0,
L_1,LH_Vis_1,17.700000000000003,14.3,0.0,
L_1,LH_Vis_1,17.700000000000003,14.5,0.0,
L_1,LH_Vis_1,17.700000000000003,14.700000000000001,0.0,
L_1,LH_Vis_1,17.700000000000003,14.9,0.0,
L_1,LH_Vis_1,17.700000000000003,15.1,0.0,
L_1,LH_Vis_1,17.700000000000003,15.3,0.0,
L_1,LH_Vis_1,17.700000000000003,15.5,0.0,
L_1,LH_Vis_1,17.700000000000003,15.700000000000001,0.0,
L_1,LH_Vis_1,17.700000000000003,15.9,0.0,
L_1,LH_Vis_1,17.700000000000003,16.1,0.0,
L_1,LH_Vis_1,17.700000000000003,16.3,0.0,
L_1,LH_Vis_1,17.700000000000003,16.5,1.0,
L_1,LH_Vis_1,17.700000000000003,16.700000000000003,1.0,
L_1,LH_Vis_1,17.700000000000003,16.9,3.0,1.0067657309568414
L_1,LH_Vis_1,17.700000000000003,17.1,3.0,1.0067657309568414
L_1,LH_Vis_1,17.700000000000003,17.3,6.0,1.024739878559502
L_1,LH_Vis_1,17.700000000000003,17.5,6.0,1.024739878559502
L_1,LH_Vis_1,17.700000000000003,17.700000000000003,6.0,1.024739878559502
L_1,LH_Vis_1,17.700000000000003,17.9,6.0,1.024739878559502
L_1,LH_Vis_1,17.9,8.1,0.0,
L_1,LH_Vis_1,17.9,8.3,0.0,
L_1,LH_Vis_1,17.9,8.5,0.0,
L_1,LH_Vis_1,17.9,8.7,0.0,
L_1,LH_Vis_1,17.9,8.9,0.0,
L_1,LH_Vis_1,17.9,9.1,0.0,
L_1,LH_Vis_1,17.9,9.3,0.0,
L_1,LH_Vis_1,17.9,9.5,0.0,
L_1,LH_Vis_1,17.9,9.7,0.0,
L_1,LH_Vis_1,17.9,9.9,0.0,
L_1,LH_Vis_1,17.9,10.1,0.0,
L_1,LH_Vis_1,17.9,10.3,0.0,
L_1,LH_Vis_1,17.9,10.5,0.0,
L_1,LH_Vis_1,17.9,10.7,0.0,
L_1,LH_Vis_1,17.9,10.9,0.0,
L_1,LH_Vis_1,17.9,11.1,0.0,
L_1,LH_Vis_1,17.9,11.3,0.0,
L_1,LH_Vis_1,17.9,11.5,0.0,
L_1,LH_Vis_1,17.9,11.7,0.0,
L_1,LH_Vis_1,17.9,11.9,0.0,
L_1,LH_Vis_1,17.9,12.1,0.0,
L_1,LH_Vis_1,17.9,12.3,0.0,
L_1,LH_Vis_1,17.9,12.5,0.0,
L_1,LH_Vis_1,17.9,12.700000000000001,0.0,
L_1,LH_Vis_1,17.9,12.9,0.0,
L_1,LH_Vis_1,17.9,13.1,0.0,
L_1,LH_Vis_1,17.9,13.3,0.0,
L_1,LH_Vis_1,17.9,13.5,0.0,
L_1,LH_Vis_1,17.9,13.700000000000001,0.0,
L_1,LH_Vis_1,17.9,13.9,0.0,
L_1,LH_Vis_1,17.9,14.1,0.0,
L_1,LH_Vis_1,17.9,14.3,0.0,
L_1,LH_Vis_1,17.9,14.5,0.0,
L_1,LH_Vis_1,17.9,14.700000000000001,0.0,
L_1,LH_Vis_1,17.9,14.9,0.0,
L_1,LH_Vis_1,17.9,15.1,0.0,
L_1,LH_Vis_1,17.9,15.3,0.0,
L_1,LH_Vis_1,17.9,15.5,0.0,
L_1,LH_Vis_1,17.9,15.700000000000001,0.0,
L_1,LH_Vis_1,17.9,15.9,0.0,
L_1,LH_Vis_1,17.9,16.1,0.0,
L_1,LH_Vis_1,17.9,16.3,0.0,
L_1,LH_Vis_1,17.9,16.5,0.0,
L_1,LH_Vis_1,17.9,16.700000000000003,0.0,
L_1,LH_Vis_1,17.9,16.9,1.0,
L_1,LH_Vis_1,17.9,17.1,1.0,
L_1,LH_Vis_1,17.9,17.3,3.0,1.0081414208563717
L_1,LH_Vis_1,17.9,17.5,3.0,1.0081414208563717
L_1,LH_Vis_1,17.9,17.700000000000003,3.0,1.0081414208563717
L_1,LH_Vis_1,17.9,17.9,3.0,1.0081414208563717
