roi,roi_label,age_i_center,age_j_center,n_pairs_local,conditional_coupling
L_1,LH_Vis_1,8.1,8.1,3.0,0.04286903357644978
L_1,LH_Vis_1,8.1,8.3,6.0,0.11064344322323977
L_1,LH_Vis_1,8.1,8.5,6.0,0.11064344322323977
L_1,LH_Vis_1,8.1,8.7,9.0,0.14878215809174972
L_1,LH_Vis_1,8.1,8.9,9.0,0.14878215809174972
L_1,LH_Vis_1,8.1,9.1,12.0,0.17753579194038147
L_1,LH_Vis_1,8.1,9.3,11.0,0.1978392126165737
L_1,LH_Vis_1,8.1,9.5,14.0,0.2196579668571123
L_1,LH_Vis_1,8.1,9.7,12.0,0.2417335499810408
L_1,LH_Vis_1,8.1,9.9,15.0,0.2589435049393755
L_1,LH_Vis_1,8.1,10.1,12.0,0.27907491795671197
L_1,LH_Vis_1,8.1,10.3,15.0,0.29552713729807967
L_1,LH_Vis_1,8.1,10.5,15.0,0.32601228730720866
L_1,LH_Vis_1,8.1,10.7,12.0,0.34156618576244163
L_1,LH_Vis_1,8.1,10.9,15.0,0.3535988434527989
L_1,LH_Vis_1,8.1,11.1,12.0,0.3670835378812269
L_1,LH_Vis_1,8.1,11.3,15.0,0.37624445811466245
L_1,LH_Vis_1,8.1,11.5,12.0,0.38835974145014945
L_1,LH_Vis_1,8.1,11.7,15.0,0.39657719480176995
L_1,LH_Vis_1,8.1,11.9,12.0,0.4053874898363248
L_1,LH_Vis_1,8.1,12.1,15.0,0.41042097444451275
L_1,LH_Vis_1,8.1,12.3,12.0,0.41865488358703723
L_1,LH_Vis_1,8.1,12.5,15.0,0.4233156282177848
L_1,LH_Vis_1,8.1,12.700000000000001,12.0,0.4287121667186739
L_1,LH_Vis_1,8.1,12.9,15.0,0.42982588732046867
L_1,LH_Vis_1,8.1,13.1,15.0,0.4340890827719745
L_1,LH_Vis_1,8.1,13.3,12.0,0.4352496014129052
L_1,LH_Vis_1,8.1,13.5,15.0,0.43326582309143913
L_1,LH_Vis_1,8.1,13.700000000000001,12.0,0.43394355064498275
L_1,LH_Vis_1,8.1,13.9,15.0,0.42915056609130237
L_1,LH_Vis_1,8.1,14.1,12.0,0.42594855592893444
L_1,LH_Vis_1,8.1,14.3,15.0,0.4202347651375381
L_1,LH_Vis_1,8.1,14.5,12.0,0.41672326399001075
L_1,LH_Vis_1,8.1,14.700000000000001,15.0,0.40850007287945084
L_1,LH_Vis_1,8.1,14.9,12.0,0.40207406202282997
L_1,LH_Vis_1,8.1,15.1,15.0,0.3916182351338982
L_1,LH_Vis_1,8.1,15.3,12.0,0.38319011646597895
L_1,LH_Vis_1,8.1,15.5,15.0,0.3718436469475744
L_1,LH_Vis_1,8.1,15.700000000000001,15.0,0.34793906349402537
L_1,LH_Vis_1,8.1,15.9,12.0,0.3355789288745436
L_1,LH_Vis_1,8.1,16.1,15.0,0.31905699319175296
L_1,LH_Vis_1,8.1,16.3,12.0,0.3049194143803884
L_1,LH_Vis_1,8.1,16.5,15.0,0.28514843698304926
L_1,LH_Vis_1,8.1,16.700000000000003,12.0,0.2689868143342688
L_1,LH_Vis_1,8.1,16.9,15.0,0.2506271034741073
L_1,LH_Vis_1,8.1,17.1,12.0,0.23166943712414523
L_1,LH_Vis_1,8.1,17.3,15.0,0.21101567260828788
L_1,LH_Vis_1,8.1,17.5,12.0,0.1911556631081508
L_1,LH_Vis_1,8.1,17.700000000000003,12.0,0.1911556631081508
L_1,LH_Vis_1,8.1,17.9,9.0,0.17055113399067096
L_1,LH_Vis_1,8.3,8.1,3.0,0.04286903357644978
L_1,LH_Vis_1,8.3,8.3,6.0,0.11064344322323977
L_1,LH_Vis_1,8.3,8.5,6.0,0.11064344322323977
L_1,LH_Vis_1,8.3,8.7,10.0,0.17873995661246708
L_1,LH_Vis_1,8.3,8.9,10.0,0.17873995661246708
L_1,LH_Vis_1,8.3,9.1,14.0,0.21830743566223174
L_1,LH_Vis_1,8.3,9.3,13.0,0.23862353344376752
L_1,LH_Vis_1,8.3,9.5,17.0,0.26529302825889484
L_1,LH_Vis_1,8.3,9.7,15.0,0.2890381696116086
L_1,LH_Vis_1,8.3,9.9,19.0,0.30874142004273136
L_1,LH_Vis_1,8.3,10.1,16.0,0.3331770888876129
L_1,LH_Vis_1,8.3,10.3,20.0,0.3491949584480035
L_1,LH_Vis_1,8.3,10.5,20.0,0.379611192425367
L_1,LH_Vis_1,8.3,10.7,16.0,0.395207457210048
L_1,LH_Vis_1,8.3,10.9,20.0,0.40766153394253823
L_1,LH_Vis_1,8.3,11.1,16.0,0.42158469582615815
L_1,LH_Vis_1,8.3,11.3,20.0,0.43065540402768365
L_1,LH_Vis_1,8.3,11.5,16.0,0.44266210274474416
L_1,LH_Vis_1,8.3,11.7,20.0,0.4511040461457917
L_1,LH_Vis_1,8.3,11.9,16.0,0.4605634485098481
L_1,LH_Vis_1,8.3,12.1,20.0,0.4654651777703269
L_1,LH_Vis_1,8.3,12.3,16.0,0.4735899980671271
L_1,LH_Vis_1,8.3,12.5,20.0,0.47825234363118946
L_1,LH_Vis_1,8.3,12.700000000000001,16.0,0.4834459693208619
L_1,LH_Vis_1,8.3,12.9,20.0,0.4849892889909495
L_1,LH_Vis_1,8.3,13.1,20.0,0.48955613045528673
L_1,LH_Vis_1,8.3,13.3,16.0,0.49072720813161297
L_1,LH_Vis_1,8.3,13.5,20.0,0.4888646783663216
L_1,LH_Vis_1,8.3,13.700000000000001,16.0,0.48981282425484146
L_1,LH_Vis_1,8.3,13.9,20.0,0.48511631879821754
L_1,LH_Vis_1,8.3,14.1,16.0,0.4821699670259122
L_1,LH_Vis_1,8.3,14.3,20.0,0.4759528163237176
L_1,LH_Vis_1,8.3,14.5,16.0,0.47215037848682184
L_1,LH_Vis_1,8.3,14.700000000000001,20.0,0.46388925646574714
L_1,LH_Vis_1,8.3,14.9,16.0,0.4574184595433159
L_1,LH_Vis_1,8.3,15.1,20.0,0.4468229702750852
L_1,LH_Vis_1,8.3,15.3,16.0,0.4381750730175675
L_1,LH_Vis_1,8.3,15.5,20.0,0.42642391451286865
L_1,LH_Vis_1,8.3,15.700000000000001,20.0,0.40273157407050403
L_1,LH_Vis_1,8.3,15.9,16.0,0.3906434142093953
L_1,LH_Vis_1,8.3,16.1,20.0,0.3743140223924386
L_1,LH_Vis_1,8.3,16.3,16.0,0.3601813358951863
L_1,LH_Vis_1,8.3,16.5,20.0,0.3402581275995083
L_1,LH_Vis_1,8.3,16.700000000000003,16.0,0.32421240619884467
L_1,LH_Vis_1,8.3,16.9,20.0,0.30669361059011746
L_1,LH_Vis_1,8.3,17.1,16.0,0.28851219311412846
L_1,LH_Vis_1,8.3,17.3,20.0,0.26796678851845035
L_1,LH_Vis_1,8.3,17.5,16.0,0.24799133695808837
L_1,LH_Vis_1,8.3,17.700000000000003,16.0,0.24799133695808837
L_1,LH_Vis_1,8.3,17.9,12.0,0.22765629756924724
L_1,LH_Vis_1,8.5,8.1,3.0,0.04286903357644978
L_1,LH_Vis_1,8.5,8.3,6.0,0.11064344322323977
L_1,LH_Vis_1,8.5,8.5,6.0,0.11064344322323977
L_1,LH_Vis_1,8.5,8.7,10.0,0.17873995661246708
L_1,LH_Vis_1,8.5,8.9,10.0,0.17873995661246708
L_1,LH_Vis_1,8.5,9.1,14.0,0.21830743566223174
L_1,LH_Vis_1,8.5,9.3,13.0,0.23862353344376752
L_1,LH_Vis_1,8.5,9.5,17.0,0.26529302825889484
L_1,LH_Vis_1,8.5,9.7,15.0,0.2890381696116086
L_1,LH_Vis_1,8.5,9.9,19.0,0.30874142004273136
L_1,LH_Vis_1,8.5,10.1,16.0,0.3331770888876129
L_1,LH_Vis_1,8.5,10.3,20.0,0.3491949584480035
L_1,LH_Vis_1,8.5,10.5,20.0,0.379611192425367
L_1,LH_Vis_1,8.5,10.7,16.0,0.395207457210048
L_1,LH_Vis_1,8.5,10.9,20.0,0.40766153394253823
L_1,LH_Vis_1,8.5,11.1,16.0,0.42158469582615815
L_1,LH_Vis_1,8.5,11.3,20.0,0.43065540402768365
L_1,LH_Vis_1,8.5,11.5,16.0,0.44266210274474416
L_1,LH_Vis_1,8.5,11.7,20.0,0.4511040461457917
L_1,LH_Vis_1,8.5,11.9,16.0,0.4605634485098481
L_1,LH_Vis_1,8.5,12.1,20.0,0.4654651777703269
L_1,LH_Vis_1,8.5,12.3,16.0,0.4735899980671271
L_1,LH_Vis_1,8.5,12.5,20.0,0.47825234363118946
L_1,LH_Vis_1,8.5,12.700000000000001,16.0,0.4834459693208619
L_1,LH_Vis_1,8.5,12.9,20.0,0.4849892889909495
L_1,LH_Vis_1,8.5,13.1,20.0,0.48955613045528673
L_1,LH_Vis_1,8.5,13.3,16.0,0.49072720813161297
L_1,LH_Vis_1,8.5,13.5,20.0,0.4888646783663216
L_1,LH_Vis_1,8.5,13.700000000000001,16.0,0.48981282425484146
L_1,LH_Vis_1,8.5,13.9,20.0,0.48511631879821754
L_1,LH_Vis_1,8.5,14.1,16.0,0.4821699670259122
L_1,LH_Vis_1,8.5,14.3,20.0,0.4759528163237176
L_1,LH_Vis_1,8.5,14.5,16.0,0.47215037848682184
L_1,LH_Vis_1,8.5,14.700000000000001,20.0,0.46388925646574714
L_1,LH_Vis_1,8.5,14.9,16.0,0.4574184595433159
L_1,LH_Vis_1,8.5,15.1,20.0,0.4468229702750852
L_1,LH_Vis_1,8.5,15.3,16.0,0.4381750730175675
L_1,LH_Vis_1,8.5,15.5,20.0,0.42642391451286865
L_1,LH_Vis_1,8.5,15.700000000000001,20.0,0.40273157407050403
L_1,LH_Vis_1,8.5,15.9,16.0,0.3906434142093953
L_1,LH_Vis_1,8.5,16.1,20.0,0.3743140223924386
L_1,LH_Vis_1,8.5,16.3,16.0,0.3601813358951863
L_1,LH_Vis_1,8.5,16.5,20.0,0.3402581275995083
L_1,LH_Vis_1,8.5,16.700000000000003,16.0,0.32421240619884467
L_1,LH_Vis_1,8.5,16.9,20.0,0.30669361059011746
L_1,LH_Vis_1,8.5,17.1,16.0,0.28851219311412846
L_1,LH_Vis_1,8.5,17.3,20.0,0.26796678851845035
L_1,LH_Vis_1,8.5,17.5,16.0,0.24799133695808837
L_1,LH_Vis_1,8.5,17.700000000000003,16.0,0.24799133695808837
L_1,LH_Vis_1,8.5,17.9,12.0,0.22765629756924724
L_1,LH_Vis_1,8.7,8.1,3.0,0.04286903357644978
L_1,LH_Vis_1,8.7,8.3,6.0,0.11064344322323977
L_1,LH_Vis_1,8.7,8.5,6.0,0.11064344322323977
L_1,LH_Vis_1,8.7,8.7,10.0,0.17873995661246708
L_1,LH_Vis_1,8.7,8.9,10.0,0.17873995661246708
L_1,LH_Vis_1,8.7,9.1,15.0,0.24023708333470184
L_1,LH_Vis_1,8.7,9.3,14.0,0.26066843467987577
L_1,LH_Vis_1,8.7,9.5,19.0,0.2975730524981958
L_1,LH_Vis_1,8.7,9.7,17.0,0.3223222977199199
L_1,LH_Vis_1,8.7,9.9,22.0,0.3471831254508572
L_1,LH_Vis_1,8.7,10.1,19.0,0.37383027375309313
L_1,LH_Vis_1,8.7,10.3,24.0,0.39195687396488016
L_1,LH_Vis_1,8.7,10.5,25.0,0.4278358818926476
L_1,LH_Vis_1,8.7,10.7,20.0,0.44398701817101677
L_1,LH_Vis_1,8.7,10.9,25.0,0.4564448528313172
L_1,LH_Vis_1,8.7,11.1,20.0,0.47032957044177365
L_1,LH_Vis_1,8.7,11.3,25.0,0.47925500222437867
L_1,LH_Vis_1,8.7,11.5,20.0,0.49114126784646234
L_1,LH_Vis_1,8.7,11.7,25.0,0.49966262574701253
L_1,LH_Vis_1,8.7,11.9,20.0,0.5093687934913481
L_1,LH_Vis_1,8.7,12.1,25.0,0.5142236066060364
L_1,LH_Vis_1,8.7,12.3,20.0,0.5221559593103305
L_1,LH_Vis_1,8.7,12.5,25.0,0.5265733533758135
L_1,LH_Vis_1,8.7,12.700000000000001,20.0,0.5316476438516371
L_1,LH_Vis_1,8.7,12.9,25.0,0.5332234317671299
L_1,LH_Vis_1,8.7,13.1,25.0,0.5377083431262527
L_1,LH_Vis_1,8.7,13.3,20.0,0.5386984145705125
L_1,LH_Vis_1,8.7,13.5,25.0,0.536873096936548
L_1,LH_Vis_1,8.7,13.700000000000001,20.0,0.5376806564044875
L_1,LH_Vis_1,8.7,13.9,25.0,0.5334602664006235
L_1,LH_Vis_1,8.7,14.1,20.0,0.5307646005913429
L_1,LH_Vis_1,8.7,14.3,25.0,0.5245324803959973
L_1,LH_Vis_1,8.7,14.5,20.0,0.5207839546377213
L_1,LH_Vis_1,8.7,14.700000000000001,25.0,0.5128424007577476
L_1,LH_Vis_1,8.7,14.9,20.0,0.506707679409581
L_1,LH_Vis_1,8.7,15.1,25.0,0.4962774873323522
L_1,LH_Vis_1,8.7,15.3,20.0,0.4879539025652678
L_1,LH_Vis_1,8.7,15.5,25.0,0.4763781585558754
L_1,LH_Vis_1,8.7,15.700000000000001,25.0,0.45251438477861616
L_1,LH_Vis_1,8.7,15.9,20.0,0.44074198106961654
L_1,LH_Vis_1,8.7,16.1,25.0,0.42403552360849855
L_1,LH_Vis_1,8.7,16.3,20.0,0.40977535820116007
L_1,LH_Vis_1,8.7,16.5,25.0,0.3907787946587847
L_1,LH_Vis_1,8.7,16.700000000000003,20.0,0.3748343135676216
L_1,LH_Vis_1,8.7,16.9,25.0,0.35741368748858887
L_1,LH_Vis_1,8.7,17.1,20.0,0.33924831373115977
L_1,LH_Vis_1,8.7,17.3,25.0,0.3194501635150296
L_1,LH_Vis_1,8.7,17.5,20.0,0.2999977450190693
L_1,LH_Vis_1,8.7,17.700000000000003,20.0,0.2999977450190693
L_1,LH_Vis_1,8.7,17.9,15.0,0.2809270954374167
L_1,LH_Vis_1,8.9,8.1,1.0,
L_1,LH_Vis_1,8.9,8.3,3.0,0.20724826796593385
L_1,LH_Vis_1,8.9,8.5,3.0,0.20724826796593385
L_1,LH_Vis_1,8.9,8.7,6.0,0.2729795975682414
L_1,LH_Vis_1,8.9,8.9,6.0,0.2729795975682414
L_1,LH_Vis_1,8.9,9.1,10.0,0.33057595168672493
L_1,LH_Vis_1,8.9,9.3,10.0,0.33057595168672493
L_1,LH_Vis_1,8.9,9.5,14.0,0.3661408661613453
L_1,LH_Vis_1,8.9,9.7,13.0,0.38262607360126466
L_1,LH_Vis_1,8.9,9.9,17.0,0.4075076410892655
L_1,LH_Vis_1,8.9,10.1,15.0,0.4305145509374738
L_1,LH_Vis_1,8.9,10.3,19.0,0.4483919301643054
L_1,LH_Vis_1,8.9,10.5,20.0,0.482973512428997
L_1,LH_Vis_1,8.9,10.7,16.0,0.4994742698201337
L_1,LH_Vis_1,8.9,10.9,20.0,0.5120998681598782
L_1,LH_Vis_1,8.9,11.1,16.0,0.5263615471128735
L_1,LH_Vis_1,8.9,11.3,20.0,0.5352418175253051
L_1,LH_Vis_1,8.9,11.5,16.0,0.5469590880503142
L_1,LH_Vis_1,8.9,11.7,20.0,0.5557272113206736
L_1,LH_Vis_1,8.9,11.9,16.0,0.5658009885846109
L_1,LH_Vis_1,8.9,12.1,20.0,0.5704859582961046
L_1,LH_Vis_1,8.9,12.3,16.0,0.5783476755595192
L_1,LH_Vis_1,8.9,12.5,20.0,0.5826457343797431
L_1,LH_Vis_1,8.9,12.700000000000001,16.0,0.587656602594965
L_1,LH_Vis_1,8.9,12.9,20.0,0.5892543566848178
L_1,LH_Vis_1,8.9,13.1,20.0,0.5936144508270484
L_1,LH_Vis_1,8.9,13.3,16.0,0.5943181374332829
L_1,LH_Vis_1,8.9,13.5,20.0,0.5926997957840217
L_1,LH_Vis_1,8.9,13.700000000000001,16.0,0.5935682854445072
L_1,LH_Vis_1,8.9,13.9,20.0,0.5895985813199079
L_1,LH_Vis_1,8.9,14.1,16.0,0.5870387342347252
L_1,LH_Vis_1,8.9,14.3,20.0,0.5807811420806898
L_1,LH_Vis_1,8.9,14.5,16.0,0.5770650843398051
L_1,LH_Vis_1,8.9,14.700000000000001,20.0,0.5694596056990557
L_1,LH_Vis_1,8.9,14.9,16.0,0.5636836646522736
L_1,LH_Vis_1,8.9,15.1,20.0,0.5530240148751069
L_1,LH_Vis_1,8.9,15.3,16.0,0.5447234112971394
L_1,LH_Vis_1,8.9,15.5,20.0,0.5332556532457337
L_1,LH_Vis_1,8.9,15.700000000000001,20.0,0.5093916645808318
L_1,LH_Vis_1,8.9,15.9,16.0,0.49780188735990266
L_1,LH_Vis_1,8.9,16.1,20.0,0.48072403999805013
L_1,LH_Vis_1,8.9,16.3,16.0,0.4661456272135479
L_1,LH_Vis_1,8.9,16.5,20.0,0.447841229441959
L_1,LH_Vis_1,8.9,16.700000000000003,16.0,0.43220518286083864
L_1,LH_Vis_1,8.9,16.9,20.0,0.4145794475377825
L_1,LH_Vis_1,8.9,17.1,16.0,0.39637815416220046
L_1,LH_Vis_1,8.9,17.3,20.0,0.3769741564034348
L_1,LH_Vis_1,8.9,17.5,16.0,0.3576177401300431
L_1,LH_Vis_1,8.9,17.700000000000003,16.0,0.3576177401300431
L_1,LH_Vis_1,8.9,17.9,12.0,0.33935276998984437
L_1,LH_Vis_1,9.1,8.1,1.0,
L_1,LH_Vis_1,9.1,8.3,3.0,0.20724826796593385
L_1,LH_Vis_1,9.1,8.5,3.0,0.20724826796593385
L_1,LH_Vis_1,9.1,8.7,6.0,0.2729795975682414
L_1,LH_Vis_1,9.1,8.9,6.0,0.2729795975682414
L_1,LH_Vis_1,9.1,9.1,10.0,0.33057595168672493
L_1,LH_Vis_1,9.1,9.3,10.0,0.33057595168672493
L_1,LH_Vis_1,9.1,9.5,15.0,0.3875624495996572
L_1,LH_Vis_1,9.1,9.7,14.0,0.40440025532517604
L_1,LH_Vis_1,9.1,9.9,19.0,0.4384113631458556
L_1,LH_Vis_1,9.1,10.1,17.0,0.46234730972446164
L_1,LH_Vis_1,9.1,10.3,22.0,0.484293279471391
L_1,LH_Vis_1,9.1,10.5,24.0,0.5230117314930561
L_1,LH_Vis_1,9.1,10.7,20.0,0.5442199812187775
L_1,LH_Vis_1,9.1,10.9,25.0,0.5565044059976659
L_1,LH_Vis_1,9.1,11.1,20.0,0.5702466461407021
L_1,LH_Vis_1,9.1,11.3,25.0,0.5793141245220558
L_1,LH_Vis_1,9.1,11.5,20.0,0.5907320393916302
L_1,LH_Vis_1,9.1,11.7,25.0,0.5998450409403681
L_1,LH_Vis_1,9.1,11.9,20.0,0.6100789070227225
L_1,LH_Vis_1,9.1,12.1,25.0,0.6153212406145306
L_1,LH_Vis_1,9.1,12.3,20.0,0.6234534413194436
L_1,LH_Vis_1,9.1,12.5,25.0,0.6279180035108172
L_1,LH_Vis_1,9.1,12.700000000000001,20.0,0.6334869781102161
L_1,LH_Vis_1,9.1,12.9,25.0,0.6352490136916789
L_1,LH_Vis_1,9.1,13.1,25.0,0.6399396997773439
L_1,LH_Vis_1,9.1,13.3,20.0,0.6408503629378499
L_1,LH_Vis_1,9.1,13.5,25.0,0.6387938329619932
L_1,LH_Vis_1,9.1,13.700000000000001,20.0,0.6394196474570505
L_1,LH_Vis_1,9.1,13.9,25.0,0.6354349734205
L_1,LH_Vis_1,9.1,14.1,20.0,0.6328496537065474
L_1,LH_Vis_1,9.1,14.3,25.0,0.6264242735462434
L_1,LH_Vis_1,9.1,14.5,20.0,0.622456052928422
L_1,LH_Vis_1,9.1,14.700000000000001,25.0,0.6150158713446584
L_1,LH_Vis_1,9.1,14.9,20.0,0.6090104720618741
L_1,LH_Vis_1,9.1,15.1,25.0,0.5988234540920365
L_1,LH_Vis_1,9.1,15.3,20.0,0.5908873893504042
L_1,LH_Vis_1,9.1,15.5,25.0,0.5788824531474327
L_1,LH_Vis_1,9.1,15.700000000000001,25.0,0.5552806138515421
L_1,LH_Vis_1,9.1,15.9,20.0,0.5439200790881707
L_1,LH_Vis_1,9.1,16.1,25.0,0.5272005729150558
L_1,LH_Vis_1,9.1,16.3,20.0,0.5126869298914187
L_1,LH_Vis_1,9.1,16.5,25.0,0.4951644196176336
L_1,LH_Vis_1,9.1,16.700000000000003,20.0,0.4794366789688702
L_1,LH_Vis_1,9.1,16.9,25.0,0.4628615037140172
L_1,LH_Vis_1,9.1,17.1,20.0,0.4458612025586347
L_1,LH_Vis_1,9.1,17.3,25.0,0.4270012975380627
L_1,LH_Vis_1,9.1,17.5,20.0,0.40837985172386704
L_1,LH_Vis_1,9.1,17.700000000000003,20.0,0.40837985172386704
L_1,LH_Vis_1,9.1,17.9,15.0,0.39106561955762403
L_1,LH_Vis_1,9.3,8.1,0.0,
L_1,LH_Vis_1,9.3,8.3,1.0,
L_1,LH_Vis_1,9.3,8.5,1.0,
L_1,LH_Vis_1,9.3,8.7,3.0,0.3560068318949165
L_1,LH_Vis_1,9.3,8.9,3.0,0.3560068318949165
L_1,LH_Vis_1,9.3,9.1,6.0,0.411364499476754
L_1,LH_Vis_1,9.3,9.3,6.0,0.411364499476754
L_1,LH_Vis_1,9.3,9.5,10.0,0.46729727973630186
L_1,LH_Vis_1,9.3,9.7,10.0,0.46729727973630186
L_1,LH_Vis_1,9.3,9.9,14.0,0.5004318773148514
L_1,LH_Vis_1,9.3,10.1,13.0,0.5174315265245661
L_1,LH_Vis_1,9.3,10.3,17.0,0.5380835714301343
L_1,LH_Vis_1,9.3,10.5,19.0,0.5727059729679445
L_1,LH_Vis_1,9.3,10.7,16.0,0.5925779365759478
L_1,LH_Vis_1,9.3,10.9,20.0,0.6047058417417281
L_1,LH_Vis_1,9.3,11.1,16.0,0.6180831896457541
L_1,LH_Vis_1,9.3,11.3,20.0,0.6270575203242807
L_1,LH_Vis_1,9.3,11.5,16.0,0.6380048075900445
L_1,LH_Vis_1,9.3,11.7,20.0,0.647422817635806
L_1,LH_Vis_1,9.3,11.9,16.0,0.6579778427014498
L_1,LH_Vis_1,9.3,12.1,20.0,0.6634906597242863
L_1,LH_Vis_1,9.3,12.3,16.0,0.67170227276943
L_1,LH_Vis_1,9.3,12.5,20.0,0.6762542564028786
L_1,LH_Vis_1,9.3,12.700000000000001,16.0,0.6820134549023862
L_1,LH_Vis_1,9.3,12.9,20.0,0.684068869986044
L_1,LH_Vis_1,9.3,13.1,20.0,0.6889812323450688
L_1,LH_Vis_1,9.3,13.3,16.0,0.6899528259766232
L_1,LH_Vis_1,9.3,13.5,20.0,0.6876536210761485
L_1,LH_Vis_1,9.3,13.700000000000001,16.0,0.6881815443912773
L_1,LH_Vis_1,9.3,13.9,20.0,0.6842507824752266
L_1,LH_Vis_1,9.3,14.1,16.0,0.6816979303598647
L_1,LH_Vis_1,9.3,14.3,20.0,0.6750203872388639
L_1,LH_Vis_1,9.3,14.5,16.0,0.6707028514684109
L_1,LH_Vis_1,9.3,14.700000000000001,20.0,0.6635869819227767
L_1,LH_Vis_1,9.3,14.9,16.0,0.657604563695093
L_1,LH_Vis_1,9.3,15.1,20.0,0.6477820842265507
L_1,LH_Vis_1,9.3,15.3,16.0,0.640113404914626
L_1,LH_Vis_1,9.3,15.5,20.0,0.6275058914911467
L_1,LH_Vis_1,9.3,15.700000000000001,20.0,0.6043674726981956
L_1,LH_Vis_1,9.3,15.9,16.0,0.5933817871840292
L_1,LH_Vis_1,9.3,16.1,20.0,0.576588301428119
L_1,LH_Vis_1,9.3,16.3,16.0,0.5619545008500888
L_1,LH_Vis_1,9.3,16.5,20.0,0.5453962842745506
L_1,LH_Vis_1,9.3,16.700000000000003,16.0,0.529622313755093
L_1,LH_Vis_1,9.3,16.9,20.0,0.514145027136761
L_1,LH_Vis_1,9.3,17.1,16.0,0.49841232447164385
L_1,LH_Vis_1,9.3,17.3,20.0,0.47965368726451485
L_1,LH_Vis_1,9.3,17.5,16.0,0.4613581988690766
L_1,LH_Vis_1,9.3,17.700000000000003,16.0,0.4613581988690766
L_1,LH_Vis_1,9.3,17.9,12.0,0.4453394790239429
L_1,LH_Vis_1,9.5,8.1,0.0,
L_1,LH_Vis_1,9.5,8.3,1.0,
L_1,LH_Vis_1,9.5,8.5,1.0,
L_1,LH_Vis_1,9.5,8.7,3.0,0.3560068318949165
L_1,LH_Vis_1,9.5,8.9,3.0,0.3560068318949165
L_1,LH_Vis_1,9.5,9.1,6.0,0.411364499476754
L_1,LH_Vis_1,9.5,9.3,6.0,0.411364499476754
L_1,LH_Vis_1,9.5,9.5,10.0,0.46729727973630186
L_1,LH_Vis_1,9.5,9.7,10.0,0.46729727973630186
L_1,LH_Vis_1,9.5,9.9,15.0,0.517579441661754
L_1,LH_Vis_1,9.5,10.1,14.0,0.5345896562384107
L_1,LH_Vis_1,9.5,10.3,19.0,0.5635957119842501
L_1,LH_Vis_1,9.5,10.5,22.0,0.6029799729424525
L_1,LH_Vis_1,9.5,10.7,19.0,0.6244943633451673
L_1,LH_Vis_1,9.5,10.9,24.0,0.6384459220386424
L_1,LH_Vis_1,9.5,11.1,20.0,0.6558958164212461
L_1,LH_Vis_1,9.5,11.3,25.0,0.6652150254640052
L_1,LH_Vis_1,9.5,11.5,20.0,0.676982840451842
L_1,LH_Vis_1,9.5,11.7,25.0,0.6858543201624119
L_1,LH_Vis_1,9.5,11.9,20.0,0.6961147331848648
L_1,LH_Vis_1,9.5,12.1,25.0,0.7014538107580612
L_1,LH_Vis_1,9.5,12.3,20.0,0.7095260166911069
L_1,LH_Vis_1,9.5,12.5,25.0,0.7138158553090512
L_1,LH_Vis_1,9.5,12.700000000000001,20.0,0.7194043578678522
L_1,LH_Vis_1,9.5,12.9,25.0,0.7213938816164225
L_1,LH_Vis_1,9.5,13.1,25.0,0.7262293576761679
L_1,LH_Vis_1,9.5,13.3,20.0,0.7274516373440372
L_1,LH_Vis_1,9.5,13.5,25.0,0.7251374625923371
L_1,LH_Vis_1,9.5,13.700000000000001,20.0,0.7257192979777097
L_1,LH_Vis_1,9.5,13.9,25.0,0.7221081047220723
L_1,LH_Vis_1,9.5,14.1,20.0,0.7198913284573834
L_1,LH_Vis_1,9.5,14.3,25.0,0.7133790818154242
L_1,LH_Vis_1,9.5,14.5,20.0,0.7093858581166043
L_1,LH_Vis_1,9.5,14.700000000000001,25.0,0.7017688695596074
L_1,LH_Vis_1,9.5,14.9,20.0,0.6955437764660667
L_1,LH_Vis_1,9.5,15.1,25.0,0.6857822287396871
L_1,LH_Vis_1,9.5,15.3,20.0,0.6782575950282246
L_1,LH_Vis_1,9.5,15.5,25.0,0.6660816645704857
L_1,LH_Vis_1,9.5,15.700000000000001,25.0,0.6428374039407388
L_1,LH_Vis_1,9.5,15.9,20.0,0.6317142311140268
L_1,LH_Vis_1,9.5,16.1,25.0,0.6160389259617777
L_1,LH_Vis_1,9.5,16.3,20.0,0.6022234286193172
L_1,LH_Vis_1,9.5,16.5,25.0,0.5859393709686622
L_1,LH_Vis_1,9.5,16.700000000000003,20.0,0.5707402042522858
L_1,LH_Vis_1,9.5,16.9,25.0,0.5557397733987149
L_1,LH_Vis_1,9.5,17.1,20.0,0.5403302310635112
L_1,LH_Vis_1,9.5,17.3,25.0,0.5229827691585487
L_1,LH_Vis_1,9.5,17.5,20.0,0.5058679543104887
L_1,LH_Vis_1,9.5,17.700000000000003,20.0,0.5058679543104887
L_1,LH_Vis_1,9.5,17.9,15.0,0.4900447039630576
L_1,LH_Vis_1,9.7,8.1,0.0,
L_1,LH_Vis_1,9.7,8.3,0.0,
L_1,LH_Vis_1,9.7,8.5,0.0,
L_1,LH_Vis_1,9.7,8.7,1.0,
L_1,LH_Vis_1,9.7,8.9,1.0,
L_1,LH_Vis_1,9.7,9.1,3.0,0.4910422489119832
L_1,LH_Vis_1,9.7,9.3,3.0,0.4910422489119832
L_1,LH_Vis_1,9.7,9.5,6.0,0.5443568465336953
L_1,LH_Vis_1,9.7,9.7,6.0,0.5443568465336953
L_1,LH_Vis_1,9.7,9.9,10.0,0.5913707529600356
L_1,LH_Vis_1,9.7,10.1,10.0,0.5913707529600356
L_1,LH_Vis_1,9.7,10.3,14.0,0.6192829431659425
L_1,LH_Vis_1,9.7,10.5,17.0,0.6519217625473225
L_1,LH_Vis_1,9.7,10.7,15.0,0.6705268906578302
L_1,LH_Vis_1,9.7,10.9,19.0,0.6845440394646257
L_1,LH_Vis_1,9.7,11.1,16.0,0.7008326510851042
L_1,LH_Vis_1,9.7,11.3,20.0,0.710247508827467
L_1,LH_Vis_1,9.7,11.5,16.0,0.7223364828844473
L_1,LH_Vis_1,9.7,11.7,20.0,0.7311195585044338
L_1,LH_Vis_1,9.7,11.9,16.0,0.7416335934603648
L_1,LH_Vis_1,9.7,12.1,20.0,0.7469559736195099
L_1,LH_Vis_1,9.7,12.3,16.0,0.7548781606318742
L_1,LH_Vis_1,9.7,12.5,20.0,0.758997303298642
L_1,LH_Vis_1,9.7,12.700000000000001,16.0,0.7644695422507753
L_1,LH_Vis_1,9.7,12.9,20.0,0.7666402666828256
L_1,LH_Vis_1,9.7,13.1,20.0,0.7716842554736076
L_1,LH_Vis_1,9.7,13.3,16.0,0.7730423540959146
L_1,LH_Vis_1,9.7,13.5,20.0,0.7707027064348485
L_1,LH_Vis_1,9.7,13.700000000000001,16.0,0.7713170094795382
L_1,LH_Vis_1,9.7,13.9,20.0,0.7680418923153834
L_1,LH_Vis_1,9.7,14.1,16.0,0.7661838969028011
L_1,LH_Vis_1,9.7,14.3,20.0,0.7594421915243735
L_1,LH_Vis_1,9.7,14.5,16.0,0.7554719483027103
L_1,LH_Vis_1,9.7,14.700000000000001,20.0,0.7476122847960961
L_1,LH_Vis_1,9.7,14.9,16.0,0.7412336350574131
L_1,LH_Vis_1,9.7,15.1,20.0,0.7315841872530139
L_1,LH_Vis_1,9.7,15.3,16.0,0.7241442051186213
L_1,LH_Vis_1,9.7,15.5,20.0,0.7120335653946812
L_1,LH_Vis_1,9.7,15.700000000000001,20.0,0.6885770683140751
L_1,LH_Vis_1,9.7,15.9,16.0,0.6776024928899279
L_1,LH_Vis_1,9.7,16.1,20.0,0.6624886917866816
L_1,LH_Vis_1,9.7,16.3,16.0,0.6490674570409418
L_1,LH_Vis_1,9.7,16.5,20.0,0.6327543901025543
L_1,LH_Vis_1,9.7,16.700000000000003,16.0,0.6176963886193385
L_1,LH_Vis_1,9.7,16.9,20.0,0.6033239034715272
L_1,LH_Vis_1,9.7,17.1,16.0,0.5882571277146788
L_1,LH_Vis_1,9.7,17.3,20.0,0.5719031896403857
L_1,LH_Vis_1,9.7,17.5,16.0,0.5554642524865484
L_1,LH_Vis_1,9.7,17.700000000000003,16.0,0.5554642524865484
L_1,LH_Vis_1,9.7,17.9,12.0,0.5399411741908325
L_1,LH_Vis_1,9.9,8.1,0.0,
L_1,LH_Vis_1,9.9,8.3,0.0,
L_1,LH_Vis_1,9.9,8.5,0.0,
L_1,LH_Vis_1,9.9,8.7,1.0,
L_1,LH_Vis_1,9.9,8.9,1.0,
L_1,LH_Vis_1,9.9,9.1,3.0,0.4910422489119832
L_1,LH_Vis_1,9.9,9.3,3.0,0.4910422489119832
L_1,LH_Vis_1,9.9,9.5,6.0,0.5443568465336953
L_1,LH_Vis_1,9.9,9.7,6.0,0.5443568465336953
L_1,LH_Vis_1,9.9,9.9,10.0,0.5913707529600356
L_1,LH_Vis_1,9.9,10.1,10.0,0.5913707529600356
L_1,LH_Vis_1,9.9,10.3,15.0,0.6359405168755011
L_1,LH_Vis_1,9.9,10.5,19.0,0.6755230037268275
L_1,LH_Vis_1,9.9,10.7,17.0,0.6947159098454527
L_1,LH_Vis_1,9.9,10.9,22.0,0.7117238619499662
L_1,LH_Vis_1,9.9,11.1,19.0,0.729732138443844
L_1,LH_Vis_1,9.9,11.3,24.0,0.7409476405052552
L_1,LH_Vis_1,9.9,11.5,20.0,0.756758846086397
L_1,LH_Vis_1,9.9,11.7,25.0,0.7651722851148078
L_1,LH_Vis_1,9.9,11.9,20.0,0.7751953452169017
L_1,LH_Vis_1,9.9,12.1,25.0,0.7809990510617366
L_1,LH_Vis_1,9.9,12.3,20.0,0.7890393407783642
L_1,LH_Vis_1,9.9,12.5,25.0,0.7934843865342133
L_1,LH_Vis_1,9.9,12.700000000000001,20.0,0.7994677583914384
L_1,LH_Vis_1,9.9,12.9,25.0,0.801370415728251
L_1,LH_Vis_1,9.9,13.1,25.0,0.8063011049194837
L_1,LH_Vis_1,9.9,13.3,20.0,0.8081698708422419
L_1,LH_Vis_1,9.9,13.5,25.0,0.8056624354052471
L_1,LH_Vis_1,9.9,13.700000000000001,20.0,0.8060245756462902
L_1,LH_Vis_1,9.9,13.9,25.0,0.8029147552396794
L_1,LH_Vis_1,9.9,14.1,20.0,0.8008273016601967
L_1,LH_Vis_1,9.9,14.3,25.0,0.7945582286398206
L_1,LH_Vis_1,9.9,14.5,20.0,0.7909525245309006
L_1,LH_Vis_1,9.9,14.700000000000001,25.0,0.7831537923476491
L_1,LH_Vis_1,9.9,14.9,20.0,0.7768872418608661
L_1,LH_Vis_1,9.9,15.1,25.0,0.7673878437715298
L_1,LH_Vis_1,9.9,15.3,20.0,0.7603266313000951
L_1,LH_Vis_1,9.9,15.5,25.0,0.7487841316030278
L_1,LH_Vis_1,9.9,15.700000000000001,25.0,0.7256087584414967
L_1,LH_Vis_1,9.9,15.9,20.0,0.7146404639122917
L_1,LH_Vis_1,9.9,16.1,25.0,0.7002304828083484
L_1,LH_Vis_1,9.9,16.3,20.0,0.6872983876067746
L_1,LH_Vis_1,9.9,16.5,25.0,0.672110522518568
L_1,LH_Vis_1,9.9,16.700000000000003,20.0,0.657790590294664
L_1,LH_Vis_1,9.9,16.9,25.0,0.6437321334112771
L_1,LH_Vis_1,9.9,17.1,20.0,0.6290116335604068
L_1,LH_Vis_1,9.9,17.3,25.0,0.6139133664451418
L_1,LH_Vis_1,9.9,17.5,20.0,0.5987420561050324
L_1,LH_Vis_1,9.9,17.700000000000003,20.0,0.5987420561050324
L_1,LH_Vis_1,9.9,17.9,15.0,0.5841258886758512
L_1,LH_Vis_1,10.1,8.1,0.0,
L_1,LH_Vis_1,10.1,8.3,0.0,
L_1,LH_Vis_1,10.1,8.5,0.0,
L_1,LH_Vis_1,10.1,8.7,0.0,
L_1,LH_Vis_1,10.1,8.9,0.0,
L_1,LH_Vis_1,10.1,9.1,1.0,
L_1,LH_Vis_1,10.1,9.3,1.0,
L_1,LH_Vis_1,10.1,9.5,3.0,0.610457044933511
L_1,LH_Vis_1,10.1,9.7,3.0,0.610457044933511
L_1,LH_Vis_1,10.1,9.9,6.0,0.6552955204798492
L_1,LH_Vis_1,10.1,10.1,6.0,0.6552955204798492
L_1,LH_Vis_1,10.1,10.3,10.0,0.6988115643643644
L_1,LH_Vis_1,10.1,10.5,14.0,0.7237783951364649
L_1,LH_Vis_1,10.1,10.7,13.0,0.7373573370124021
L_1,LH_Vis_1,10.1,10.9,17.0,0.7534515844612046
L_1,LH_Vis_1,10.1,11.1,15.0,0.7683038634526153
L_1,LH_Vis_1,10.1,11.3,19.0,0.7796474822785467
L_1,LH_Vis_1,10.1,11.5,16.0,0.7945562609508642
L_1,LH_Vis_1,10.1,11.7,20.0,0.8027942063490455
L_1,LH_Vis_1,10.1,11.9,16.0,0.8124713503885226
L_1,LH_Vis_1,10.1,12.1,20.0,0.8185993668902285
L_1,LH_Vis_1,10.1,12.3,16.0,0.8267003405961062
L_1,LH_Vis_1,10.1,12.5,20.0,0.8310898606999159
L_1,LH_Vis_1,10.1,12.700000000000001,16.0,0.8374228537074414
L_1,LH_Vis_1,10.1,12.9,20.0,0.8390931461597155
L_1,LH_Vis_1,10.1,13.1,20.0,0.8438870627730488
L_1,LH_Vis_1,10.1,13.3,16.0,0.8459223314808682
L_1,LH_Vis_1,10.1,13.5,20.0,0.8431627332088167
L_1,LH_Vis_1,10.1,13.700000000000001,16.0,0.8431755582867584
L_1,LH_Vis_1,10.1,13.9,20.0,0.8403900498198584
L_1,LH_Vis_1,10.1,14.1,16.0,0.8383255769960346
L_1,LH_Vis_1,10.1,14.3,20.0,0.8324210433292117
L_1,LH_Vis_1,10.1,14.5,16.0,0.8290827251693118
L_1,LH_Vis_1,10.1,14.700000000000001,20.0,0.8214280386284025
L_1,LH_Vis_1,10.1,14.9,16.0,0.8152461392998893
L_1,LH_Vis_1,10.1,15.1,20.0,0.8061255107897509
L_1,LH_Vis_1,10.1,15.3,16.0,0.7996258034570356
L_1,LH_Vis_1,10.1,15.5,20.0,0.7884389852015969
L_1,LH_Vis_1,10.1,15.700000000000001,20.0,0.7652336716018858
L_1,LH_Vis_1,10.1,15.9,16.0,0.7543413623368771
L_1,LH_Vis_1,10.1,16.1,20.0,0.7402668260118118
L_1,LH_Vis_1,10.1,16.3,16.0,0.7276312093985733
L_1,LH_Vis_1,10.1,16.5,20.0,0.7137413532859891
L_1,LH_Vis_1,10.1,16.700000000000003,16.0,0.699765942420187
L_1,LH_Vis_1,10.1,16.9,20.0,0.6859418837795594
L_1,LH_Vis_1,10.1,17.1,16.0,0.6715044266794887
L_1,LH_Vis_1,10.1,17.3,20.0,0.6576866739941929
L_1,LH_Vis_1,10.1,17.5,16.0,0.6438029805043152
L_1,LH_Vis_1,10.1,17.700000000000003,16.0,0.6438029805043152
L_1,LH_Vis_1,10.1,17.9,12.0,0.63041441376857
L_1,LH_Vis_1,10.3,8.1,0.0,
L_1,LH_Vis_1,10.3,8.3,0.0,
L_1,LH_Vis_1,10.3,8.5,0.0,
L_1,LH_Vis_1,10.3,8.7,0.0,
L_1,LH_Vis_1,10.3,8.9,0.0,
L_1,LH_Vis_1,10.3,9.1,1.0,
L_1,LH_Vis_1,10.3,9.3,1.0,
L_1,LH_Vis_1,10.3,9.5,3.0,0.610457044933511
L_1,LH_Vis_1,10.3,9.7,3.0,0.610457044933511
L_1,LH_Vis_1,10.3,9.9,6.0,0.6552955204798492
L_1,LH_Vis_1,10.3,10.1,6.0,0.6552955204798492
L_1,LH_Vis_1,10.3,10.3,10.0,0.6988115643643644
L_1,LH_Vis_1,10.3,10.5,15.0,0.7362342392445421
L_1,LH_Vis_1,10.3,10.7,14.0,0.7497329598513466
L_1,LH_Vis_1,10.3,10.9,19.0,0.7715966212722634
L_1,LH_Vis_1,10.3,11.1,17.0,0.7868362835365739
L_1,LH_Vis_1,10.3,11.3,22.0,0.8011817955437125
L_1,LH_Vis_1,10.3,11.5,19.0,0.817136711257006
L_1,LH_Vis_1,10.3,11.7,24.0,0.82640555373503
L_1,LH_Vis_1,10.3,11.9,20.0,0.8388695384438085
L_1,LH_Vis_1,10.3,12.1,25.0,0.8453234581204498
L_1,LH_Vis_1,10.3,12.3,20.0,0.8538844253993375
L_1,LH_Vis_1,10.3,12.5,25.0,0.8584484821088247
L_1,LH_Vis_1,10.3,12.700000000000001,20.0,0.8648568843233233
L_1,LH_Vis_1,10.3,12.9,25.0,0.8663059992293269
L_1,LH_Vis_1,10.3,13.1,25.0,0.8711537745509291
L_1,LH_Vis_1,10.3,13.3,20.0,0.8735354294007811
L_1,LH_Vis_1,10.3,13.5,25.0,0.8708380241413569
L_1,LH_Vis_1,10.3,13.700000000000001,20.0,0.8707627459699427
L_1,LH_Vis_1,10.3,13.9,25.0,0.8674761184812104
L_1,LH_Vis_1,10.3,14.1,20.0,0.8651689708648194
L_1,LH_Vis_1,10.3,14.3,25.0,0.8593253685820855
L_1,LH_Vis_1,10.3,14.5,20.0,0.8561310960142714
L_1,LH_Vis_1,10.3,14.700000000000001,25.0,0.8482504337143684
L_1,LH_Vis_1,10.3,14.9,20.0,0.8417641888989615
L_1,LH_Vis_1,10.3,15.1,25.0,0.8328420636033687
L_1,LH_Vis_1,10.3,15.3,20.0,0.8260404787282958
L_1,LH_Vis_1,10.3,15.5,25.0,0.8153137063204262
L_1,LH_Vis_1,10.3,15.700000000000001,25.0,0.7935585357727402
L_1,LH_Vis_1,10.3,15.9,20.0,0.782960429853138
L_1,LH_Vis_1,10.3,16.1,25.0,0.7704073023716274
L_1,LH_Vis_1,10.3,16.3,20.0,0.7588271818358451
L_1,LH_Vis_1,10.3,16.5,25.0,0.7457419732126308
L_1,LH_Vis_1,10.3,16.700000000000003,20.0,0.7328890759105393
L_1,LH_Vis_1,10.3,16.9,25.0,0.7203018219154351
L_1,LH_Vis_1,10.3,17.1,20.0,0.707275623222057
L_1,LH_Vis_1,10.3,17.3,25.0,0.6944624176822279
L_1,LH_Vis_1,10.3,17.5,20.0,0.6816895831558221
L_1,LH_Vis_1,10.3,17.700000000000003,20.0,0.6816895831558221
L_1,LH_Vis_1,10.3,17.9,15.0,0.6688545133925679
L_1,LH_Vis_1,10.5,8.1,0.0,
L_1,LH_Vis_1,10.5,8.3,0.0,
L_1,LH_Vis_1,10.5,8.5,0.0,
L_1,LH_Vis_1,10.5,8.7,0.0,
L_1,LH_Vis_1,10.5,8.9,0.0,
L_1,LH_Vis_1,10.5,9.1,0.0,
L_1,LH_Vis_1,10.5,9.3,0.0,
L_1,LH_Vis_1,10.5,9.5,1.0,
L_1,LH_Vis_1,10.5,9.7,1.0,
L_1,LH_Vis_1,10.5,9.9,3.0,0.7199437812573772
L_1,LH_Vis_1,10.5,10.1,3.0,0.7199437812573772
L_1,LH_Vis_1,10.5,10.3,6.0,0.7608416395744317
L_1,LH_Vis_1,10.5,10.5,10.0,0.7939840389859285
L_1,LH_Vis_1,10.5,10.7,10.0,0.7939840389859285
L_1,LH_Vis_1,10.5,10.9,15.0,0.8263900772733693
L_1,LH_Vis_1,10.5,11.1,14.0,0.8363133243831797
L_1,LH_Vis_1,10.5,11.3,19.0,0.855811371023243
L_1,LH_Vis_1,10.5,11.5,17.0,0.8698852543179709
L_1,LH_Vis_1,10.5,11.7,22.0,0.8806969225534758
L_1,LH_Vis_1,10.5,11.9,19.0,0.8931638843422111
L_1,LH_Vis_1,10.5,12.1,24.0,0.9006704066581969
L_1,LH_Vis_1,10.5,12.3,20.0,0.9120649603692016
L_1,LH_Vis_1,10.5,12.5,25.0,0.9164935595500633
L_1,LH_Vis_1,10.5,12.700000000000001,20.0,0.9228164109755163
L_1,LH_Vis_1,10.5,12.9,25.0,0.9243506458018937
L_1,LH_Vis_1,10.5,13.1,25.0,0.9293976150231376
L_1,LH_Vis_1,10.5,13.3,20.0,0.9323828701403741
L_1,LH_Vis_1,10.5,13.5,25.0,0.9300729844326674
L_1,LH_Vis_1,10.5,13.700000000000001,20.0,0.9302924326760984
L_1,LH_Vis_1,10.5,13.9,25.0,0.9269580968732218
L_1,LH_Vis_1,10.5,14.1,20.0,0.9251456320231497
L_1,LH_Vis_1,10.5,14.3,25.0,0.9195641786571227
L_1,LH_Vis_1,10.5,14.5,20.0,0.9168333270445524
L_1,LH_Vis_1,10.5,14.700000000000001,25.0,0.9088468229916136
L_1,LH_Vis_1,10.5,14.9,20.0,0.9021483418091074
L_1,LH_Vis_1,10.5,15.1,25.0,0.8935073404828455
L_1,LH_Vis_1,10.5,15.3,20.0,0.8866758152030968
L_1,LH_Vis_1,10.5,15.5,25.0,0.8769999332340351
L_1,LH_Vis_1,10.5,15.700000000000001,25.0,0.8570593904496541
L_1,LH_Vis_1,10.5,15.9,20.0,0.8470146467638138
L_1,LH_Vis_1,10.5,16.1,25.0,0.8369222956754379
L_1,LH_Vis_1,10.5,16.3,20.0,0.8269276678993329
L_1,LH_Vis_1,10.5,16.5,25.0,0.8152579417450241
L_1,LH_Vis_1,10.5,16.700000000000003,20.0,0.8043365933868305
L_1,LH_Vis_1,10.5,16.9,25.0,0.7933434975465867
L_1,LH_Vis_1,10.5,17.1,20.0,0.7821052705937861
L_1,LH_Vis_1,10.5,17.3,25.0,0.7714290528120848
L_1,LH_Vis_1,10.5,17.5,20.0,0.7608068060801535
L_1,LH_Vis_1,10.5,17.700000000000003,20.0,0.7608068060801535
L_1,LH_Vis_1,10.5,17.9,15.0,0.748891444332893
L_1,LH_Vis_1,10.7,8.1,0.0,
L_1,LH_Vis_1,10.7,8.3,0.0,
L_1,LH_Vis_1,10.7,8.5,0.0,
L_1,LH_Vis_1,10.7,8.7,0.0,
L_1,LH_Vis_1,10.7,8.9,0.0,
L_1,LH_Vis_1,10.7,9.1,0.0,
L_1,LH_Vis_1,10.7,9.3,0.0,
L_1,LH_Vis_1,10.7,9.5,0.0,
L_1,LH_Vis_1,10.7,9.7,0.0,
L_1,LH_Vis_1,10.7,9.9,1.0,
L_1,LH_Vis_1,10.7,10.1,1.0,
L_1,LH_Vis_1,10.7,10.3,3.0,0.8100147873992639
L_1,LH_Vis_1,10.7,10.5,6.0,0.8411715137676464
L_1,LH_Vis_1,10.7,10.7,6.0,0.8411715137676464
L_1,LH_Vis_1,10.7,10.9,10.0,0.8725238372356454
L_1,LH_Vis_1,10.7,11.1,10.0,0.8725238372356454
L_1,LH_Vis_1,10.7,11.3,14.0,0.891599949064023
L_1,LH_Vis_1,10.7,11.5,13.0,0.9019041495675331
L_1,LH_Vis_1,10.7,11.7,17.0,0.9113970881812198
L_1,LH_Vis_1,10.7,11.9,15.0,0.9214234319600891
L_1,LH_Vis_1,10.7,12.1,19.0,0.9285672584397658
L_1,LH_Vis_1,10.7,12.3,16.0,0.9391120743717165
L_1,LH_Vis_1,10.7,12.5,20.0,0.9433651794288009
L_1,LH_Vis_1,10.7,12.700000000000001,16.0,0.9493183936765901
L_1,LH_Vis_1,10.7,12.9,20.0,0.9506313968225865
L_1,LH_Vis_1,10.7,13.1,20.0,0.9554368448842908
L_1,LH_Vis_1,10.7,13.3,16.0,0.9587337714364381
L_1,LH_Vis_1,10.7,13.5,20.0,0.9567987351223645
L_1,LH_Vis_1,10.7,13.700000000000001,16.0,0.9571592669683169
L_1,LH_Vis_1,10.7,13.9,20.0,0.95400248563581
L_1,LH_Vis_1,10.7,14.1,16.0,0.9524087071304781
L_1,LH_Vis_1,10.7,14.3,20.0,0.9472060234692892
L_1,LH_Vis_1,10.7,14.5,16.0,0.9450366769849683
L_1,LH_Vis_1,10.7,14.700000000000001,20.0,0.9367482952577498
L_1,LH_Vis_1,10.7,14.9,16.0,0.9301060018363152
L_1,LH_Vis_1,10.7,15.1,20.0,0.9213788728636182
L_1,LH_Vis_1,10.7,15.3,16.0,0.9144589436130053
L_1,LH_Vis_1,10.7,15.5,20.0,0.9059025033539868
L_1,LH_Vis_1,10.7,15.700000000000001,20.0,0.8866151353284716
L_1,LH_Vis_1,10.7,15.9,16.0,0.8766700969544565
L_1,LH_Vis_1,10.7,16.1,20.0,0.8678761934485276
L_1,LH_Vis_1,10.7,16.3,16.0,0.8589465497234408
L_1,LH_Vis_1,10.7,16.5,20.0,0.8479581321011972
L_1,LH_Vis_1,10.7,16.700000000000003,16.0,0.8383300758832891
L_1,LH_Vis_1,10.7,16.9,20.0,0.8276819398284943
L_1,LH_Vis_1,10.7,17.1,16.0,0.8166832392061398
L_1,LH_Vis_1,10.7,17.3,20.0,0.8075088504959625
L_1,LH_Vis_1,10.7,17.5,16.0,0.7981514330754012
L_1,LH_Vis_1,10.7,17.700000000000003,16.0,0.7981514330754012
L_1,LH_Vis_1,10.7,17.9,12.0,0.7866350509589307
L_1,LH_Vis_1,10.9,8.1,0.0,
L_1,LH_Vis_1,10.9,8.3,0.0,
L_1,LH_Vis_1,10.9,8.5,0.0,
L_1,LH_Vis_1,10.9,8.7,0.0,
L_1,LH_Vis_1,10.9,8.9,0.0,
L_1,LH_Vis_1,10.9,9.1,0.0,
L_1,LH_Vis_1,10.9,9.3,0.0,
L_1,LH_Vis_1,10.9,9.5,0.0,
L_1,LH_Vis_1,10.9,9.7,0.0,
L_1,LH_Vis_1,10.9,9.9,1.0,
L_1,LH_Vis_1,10.9,10.1,1.0,
L_1,LH_Vis_1,10.9,10.3,3.0,0.8100147873992639
L_1,LH_Vis_1,10.9,10.5,6.0,0.8411715137676464
L_1,LH_Vis_1,10.9,10.7,6.0,0.8411715137676464
L_1,LH_Vis_1,10.9,10.9,10.0,0.8725238372356454
L_1,LH_Vis_1,10.9,11.1,10.0,0.8725238372356454
L_1,LH_Vis_1,10.9,11.3,15.0,0.899237568367698
L_1,LH_Vis_1,10.9,11.5,14.0,0.9093512987855057
L_1,LH_Vis_1,10.9,11.7,19.0,0.9229739858492796
L_1,LH_Vis_1,10.9,11.9,17.0,0.9331827477327594
L_1,LH_Vis_1,10.9,12.1,22.0,0.9420473597492713
L_1,LH_Vis_1,10.9,12.3,19.0,0.9530556417934676
L_1,LH_Vis_1,10.9,12.5,24.0,0.9582077007493329
L_1,LH_Vis_1,10.9,12.700000000000001,20.0,0.9659387764116707
L_1,LH_Vis_1,10.9,12.9,25.0,0.9677057670803173
L_1,LH_Vis_1,10.9,13.1,25.0,0.9726334093488
L_1,LH_Vis_1,10.9,13.3,20.0,0.9755123842790386
L_1,LH_Vis_1,10.9,13.5,25.0,0.9734320716540082
L_1,LH_Vis_1,10.9,13.700000000000001,20.0,0.9737433294161573
L_1,LH_Vis_1,10.9,13.9,25.0,0.9702342699781581
L_1,LH_Vis_1,10.9,14.1,20.0,0.9683464562772924
L_1,LH_Vis_1,10.9,14.3,25.0,0.9632391723642344
L_1,LH_Vis_1,10.9,14.5,20.0,0.9603555330165673
L_1,LH_Vis_1,10.9,14.700000000000001,25.0,0.9533497218778239
L_1,LH_Vis_1,10.9,14.9,20.0,0.9473613418537251
L_1,LH_Vis_1,10.9,15.1,25.0,0.9394304422509333
L_1,LH_Vis_1,10.9,15.3,20.0,0.9330103475251947
L_1,LH_Vis_1,10.9,15.5,25.0,0.9249851115002723
L_1,LH_Vis_1,10.9,15.700000000000001,25.0,0.9080587068737319
L_1,LH_Vis_1,10.9,15.9,20.0,0.8993708744141642
L_1,LH_Vis_1,10.9,16.1,25.0,0.8912112783340146
L_1,LH_Vis_1,10.9,16.3,20.0,0.8826824785868057
L_1,LH_Vis_1,10.9,16.5,25.0,0.8736087716116642
L_1,LH_Vis_1,10.9,16.700000000000003,20.0,0.8650842535546392
L_1,LH_Vis_1,10.9,16.9,25.0,0.8555780450764127
L_1,LH_Vis_1,10.9,17.1,20.0,0.8462515144953704
L_1,LH_Vis_1,10.9,17.3,25.0,0.8376776230898955
L_1,LH_Vis_1,10.9,17.5,20.0,0.8292055265890041
L_1,LH_Vis_1,10.9,17.700000000000003,20.0,0.8292055265890041
L_1,LH_Vis_1,10.9,17.9,15.0,0.8194164041141999
L_1,LH_Vis_1,11.1,8.1,0.0,
L_1,LH_Vis_1,11.1,8.3,0.0,
L_1,LH_Vis_1,11.1,8.5,0.0,
L_1,LH_Vis_1,11.1,8.7,0.0,
L_1,LH_Vis_1,11.1,8.9,0.0,
L_1,LH_Vis_1,11.1,9.1,0.0,
L_1,LH_Vis_1,11.1,9.3,0.0,
L_1,LH_Vis_1,11.1,9.5,0.0,
L_1,LH_Vis_1,11.1,9.7,0.0,
L_1,LH_Vis_1,11.1,9.9,0.0,
L_1,LH_Vis_1,11.1,10.1,0.0,
L_1,LH_Vis_1,11.1,10.3,1.0,
L_1,LH_Vis_1,11.1,10.5,3.0,0.8876277214209548
L_1,LH_Vis_1,11.1,10.7,3.0,0.8876277214209548
L_1,LH_Vis_1,11.1,10.9,6.0,0.9161088463772665
L_1,LH_Vis_1,11.1,11.1,6.0,0.9161088463772665
L_1,LH_Vis_1,11.1,11.3,10.0,0.9399338295400954
L_1,LH_Vis_1,11.1,11.5,10.0,0.9399338295400954
L_1,LH_Vis_1,11.1,11.7,14.0,0.9527574342708667
L_1,LH_Vis_1,11.1,11.9,13.0,0.9591890408448314
L_1,LH_Vis_1,11.1,12.1,17.0,0.9681476376481274
L_1,LH_Vis_1,11.1,12.3,15.0,0.9776515483043082
L_1,LH_Vis_1,11.1,12.5,19.0,0.9829828191218568
L_1,LH_Vis_1,11.1,12.700000000000001,16.0,0.9901814780821593
L_1,LH_Vis_1,11.1,12.9,20.0,0.9919587268159124
L_1,LH_Vis_1,11.1,13.1,20.0,0.9969862969358589
L_1,LH_Vis_1,11.1,13.3,16.0,1.000028759645375
L_1,LH_Vis_1,11.1,13.5,20.0,0.998021882403237
L_1,LH_Vis_1,11.1,13.700000000000001,16.0,0.9982115836893366
L_1,LH_Vis_1,11.1,13.9,20.0,0.9944084890453337
L_1,LH_Vis_1,11.1,14.1,16.0,0.9922668401347511
L_1,LH_Vis_1,11.1,14.3,20.0,0.9873455004248768
L_1,LH_Vis_1,11.1,14.5,16.0,0.9844149450933647
L_1,LH_Vis_1,11.1,14.700000000000001,20.0,0.9780630473205469
L_1,LH_Vis_1,11.1,14.9,16.0,0.9723765204296662
L_1,LH_Vis_1,11.1,15.1,20.0,0.964842351115608
L_1,LH_Vis_1,11.1,15.3,16.0,0.9585543455358386
L_1,LH_Vis_1,11.1,15.5,20.0,0.9511352001533799
L_1,LH_Vis_1,11.1,15.700000000000001,20.0,0.9358941013644368
L_1,LH_Vis_1,11.1,15.9,16.0,0.927952591309201
L_1,LH_Vis_1,11.1,16.1,20.0,0.9205537418934149
L_1,LH_Vis_1,11.1,16.3,16.0,0.9125283133094496
L_1,LH_Vis_1,11.1,16.5,20.0,0.9049830350783031
L_1,LH_Vis_1,11.1,16.700000000000003,16.0,0.897552375383035
L_1,LH_Vis_1,11.1,16.9,20.0,0.8889428667338833
L_1,LH_Vis_1,11.1,17.1,16.0,0.880813928761468
L_1,LH_Vis_1,11.1,17.3,20.0,0.8730222546786983
L_1,LH_Vis_1,11.1,17.5,16.0,0.865530164217221
L_1,LH_Vis_1,11.1,17.700000000000003,16.0,0.865530164217221
L_1,LH_Vis_1,11.1,17.9,12.0,0.8570541042128709
L_1,LH_Vis_1,11.3,8.1,0.0,
L_1,LH_Vis_1,11.3,8.3,0.0,
L_1,LH_Vis_1,11.3,8.5,0.0,
L_1,LH_Vis_1,11.3,8.7,0.0,
L_1,LH_Vis_1,11.3,8.9,0.0,
L_1,LH_Vis_1,11.3,9.1,0.0,
L_1,LH_Vis_1,11.3,9.3,0.0,
L_1,LH_Vis_1,11.3,9.5,0.0,
L_1,LH_Vis_1,11.3,9.7,0.0,
L_1,LH_Vis_1,11.3,9.9,0.0,
L_1,LH_Vis_1,11.3,10.1,0.0,
L_1,LH_Vis_1,11.3,10.3,1.0,
L_1,LH_Vis_1,11.3,10.5,3.0,0.8876277214209548
L_1,LH_Vis_1,11.3,10.7,3.0,0.8876277214209548
L_1,LH_Vis_1,11.3,10.9,6.0,0.9161088463772665
L_1,LH_Vis_1,11.3,11.1,6.0,0.9161088463772665
L_1,LH_Vis_1,11.3,11.3,10.0,0.9399338295400954
L_1,LH_Vis_1,11.3,11.5,10.0,0.9399338295400954
L_1,LH_Vis_1,11.3,11.7,15.0,0.9597966314694781
L_1,LH_Vis_1,11.3,11.9,14.0,0.9662716373737747
L_1,LH_Vis_1,11.3,12.1,19.0,0.9776785166745396
L_1,LH_Vis_1,11.3,12.3,17.0,0.9871856000801591
L_1,LH_Vis_1,11.3,12.5,22.0,0.9934549953240215
L_1,LH_Vis_1,11.3,12.700000000000001,19.0,1.0011705254277758
L_1,LH_Vis_1,11.3,12.9,24.0,1.0038403648012009
L_1,LH_Vis_1,11.3,13.1,25.0,1.0100887179387343
L_1,LH_Vis_1,11.3,13.3,20.0,1.012730338591357
L_1,LH_Vis_1,11.3,13.5,25.0,1.0111905554887022
L_1,LH_Vis_1,11.3,13.700000000000001,20.0,1.0115837496817077
L_1,LH_Vis_1,11.3,13.9,25.0,1.0082678492100048
L_1,LH_Vis_1,11.3,14.1,20.0,1.0066420767242177
L_1,LH_Vis_1,11.3,14.3,25.0,1.001960262710625
L_1,LH_Vis_1,11.3,14.5,20.0,0.9989538897832275
L_1,LH_Vis_1,11.3,14.700000000000001,25.0,0.993532256506059
L_1,LH_Vis_1,11.3,14.9,20.0,0.9887786001137296
L_1,LH_Vis_1,11.3,15.1,25.0,0.9819637440816983
L_1,LH_Vis_1,11.3,15.3,20.0,0.9761968243326022
L_1,LH_Vis_1,11.3,15.5,25.0,0.9692983802262062
L_1,LH_Vis_1,11.3,15.700000000000001,25.0,0.9560082437026525
L_1,LH_Vis_1,11.3,15.9,20.0,0.949202052964252
L_1,LH_Vis_1,11.3,16.1,25.0,0.9429339703934662
L_1,LH_Vis_1,11.3,16.3,20.0,0.935706032142486
L_1,LH_Vis_1,11.3,16.5,25.0,0.9290155542387319
L_1,LH_Vis_1,11.3,16.700000000000003,20.0,0.9225933628100215
L_1,LH_Vis_1,11.3,16.9,25.0,0.9152695497560919
L_1,LH_Vis_1,11.3,17.1,20.0,0.9086607862449594
L_1,LH_Vis_1,11.3,17.3,25.0,0.9015564508058701
L_1,LH_Vis_1,11.3,17.5,20.0,0.8948071723309811
L_1,LH_Vis_1,11.3,17.700000000000003,20.0,0.8948071723309811
L_1,LH_Vis_1,11.3,17.9,15.0,0.8871223497378672
L_1,LH_Vis_1,11.5,8.1,0.0,
L_1,LH_Vis_1,11.5,8.3,0.0,
L_1,LH_Vis_1,11.5,8.5,0.0,
L_1,LH_Vis_1,11.5,8.7,0.0,
L_1,LH_Vis_1,11.5,8.9,0.0,
L_1,LH_Vis_1,11.5,9.1,0.0,
L_1,LH_Vis_1,11.5,9.3,0.0,
L_1,LH_Vis_1,11.5,9.5,0.0,
L_1,LH_Vis_1,11.5,9.7,0.0,
L_1,LH_Vis_1,11.5,9.9,0.0,
L_1,LH_Vis_1,11.5,10.1,0.0,
L_1,LH_Vis_1,11.5,10.3,0.0,
L_1,LH_Vis_1,11.5,10.5,1.0,
L_1,LH_Vis_1,11.5,10.7,1.0,
L_1,LH_Vis_1,11.5,10.9,3.0,0.9483549550640764
L_1,LH_Vis_1,11.5,11.1,3.0,0.9483549550640764
L_1,LH_Vis_1,11.5,11.3,6.0,0.9702575166373618
L_1,LH_Vis_1,11.5,11.5,6.0,0.9702575166373618
L_1,LH_Vis_1,11.5,11.7,10.0,0.9890033514260651
L_1,LH_Vis_1,11.5,11.9,10.0,0.9890033514260651
L_1,LH_Vis_1,11.5,12.1,14.0,0.9992882151902167
L_1,LH_Vis_1,11.5,12.3,13.0,1.0061091504542623
L_1,LH_Vis_1,11.5,12.5,17.0,1.0116968411615286
L_1,LH_Vis_1,11.5,12.700000000000001,15.0,1.0176264994207584
L_1,LH_Vis_1,11.5,12.9,19.0,1.0205638787199507
L_1,LH_Vis_1,11.5,13.1,20.0,1.026418771747671
L_1,LH_Vis_1,11.5,13.3,16.0,1.0287429387823084
L_1,LH_Vis_1,11.5,13.5,20.0,1.0276128565391673
L_1,LH_Vis_1,11.5,13.700000000000001,16.0,1.02826597702381
L_1,LH_Vis_1,11.5,13.9,20.0,1.0247332597782906
L_1,LH_Vis_1,11.5,14.1,16.0,1.0234523657328274
L_1,LH_Vis_1,11.5,14.3,20.0,1.0186947341128791
L_1,LH_Vis_1,11.5,14.5,16.0,1.015473654868119
L_1,LH_Vis_1,11.5,14.700000000000001,20.0,1.010585364994109
L_1,LH_Vis_1,11.5,14.9,16.0,1.0060978328734924
L_1,LH_Vis_1,11.5,15.1,20.0,0.9998040626407244
L_1,LH_Vis_1,11.5,15.3,16.0,0.993981946409255
L_1,LH_Vis_1,11.5,15.5,20.0,0.9876763761736541
L_1,LH_Vis_1,11.5,15.700000000000001,20.0,0.9765764248905201
L_1,LH_Vis_1,11.5,15.9,16.0,0.9708044792048782
L_1,LH_Vis_1,11.5,16.1,20.0,0.9658680512680785
L_1,LH_Vis_1,11.5,16.3,16.0,0.9595770127105809
L_1,LH_Vis_1,11.5,16.5,20.0,0.953885679752759
L_1,LH_Vis_1,11.5,16.700000000000003,16.0,0.9486998542635354
L_1,LH_Vis_1,11.5,16.9,20.0,0.9427456739025457
L_1,LH_Vis_1,11.5,17.1,16.0,0.9378185685703695
L_1,LH_Vis_1,11.5,17.3,20.0,0.931457045091296
L_1,LH_Vis_1,11.5,17.5,16.0,0.9255456477689843
L_1,LH_Vis_1,11.5,17.700000000000003,16.0,0.9255456477689843
L_1,LH_Vis_1,11.5,17.9,12.0,0.9186867505183525
L_1,LH_Vis_1,11.7,8.1,0.0,
L_1,LH_Vis_1,11.7,8.3,0.0,
L_1,LH_Vis_1,11.7,8.5,0.0,
L_1,LH_Vis_1,11.7,8.7,0.0,
L_1,LH_Vis_1,11.7,8.9,0.0,
L_1,LH_Vis_1,11.7,9.1,0.0,
L_1,LH_Vis_1,11.7,9.3,0.0,
L_1,LH_Vis_1,11.7,9.5,0.0,
L_1,LH_Vis_1,11.7,9.7,0.0,
L_1,LH_Vis_1,11.7,9.9,0.0,
L_1,LH_Vis_1,11.7,10.1,0.0,
L_1,LH_Vis_1,11.7,10.3,0.0,
L_1,LH_Vis_1,11.7,10.5,1.0,
L_1,LH_Vis_1,11.7,10.7,1.0,
L_1,LH_Vis_1,11.7,10.9,3.0,0.9483549550640764
L_1,LH_Vis_1,11.7,11.1,3.0,0.9483549550640764
L_1,LH_Vis_1,11.7,11.3,6.0,0.9702575166373618
L_1,LH_Vis_1,11.7,11.5,6.0,0.9702575166373618
L_1,LH_Vis_1,11.7,11.7,10.0,0.9890033514260651
L_1,LH_Vis_1,11.7,11.9,10.0,0.9890033514260651
L_1,LH_Vis_1,11.7,12.1,15.0,1.002414832047528
L_1,LH_Vis_1,11.7,12.3,14.0,1.0089718874253781
L_1,LH_Vis_1,11.7,12.5,19.0,1.0157303939939761
L_1,LH_Vis_1,11.7,12.700000000000001,17.0,1.0214369810265262
L_1,LH_Vis_1,11.7,12.9,22.0,1.0252316609379335
L_1,LH_Vis_1,11.7,13.1,24.0,1.0309269947839723
L_1,LH_Vis_1,11.7,13.3,20.0,1.0336879730189426
L_1,LH_Vis_1,11.7,13.5,25.0,1.0330450850339554
L_1,LH_Vis_1,11.7,13.700000000000001,20.0,1.033996907969831
L_1,LH_Vis_1,11.7,13.9,25.0,1.0314451824761743
L_1,LH_Vis_1,11.7,14.1,20.0,1.0306429249987052
L_1,LH_Vis_1,11.7,14.3,25.0,1.0264753150536168
L_1,LH_Vis_1,11.7,14.5,20.0,1.0235607506578415
L_1,LH_Vis_1,11.7,14.700000000000001,25.0,1.0198619366123556
L_1,LH_Vis_1,11.7,14.9,20.0,1.0166458423248077
L_1,LH_Vis_1,11.7,15.1,25.0,1.0113488044828913
L_1,LH_Vis_1,11.7,15.3,20.0,1.0065676223301125
L_1,LH_Vis_1,11.7,15.5,25.0,1.0011680206590678
L_1,LH_Vis_1,11.7,15.700000000000001,25.0,0.9916510401031333
L_1,LH_Vis_1,11.7,15.9,20.0,0.987112581310601
L_1,LH_Vis_1,11.7,16.1,25.0,0.9827772537221048
L_1,LH_Vis_1,11.7,16.3,20.0,0.9772048970450278
L_1,LH_Vis_1,11.7,16.5,25.0,0.9729965837446649
L_1,LH_Vis_1,11.7,16.700000000000003,20.0,0.9687055664020245
L_1,LH_Vis_1,11.7,16.9,25.0,0.9634379023318245
L_1,LH_Vis_1,11.7,17.1,20.0,0.9594049744210583
L_1,LH_Vis_1,11.7,17.3,25.0,0.954042433085469
L_1,LH_Vis_1,11.7,17.5,20.0,0.9491396969263676
L_1,LH_Vis_1,11.7,17.700000000000003,20.0,0.9491396969263676
L_1,LH_Vis_1,11.7,17.9,15.0,0.9437076147791164
L_1,LH_Vis_1,11.9,8.1,0.0,
L_1,LH_Vis_1,11.9,8.3,0.0,
L_1,LH_Vis_1,11.9,8.5,0.0,
L_1,LH_Vis_1,11.9,8.7,0.0,
L_1,LH_Vis_1,11.9,8.9,0.0,
L_1,LH_Vis_1,11.9,9.1,0.0,
L_1,LH_Vis_1,11.9,9.3,0.0,
L_1,LH_Vis_1,11.9,9.5,0.0,
L_1,LH_Vis_1,11.9,9.7,0.0,
L_1,LH_Vis_1,11.9,9.9,0.0,
L_1,LH_Vis_1,11.9,10.1,0.0,
L_1,LH_Vis_1,11.9,10.3,0.0,
L_1,LH_Vis_1,11.9,10.5,0.0,
L_1,LH_Vis_1,11.9,10.7,0.0,
L_1,LH_Vis_1,11.9,10.9,1.0,
L_1,LH_Vis_1,11.9,11.1,1.0,
L_1,LH_Vis_1,11.9,11.3,3.0,1.0029492537182938
L_1,LH_Vis_1,11.9,11.5,3.0,1.0029492537182938
L_1,LH_Vis_1,11.9,11.7,6.0,1.0186973919334732
L_1,LH_Vis_1,11.9,11.9,6.0,1.0186973919334732
L_1,LH_Vis_1,11.9,12.1,10.0,1.0275123365506242
L_1,LH_Vis_1,11.9,12.3,10.0,1.0275123365506242
L_1,LH_Vis_1,11.9,12.5,14.0,1.0328187605116603
L_1,LH_Vis_1,11.9,12.700000000000001,13.0,1.0358505115618108
L_1,LH_Vis_1,11.9,12.9,17.0,1.039959381358569
L_1,LH_Vis_1,11.9,13.1,19.0,1.0442707771843727
L_1,LH_Vis_1,11.9,13.3,16.0,1.0461130110035701
L_1,LH_Vis_1,11.9,13.5,20.0,1.0459215593245648
L_1,LH_Vis_1,11.9,13.700000000000001,16.0,1.0472182607866185
L_1,LH_Vis_1,11.9,13.9,20.0,1.0453513798135634
L_1,LH_Vis_1,11.9,14.1,16.0,1.0451680196633917
L_1,LH_Vis_1,11.9,14.3,20.0,1.041358476418626
L_1,LH_Vis_1,11.9,14.5,16.0,1.0383697934737741
L_1,LH_Vis_1,11.9,14.700000000000001,20.0,1.0359424172508869
L_1,LH_Vis_1,11.9,14.9,16.0,1.033848206082197
L_1,LH_Vis_1,11.9,15.1,20.0,1.029258936889154
L_1,LH_Vis_1,11.9,15.3,16.0,1.0252847329593064
L_1,LH_Vis_1,11.9,15.5,20.0,1.020756878124899
L_1,LH_Vis_1,11.9,15.700000000000001,20.0,1.0128493020148772
L_1,LH_Vis_1,11.9,15.9,16.0,1.0095315516587058
L_1,LH_Vis_1,11.9,16.1,20.0,1.0057292651999088
L_1,LH_Vis_1,11.9,16.3,16.0,1.0006033534100518
L_1,LH_Vis_1,11.9,16.5,20.0,0.9978096164510314
L_1,LH_Vis_1,11.9,16.700000000000003,16.0,0.9945365555345433
L_1,LH_Vis_1,11.9,16.9,20.0,0.989861984300046
L_1,LH_Vis_1,11.9,17.1,16.0,0.9866661156782404
L_1,LH_Vis_1,11.9,17.3,20.0,0.9821616932482444
L_1,LH_Vis_1,11.9,17.5,16.0,0.978115622717497
L_1,LH_Vis_1,11.9,17.700000000000003,16.0,0.978115622717497
L_1,LH_Vis_1,11.9,17.9,12.0,0.9739807905017557
L_1,LH_Vis_1,12.1,8.1,0.0,
L_1,LH_Vis_1,12.1,8.3,0.0,
L_1,LH_Vis_1,12.1,8.5,0.0,
L_1,LH_Vis_1,12.1,8.7,0.0,
L_1,LH_Vis_1,12.1,8.9,0.0,
L_1,LH_Vis_1,12.1,9.1,0.0,
L_1,LH_Vis_1,12.1,9.3,0.0,
L_1,LH_Vis_1,12.1,9.5,0.0,
L_1,LH_Vis_1,12.1,9.7,0.0,
L_1,LH_Vis_1,12.1,9.9,0.0,
L_1,LH_Vis_1,12.1,10.1,0.0,
L_1,LH_Vis_1,12.1,10.3,0.0,
L_1,LH_Vis_1,12.1,10.5,0.0,
L_1,LH_Vis_1,12.1,10.7,0.0,
L_1,LH_Vis_1,12.1,10.9,1.0,
L_1,LH_Vis_1,12.1,11.1,1.0,
L_1,LH_Vis_1,12.1,11.3,3.0,1.0029492537182938
L_1,LH_Vis_1,12.1,11.5,3.0,1.0029492537182938
L_1,LH_Vis_1,12.1,11.7,6.0,1.0186973919334732
L_1,LH_Vis_1,12.1,11.9,6.0,1.0186973919334732
L_1,LH_Vis_1,12.1,12.1,10.0,1.0275123365506242
L_1,LH_Vis_1,12.1,12.3,10.0,1.0275123365506242
L_1,LH_Vis_1,12.1,12.5,15.0,1.035274666156358
L_1,LH_Vis_1,12.1,12.700000000000001,14.0,1.0382652853918333
L_1,LH_Vis_1,12.1,12.9,19.0,1.0432217315847914
L_1,LH_Vis_1,12.1,13.1,22.0,1.047324279580817
L_1,LH_Vis_1,12.1,13.3,19.0,1.049357766333264
L_1,LH_Vis_1,12.1,13.5,24.0,1.0493506241205726
L_1,LH_Vis_1,12.1,13.700000000000001,20.0,1.051073798249417
L_1,LH_Vis_1,12.1,13.9,25.0,1.049601041809286
L_1,LH_Vis_1,12.1,14.1,20.0,1.049301470919651
L_1,LH_Vis_1,12.1,14.3,25.0,1.046528285150992
L_1,LH_Vis_1,12.1,14.5,20.0,1.0438854112074716
L_1,LH_Vis_1,12.1,14.700000000000001,25.0,1.042846561799605
L_1,LH_Vis_1,12.1,14.9,20.0,1.0417900515014002
L_1,LH_Vis_1,12.1,15.1,25.0,1.0385883212854394
L_1,LH_Vis_1,12.1,15.3,20.0,1.0359045306787131
L_1,LH_Vis_1,12.1,15.5,25.0,1.0319744855247897
L_1,LH_Vis_1,12.1,15.700000000000001,25.0,1.0264781095585607
L_1,LH_Vis_1,12.1,15.9,20.0,1.024238751429112
L_1,LH_Vis_1,12.1,16.1,25.0,1.0214533796555667
L_1,LH_Vis_1,12.1,16.3,20.0,1.017143933527424
L_1,LH_Vis_1,12.1,16.5,25.0,1.0155845052743409
L_1,LH_Vis_1,12.1,16.700000000000003,20.0,1.0130352814875265
L_1,LH_Vis_1,12.1,16.9,25.0,1.0094756282321113
L_1,LH_Vis_1,12.1,17.1,20.0,1.0077809590628652
L_1,LH_Vis_1,12.1,17.3,25.0,1.0040397776864092
L_1,LH_Vis_1,12.1,17.5,20.0,1.0009926880536066
L_1,LH_Vis_1,12.1,17.700000000000003,20.0,1.0009926880536066
L_1,LH_Vis_1,12.1,17.9,15.0,0.9978862865510137
L_1,LH_Vis_1,12.3,8.1,0.0,
L_1,LH_Vis_1,12.3,8.3,0.0,
L_1,LH_Vis_1,12.3,8.5,0.0,
L_1,LH_Vis_1,12.3,8.7,0.0,
L_1,LH_Vis_1,12.3,8.9,0.0,
L_1,LH_Vis_1,12.3,9.1,0.0,
L_1,LH_Vis_1,12.3,9.3,0.0,
L_1,LH_Vis_1,12.3,9.5,0.0,
L_1,LH_Vis_1,12.3,9.7,0.0,
L_1,LH_Vis_1,12.3,9.9,0.0,
L_1,LH_Vis_1,12.3,10.1,0.0,
L_1,LH_Vis_1,12.3,10.3,0.0,
L_1,LH_Vis_1,12.3,10.5,0.0,
L_1,LH_Vis_1,12.3,10.7,0.0,
L_1,LH_Vis_1,12.3,10.9,0.0,
L_1,LH_Vis_1,12.3,11.1,0.0,
L_1,LH_Vis_1,12.3,11.3,1.0,
L_1,LH_Vis_1,12.3,11.5,1.0,
L_1,LH_Vis_1,12.3,11.7,3.0,1.0337002081018716
L_1,LH_Vis_1,12.3,11.9,3.0,1.0337002081018716
L_1,LH_Vis_1,12.3,12.1,6.0,1.040972241496064
L_1,LH_Vis_1,12.3,12.3,6.0,1.040972241496064
L_1,LH_Vis_1,12.3,12.5,10.0,1.0478706094542858
L_1,LH_Vis_1,12.3,12.700000000000001,10.0,1.0478706094542858
L_1,LH_Vis_1,12.3,12.9,14.0,1.0528069086741147
L_1,LH_Vis_1,12.3,13.1,17.0,1.054908951171893
L_1,LH_Vis_1,12.3,13.3,15.0,1.0559010522823808
L_1,LH_Vis_1,12.3,13.5,19.0,1.055737216606511
L_1,LH_Vis_1,12.3,13.700000000000001,16.0,1.0571421431783088
L_1,LH_Vis_1,12.3,13.9,20.0,1.0559398150690313
L_1,LH_Vis_1,12.3,14.1,16.0,1.0553702284883848
L_1,LH_Vis_1,12.3,14.3,20.0,1.0531490596736646
L_1,LH_Vis_1,12.3,14.5,16.0,1.0501494104111586
L_1,LH_Vis_1,12.3,14.700000000000001,20.0,1.0506489711715121
L_1,LH_Vis_1,12.3,14.9,16.0,1.0507912335204075
L_1,LH_Vis_1,12.3,15.1,20.0,1.0488799166170981
L_1,LH_Vis_1,12.3,15.3,16.0,1.047319187565873
L_1,LH_Vis_1,12.3,15.5,20.0,1.0438115395820002
L_1,LH_Vis_1,12.3,15.700000000000001,20.0,1.0408101616992926
L_1,LH_Vis_1,12.3,15.9,16.0,1.0399466060204197
L_1,LH_Vis_1,12.3,16.1,20.0,1.0379426008215102
L_1,LH_Vis_1,12.3,16.3,16.0,1.0342664474736565
L_1,LH_Vis_1,12.3,16.5,20.0,1.0343703052034616
L_1,LH_Vis_1,12.3,16.700000000000003,16.0,1.0326542192533619
L_1,LH_Vis_1,12.3,16.9,20.0,1.030468941980581
L_1,LH_Vis_1,12.3,17.1,16.0,1.0306409405640988
L_1,LH_Vis_1,12.3,17.3,20.0,1.0274955123203533
L_1,LH_Vis_1,12.3,17.5,16.0,1.0253384870958462
L_1,LH_Vis_1,12.3,17.700000000000003,16.0,1.0253384870958462
L_1,LH_Vis_1,12.3,17.9,12.0,1.0238091227858372
L_1,LH_Vis_1,12.5,8.1,0.0,
L_1,LH_Vis_1,12.5,8.3,0.0,
L_1,LH_Vis_1,12.5,8.5,0.0,
L_1,LH_Vis_1,12.5,8.7,0.0,
L_1,LH_Vis_1,12.5,8.9,0.0,
L_1,LH_Vis_1,12.5,9.1,0.0,
L_1,LH_Vis_1,12.5,9.3,0.0,
L_1,LH_Vis_1,12.5,9.5,0.0,
L_1,LH_Vis_1,12.5,9.7,0.0,
L_1,LH_Vis_1,12.5,9.9,0.0,
L_1,LH_Vis_1,12.5,10.1,0.0,
L_1,LH_Vis_1,12.5,10.3,0.0,
L_1,LH_Vis_1,12.5,10.5,0.0,
L_1,LH_Vis_1,12.5,10.7,0.0,
L_1,LH_Vis_1,12.5,10.9,0.0,
L_1,LH_Vis_1,12.5,11.1,0.0,
L_1,LH_Vis_1,12.5,11.3,1.0,
L_1,LH_Vis_1,12.5,11.5,1.0,
L_1,LH_Vis_1,12.5,11.7,3.0,1.0337002081018716
L_1,LH_Vis_1,12.5,11.9,3.0,1.0337002081018716
L_1,LH_Vis_1,12.5,12.1,6.0,1.040972241496064
L_1,LH_Vis_1,12.5,12.3,6.0,1.040972241496064
L_1,LH_Vis_1,12.5,12.5,10.0,1.0478706094542858
L_1,LH_Vis_1,12.5,12.700000000000001,10.0,1.0478706094542858
L_1,LH_Vis_1,12.5,12.9,15.0,1.0512056621224994
L_1,LH_Vis_1,12.5,13.1,19.0,1.0536609369437948
L_1,LH_Vis_1,12.5,13.3,17.0,1.0543894950732726
L_1,LH_Vis_1,12.5,13.5,22.0,1.054702291098771
L_1,LH_Vis_1,12.5,13.700000000000001,19.0,1.055721977868536
L_1,LH_Vis_1,12.5,13.9,24.0,1.055474301811793
L_1,LH_Vis_1,12.5,14.1,20.0,1.0549255298958282
L_1,LH_Vis_1,12.5,14.3,25.0,1.0540928879819826
L_1,LH_Vis_1,12.5,14.5,20.0,1.0531471681127464
L_1,LH_Vis_1,12.5,14.700000000000001,25.0,1.0537833139665649
L_1,LH_Vis_1,12.5,14.9,20.0,1.0543472870225186
L_1,LH_Vis_1,12.5,15.1,25.0,1.0532157456149636
L_1,LH_Vis_1,12.5,15.3,20.0,1.0525782326223383
L_1,LH_Vis_1,12.5,15.5,25.0,1.0500732121776648
L_1,LH_Vis_1,12.5,15.700000000000001,25.0,1.0484671340894378
L_1,LH_Vis_1,12.5,15.9,20.0,1.047893337530147
L_1,LH_Vis_1,12.5,16.1,25.0,1.0473822775497823
L_1,LH_Vis_1,12.5,16.3,20.0,1.045145872591768
L_1,LH_Vis_1,12.5,16.5,25.0,1.0460306597914597
L_1,LH_Vis_1,12.5,16.700000000000003,20.0,1.045365929743139
L_1,LH_Vis_1,12.5,16.9,25.0,1.0438814008803154
L_1,LH_Vis_1,12.5,17.1,20.0,1.0448384685006515
L_1,LH_Vis_1,12.5,17.3,25.0,1.0429908853415766
L_1,LH_Vis_1,12.5,17.5,20.0,1.042112921088212
L_1,LH_Vis_1,12.5,17.700000000000003,20.0,1.042112921088212
L_1,LH_Vis_1,12.5,17.9,15.0,1.0410378822415083
L_1,LH_Vis_1,12.700000000000001,8.1,0.0,
L_1,LH_Vis_1,12.700000000000001,8.3,0.0,
L_1,LH_Vis_1,12.700000000000001,8.5,0.0,
L_1,LH_Vis_1,12.700000000000001,8.7,0.0,
L_1,LH_Vis_1,12.700000000000001,8.9,0.0,
L_1,LH_Vis_1,12.700000000000001,9.1,0.0,
L_1,LH_Vis_1,12.700000000000001,9.3,0.0,
L_1,LH_Vis_1,12.700000000000001,9.5,0.0,
L_1,LH_Vis_1,12.700000000000001,9.7,0.0,
L_1,LH_Vis_1,12.700000000000001,9.9,0.0,
L_1,LH_Vis_1,12.700000000000001,10.1,0.0,
L_1,LH_Vis_1,12.700000000000001,10.3,0.0,
L_1,LH_Vis_1,12.700000000000001,10.5,0.0,
L_1,LH_Vis_1,12.700000000000001,10.7,0.0,
L_1,LH_Vis_1,12.700000000000001,10.9,0.0,
L_1,LH_Vis_1,12.700000000000001,11.1,0.0,
L_1,LH_Vis_1,12.700000000000001,11.3,0.0,
L_1,LH_Vis_1,12.700000000000001,11.5,0.0,
L_1,LH_Vis_1,12.700000000000001,11.7,1.0,
L_1,LH_Vis_1,12.700000000000001,11.9,1.0,
L_1,LH_Vis_1,12.700000000000001,12.1,3.0,1.0545231482826551
L_1,LH_Vis_1,12.700000000000001,12.3,3.0,1.0545231482826551
L_1,LH_Vis_1,12.700000000000001,12.5,6.0,1.0581708108558143
L_1,LH_Vis_1,12.700000000000001,12.700000000000001,6.0,1.0581708108558143
L_1,LH_Vis_1,12.700000000000001,12.9,10.0,1.0588068691281294
L_1,LH_Vis_1,12.700000000000001,13.1,14.0,1.058032818992708
L_1,LH_Vis_1,12.700000000000001,13.3,13.0,1.05800877489599
L_1,LH_Vis_1,12.700000000000001,13.5,17.0,1.0590366656041201
L_1,LH_Vis_1,12.700000000000001,13.700000000000001,15.0,1.0598932841781408
L_1,LH_Vis_1,12.700000000000001,13.9,19.0,1.0608198003550149
L_1,LH_Vis_1,12.700000000000001,14.1,16.0,1.0606325491536477
L_1,LH_Vis_1,12.700000000000001,14.3,20.0,1.0607731679914745
L_1,LH_Vis_1,12.700000000000001,14.5,16.0,1.061026220855192
L_1,LH_Vis_1,12.700000000000001,14.700000000000001,20.0,1.0622902853686764
L_1,LH_Vis_1,12.700000000000001,14.9,16.0,1.0638384332973068
L_1,LH_Vis_1,12.700000000000001,15.1,20.0,1.0636105020686561
L_1,LH_Vis_1,12.700000000000001,15.3,16.0,1.0639187999844346
L_1,LH_Vis_1,12.700000000000001,15.5,20.0,1.0622626292007278
L_1,LH_Vis_1,12.700000000000001,15.700000000000001,20.0,1.062125669348104
L_1,LH_Vis_1,12.700000000000001,15.9,16.0,1.0623231758494351
L_1,LH_Vis_1,12.700000000000001,16.1,20.0,1.0630899424682372
L_1,LH_Vis_1,12.700000000000001,16.3,16.0,1.0620257922296432
L_1,LH_Vis_1,12.700000000000001,16.5,20.0,1.0634854923259416
L_1,LH_Vis_1,12.700000000000001,16.700000000000003,16.0,1.063682171118914
L_1,LH_Vis_1,12.700000000000001,16.9,20.0,1.0630611345833727
L_1,LH_Vis_1,12.700000000000001,17.1,16.0,1.0649169317127414
L_1,LH_Vis_1,12.700000000000001,17.3,20.0,1.064150428310564
L_1,LH_Vis_1,12.700000000000001,17.5,16.0,1.0642856761994113
L_1,LH_Vis_1,12.700000000000001,17.700000000000003,16.0,1.0642856761994113
L_1,LH_Vis_1,12.700000000000001,17.9,12.0,1.063661898618066
L_1,LH_Vis_1,12.9,8.1,0.0,
L_1,LH_Vis_1,12.9,8.3,0.0,
L_1,LH_Vis_1,12.9,8.5,0.0,
L_1,LH_Vis_1,12.9,8.7,0.0,
L_1,LH_Vis_1,12.9,8.9,0.0,
L_1,LH_Vis_1,12.9,9.1,0.0,
L_1,LH_Vis_1,12.9,9.3,0.0,
L_1,LH_Vis_1,12.9,9.5,0.0,
L_1,LH_Vis_1,12.9,9.7,0.0,
L_1,LH_Vis_1,12.9,9.9,0.0,
L_1,LH_Vis_1,12.9,10.1,0.0,
L_1,LH_Vis_1,12.9,10.3,0.0,
L_1,LH_Vis_1,12.9,10.5,0.0,
L_1,LH_Vis_1,12.9,10.7,0.0,
L_1,LH_Vis_1,12.9,10.9,0.0,
L_1,LH_Vis_1,12.9,11.1,0.0,
L_1,LH_Vis_1,12.9,11.3,0.0,
L_1,LH_Vis_1,12.9,11.5,0.0,
L_1,LH_Vis_1,12.9,11.7,1.0,
L_1,LH_Vis_1,12.9,11.9,1.0,
L_1,LH_Vis_1,12.9,12.1,3.0,1.0545231482826551
L_1,LH_Vis_1,12.9,12.3,3.0,1.0545231482826551
L_1,LH_Vis_1,12.9,12.5,6.0,1.0581708108558143
L_1,LH_Vis_1,12.9,12.700000000000001,6.0,1.0581708108558143
L_1,LH_Vis_1,12.9,12.9,10.0,1.0588068691281294
L_1,LH_Vis_1,12.9,13.1,15.0,1.0575047902080192
L_1,LH_Vis_1,12.9,13.3,14.0,1.0574447472050177
L_1,LH_Vis_1,12.9,13.5,19.0,1.0582335171378912
L_1,LH_Vis_1,12.9,13.700000000000001,17.0,1.058894869001294
L_1,LH_Vis_1,12.9,13.9,22.0,1.059986419879172
L_1,LH_Vis_1,12.9,14.1,19.0,1.0596971482660453
L_1,LH_Vis_1,12.9,14.3,24.0,1.0607623362323433
L_1,LH_Vis_1,12.9,14.5,20.0,1.0609626121714917
L_1,LH_Vis_1,12.9,14.700000000000001,25.0,1.0628105550387947
L_1,LH_Vis_1,12.9,14.9,20.0,1.0647880357065436
L_1,LH_Vis_1,12.9,15.1,25.0,1.0658099348386327
L_1,LH_Vis_1,12.9,15.3,20.0,1.067151900310807
L_1,LH_Vis_1,12.9,15.5,25.0,1.0668696395148742
L_1,LH_Vis_1,12.9,15.700000000000001,25.0,1.0688353361095109
L_1,LH_Vis_1,12.9,15.9,20.0,1.0698416575108196
L_1,LH_Vis_1,12.9,16.1,25.0,1.0717166801792382
L_1,LH_Vis_1,12.9,16.3,20.0,1.0720952685970455
L_1,LH_Vis_1,12.9,16.5,25.0,1.0747370959588434
L_1,LH_Vis_1,12.9,16.700000000000003,20.0,1.0759469871068066
L_1,LH_Vis_1,12.9,16.9,25.0,1.0758858380882474
L_1,LH_Vis_1,12.9,17.1,20.0,1.0784221485275236
L_1,LH_Vis_1,12.9,17.3,25.0,1.0787272374219297
L_1,LH_Vis_1,12.9,17.5,20.0,1.0800275028181274
L_1,LH_Vis_1,12.9,17.700000000000003,20.0,1.0800275028181274
L_1,LH_Vis_1,12.9,17.9,15.0,1.0802977468065325
L_1,LH_Vis_1,13.1,8.1,0.0,
L_1,LH_Vis_1,13.1,8.3,0.0,
L_1,LH_Vis_1,13.1,8.5,0.0,
L_1,LH_Vis_1,13.1,8.7,0.0,
L_1,LH_Vis_1,13.1,8.9,0.0,
L_1,LH_Vis_1,13.1,9.1,0.0,
L_1,LH_Vis_1,13.1,9.3,0.0,
L_1,LH_Vis_1,13.1,9.5,0.0,
L_1,LH_Vis_1,13.1,9.7,0.0,
L_1,LH_Vis_1,13.1,9.9,0.0,
L_1,LH_Vis_1,13.1,10.1,0.0,
L_1,LH_Vis_1,13.1,10.3,0.0,
L_1,LH_Vis_1,13.1,10.5,0.0,
L_1,LH_Vis_1,13.1,10.7,0.0,
L_1,LH_Vis_1,13.1,10.9,0.0,
L_1,LH_Vis_1,13.1,11.1,0.0,
L_1,LH_Vis_1,13.1,11.3,0.0,
L_1,LH_Vis_1,13.1,11.5,0.0,
L_1,LH_Vis_1,13.1,11.7,0.0,
L_1,LH_Vis_1,13.1,11.9,0.0,
L_1,LH_Vis_1,13.1,12.1,1.0,
L_1,LH_Vis_1,13.1,12.3,1.0,
L_1,LH_Vis_1,13.1,12.5,3.0,1.0565628437738972
L_1,LH_Vis_1,13.1,12.700000000000001,3.0,1.0565628437738972
L_1,LH_Vis_1,13.1,12.9,6.0,1.0558457453951202
L_1,LH_Vis_1,13.1,13.1,10.0,1.055007984336911
L_1,LH_Vis_1,13.1,13.3,10.0,1.055007984336911
L_1,LH_Vis_1,13.1,13.5,15.0,1.053706229201019
L_1,LH_Vis_1,13.1,13.700000000000001,14.0,1.0542432835689575
L_1,LH_Vis_1,13.1,13.9,19.0,1.0556411570667998
L_1,LH_Vis_1,13.1,14.1,17.0,1.054922407117493
L_1,LH_Vis_1,13.1,14.3,22.0,1.0578011024395766
L_1,LH_Vis_1,13.1,14.5,19.0,1.05822306908535
L_1,LH_Vis_1,13.1,14.700000000000001,24.0,1.0613405855765539
L_1,LH_Vis_1,13.1,14.9,20.0,1.0628584341419454
L_1,LH_Vis_1,13.1,15.1,25.0,1.0662952620743809
L_1,LH_Vis_1,13.1,15.3,20.0,1.0700933978606673
L_1,LH_Vis_1,13.1,15.5,25.0,1.0716247723858288
L_1,LH_Vis_1,13.1,15.700000000000001,25.0,1.0774329443848252
L_1,LH_Vis_1,13.1,15.9,20.0,1.0798940138473667
L_1,LH_Vis_1,13.1,16.1,25.0,1.0840264578507925
L_1,LH_Vis_1,13.1,16.3,20.0,1.0867362852527085
L_1,LH_Vis_1,13.1,16.5,25.0,1.0917571760709393
L_1,LH_Vis_1,13.1,16.700000000000003,20.0,1.0946858266376434
L_1,LH_Vis_1,13.1,16.9,25.0,1.096225417665922
L_1,LH_Vis_1,13.1,17.1,20.0,1.1008442044607838
L_1,LH_Vis_1,13.1,17.3,25.0,1.1033085469546353
L_1,LH_Vis_1,13.1,17.5,20.0,1.1069866679793592
L_1,LH_Vis_1,13.1,17.700000000000003,20.0,1.1069866679793592
L_1,LH_Vis_1,13.1,17.9,15.0,1.1091301460176466
L_1,LH_Vis_1,13.3,8.1,0.0,
L_1,LH_Vis_1,13.3,8.3,0.0,
L_1,LH_Vis_1,13.3,8.5,0.0,
L_1,LH_Vis_1,13.3,8.7,0.0,
L_1,LH_Vis_1,13.3,8.9,0.0,
L_1,LH_Vis_1,13.3,9.1,0.0,
L_1,LH_Vis_1,13.3,9.3,0.0,
L_1,LH_Vis_1,13.3,9.5,0.0,
L_1,LH_Vis_1,13.3,9.7,0.0,
L_1,LH_Vis_1,13.3,9.9,0.0,
L_1,LH_Vis_1,13.3,10.1,0.0,
L_1,LH_Vis_1,13.3,10.3,0.0,
L_1,LH_Vis_1,13.3,10.5,0.0,
L_1,LH_Vis_1,13.3,10.7,0.0,
L_1,LH_Vis_1,13.3,10.9,0.0,
L_1,LH_Vis_1,13.3,11.1,0.0,
L_1,LH_Vis_1,13.3,11.3,0.0,
L_1,LH_Vis_1,13.3,11.5,0.0,
L_1,LH_Vis_1,13.3,11.7,0.0,
L_1,LH_Vis_1,13.3,11.9,0.0,
L_1,LH_Vis_1,13.3,12.1,0.0,
L_1,LH_Vis_1,13.3,12.3,0.0,
L_1,LH_Vis_1,13.3,12.5,1.0,
L_1,LH_Vis_1,13.3,12.700000000000001,1.0,
L_1,LH_Vis_1,13.3,12.9,3.0,1.056897209138416
L_1,LH_Vis_1,13.3,13.1,6.0,1.0560345672511986
L_1,LH_Vis_1,13.3,13.3,6.0,1.0560345672511986
L_1,LH_Vis_1,13.3,13.5,10.0,1.0531723442949743
L_1,LH_Vis_1,13.3,13.700000000000001,10.0,1.0531723442949743
L_1,LH_Vis_1,13.3,13.9,14.0,1.0546941155664746
L_1,LH_Vis_1,13.3,14.1,13.0,1.0535430979037321
L_1,LH_Vis_1,13.3,14.3,17.0,1.057860944681638
L_1,LH_Vis_1,13.3,14.5,15.0,1.058840118490315
L_1,LH_Vis_1,13.3,14.700000000000001,19.0,1.0624912072847674
L_1,LH_Vis_1,13.3,14.9,16.0,1.0638635726449146
L_1,LH_Vis_1,13.3,15.1,20.0,1.0684871346300864
L_1,LH_Vis_1,13.3,15.3,16.0,1.0733891658224484
L_1,LH_Vis_1,13.3,15.5,20.0,1.0757473158321051
L_1,LH_Vis_1,13.3,15.700000000000001,20.0,1.0838038052426346
L_1,LH_Vis_1,13.3,15.9,16.0,1.0867812698758352
L_1,LH_Vis_1,13.3,16.1,20.0,1.0924295564289381
L_1,LH_Vis_1,13.3,16.3,16.0,1.0964912479701818
L_1,LH_Vis_1,13.3,16.5,20.0,1.1023364201606018
L_1,LH_Vis_1,13.3,16.700000000000003,16.0,1.106175179558059
L_1,LH_Vis_1,13.3,16.9,20.0,1.1087300680701675
L_1,LH_Vis_1,13.3,17.1,16.0,1.1146176061200266
L_1,LH_Vis_1,13.3,17.3,20.0,1.1180396874277536
L_1,LH_Vis_1,13.3,17.5,16.0,1.1228543615852238
L_1,LH_Vis_1,13.3,17.700000000000003,16.0,1.1228543615852238
L_1,LH_Vis_1,13.3,17.9,12.0,1.1254649145665154
L_1,LH_Vis_1,13.5,8.1,0.0,
L_1,LH_Vis_1,13.5,8.3,0.0,
L_1,LH_Vis_1,13.5,8.5,0.0,
L_1,LH_Vis_1,13.5,8.7,0.0,
L_1,LH_Vis_1,13.5,8.9,0.0,
L_1,LH_Vis_1,13.5,9.1,0.0,
L_1,LH_Vis_1,13.5,9.3,0.0,
L_1,LH_Vis_1,13.5,9.5,0.0,
L_1,LH_Vis_1,13.5,9.7,0.0,
L_1,LH_Vis_1,13.5,9.9,0.0,
L_1,LH_Vis_1,13.5,10.1,0.0,
L_1,LH_Vis_1,13.5,10.3,0.0,
L_1,LH_Vis_1,13.5,10.5,0.0,
L_1,LH_Vis_1,13.5,10.7,0.0,
L_1,LH_Vis_1,13.5,10.9,0.0,
L_1,LH_Vis_1,13.5,11.1,0.0,
L_1,LH_Vis_1,13.5,11.3,0.0,
L_1,LH_Vis_1,13.5,11.5,0.0,
L_1,LH_Vis_1,13.5,11.7,0.0,
L_1,LH_Vis_1,13.5,11.9,0.0,
L_1,LH_Vis_1,13.5,12.1,0.0,
L_1,LH_Vis_1,13.5,12.3,0.0,
L_1,LH_Vis_1,13.5,12.5,1.0,
L_1,LH_Vis_1,13.5,12.700000000000001,1.0,
L_1,LH_Vis_1,13.5,12.9,3.0,1.056897209138416
L_1,LH_Vis_1,13.5,13.1,6.0,1.0560345672511986
L_1,LH_Vis_1,13.5,13.3,6.0,1.0560345672511986
L_1,LH_Vis_1,13.5,13.5,10.0,1.0531723442949743
L_1,LH_Vis_1,13.5,13.700000000000001,10.0,1.0531723442949743
L_1,LH_Vis_1,13.5,13.9,15.0,1.0535586018473968
L_1,LH_Vis_1,13.5,14.1,14.0,1.052408691609202
L_1,LH_Vis_1,13.5,14.3,19.0,1.0564701507556666
L_1,LH_Vis_1,13.5,14.5,17.0,1.0571705048308555
L_1,LH_Vis_1,13.5,14.700000000000001,22.0,1.0605945658215796
L_1,LH_Vis_1,13.5,14.9,19.0,1.0614507722096211
L_1,LH_Vis_1,13.5,15.1,24.0,1.0664595696753285
L_1,LH_Vis_1,13.5,15.3,20.0,1.0699756816382666
L_1,LH_Vis_1,13.5,15.5,25.0,1.0739702472426698
L_1,LH_Vis_1,13.5,15.700000000000001,25.0,1.0835730716388654
L_1,LH_Vis_1,13.5,15.9,20.0,1.08750578045714
L_1,LH_Vis_1,13.5,16.1,25.0,1.0943126679798811
L_1,LH_Vis_1,13.5,16.3,20.0,1.0998317416773413
L_1,LH_Vis_1,13.5,16.5,25.0,1.1064979041699385
L_1,LH_Vis_1,13.5,16.700000000000003,20.0,1.111749130201169
L_1,LH_Vis_1,13.5,16.9,25.0,1.1148367015455567
L_1,LH_Vis_1,13.5,17.1,20.0,1.1210587495168753
L_1,LH_Vis_1,13.5,17.3,25.0,1.1253911328013233
L_1,LH_Vis_1,13.5,17.5,20.0,1.1311526062683488
L_1,LH_Vis_1,13.5,17.700000000000003,20.0,1.1311526062683488
L_1,LH_Vis_1,13.5,17.9,15.0,1.1343567356675166
L_1,LH_Vis_1,13.700000000000001,8.1,0.0,
L_1,LH_Vis_1,13.700000000000001,8.3,0.0,
L_1,LH_Vis_1,13.700000000000001,8.5,0.0,
L_1,LH_Vis_1,13.700000000000001,8.7,0.0,
L_1,LH_Vis_1,13.700000000000001,8.9,0.0,
L_1,LH_Vis_1,13.700000000000001,9.1,0.0,
L_1,LH_Vis_1,13.700000000000001,9.3,0.0,
L_1,LH_Vis_1,13.700000000000001,9.5,0.0,
L_1,LH_Vis_1,13.700000000000001,9.7,0.0,
L_1,LH_Vis_1,13.700000000000001,9.9,0.0,
L_1,LH_Vis_1,13.700000000000001,10.1,0.0,
L_1,LH_Vis_1,13.700000000000001,10.3,0.0,
L_1,LH_Vis_1,13.700000000000001,10.5,0.0,
L_1,LH_Vis_1,13.700000000000001,10.7,0.0,
L_1,LH_Vis_1,13.700000000000001,10.9,0.0,
L_1,LH_Vis_1,13.700000000000001,11.1,0.0,
L_1,LH_Vis_1,13.700000000000001,11.3,0.0,
L_1,LH_Vis_1,13.700000000000001,11.5,0.0,
L_1,LH_Vis_1,13.700000000000001,11.7,0.0,
L_1,LH_Vis_1,13.700000000000001,11.9,0.0,
L_1,LH_Vis_1,13.700000000000001,12.1,0.0,
L_1,LH_Vis_1,13.700000000000001,12.3,0.0,
L_1,LH_Vis_1,13.700000000000001,12.5,0.0,
L_1,LH_Vis_1,13.700000000000001,12.700000000000001,0.0,
L_1,LH_Vis_1,13.700000000000001,12.9,1.0,
L_1,LH_Vis_1,13.700000000000001,13.1,3.0,1.0454060064107658
L_1,LH_Vis_1,13.700000000000001,13.3,3.0,1.0454060064107658
L_1,LH_Vis_1,13.700000000000001,13.5,6.0,1.044289941757884
L_1,LH_Vis_1,13.700000000000001,13.700000000000001,6.0,1.044289941757884
L_1,LH_Vis_1,13.700000000000001,13.9,10.0,1.0470380578750071
L_1,LH_Vis_1,13.700000000000001,14.1,10.0,1.0470380578750071
L_1,LH_Vis_1,13.700000000000001,14.3,14.0,1.052635375996813
L_1,LH_Vis_1,13.700000000000001,14.5,13.0,1.0544697733504227
L_1,LH_Vis_1,13.700000000000001,14.700000000000001,17.0,1.0576920440060213
L_1,LH_Vis_1,13.700000000000001,14.9,15.0,1.0582223292846633
L_1,LH_Vis_1,13.700000000000001,15.1,19.0,1.0639737040976305
L_1,LH_Vis_1,13.700000000000001,15.3,16.0,1.0678736716587482
L_1,LH_Vis_1,13.700000000000001,15.5,20.0,1.073251580272249
L_1,LH_Vis_1,13.700000000000001,15.700000000000001,20.0,1.0842180046152579
L_1,LH_Vis_1,13.700000000000001,15.9,16.0,1.0886153379437407
L_1,LH_Vis_1,13.700000000000001,16.1,20.0,1.0968033756053017
L_1,LH_Vis_1,13.700000000000001,16.3,16.0,1.103963113597448
L_1,LH_Vis_1,13.700000000000001,16.5,20.0,1.1114513650705287
L_1,LH_Vis_1,13.700000000000001,16.700000000000003,16.0,1.1179288664265963
L_1,LH_Vis_1,13.700000000000001,16.9,20.0,1.121563325941853
L_1,LH_Vis_1,13.700000000000001,17.1,16.0,1.1282633537457532
L_1,LH_Vis_1,13.700000000000001,17.3,20.0,1.133850887141887
L_1,LH_Vis_1,13.700000000000001,17.5,16.0,1.1408155204859245
L_1,LH_Vis_1,13.700000000000001,17.700000000000003,16.0,1.1408155204859245
L_1,LH_Vis_1,13.700000000000001,17.9,12.0,1.1445688518973842
L_1,LH_Vis_1,13.9,8.1,0.0,
L_1,LH_Vis_1,13.9,8.3,0.0,
L_1,LH_Vis_1,13.9,8.5,0.0,
L_1,LH_Vis_1,13.9,8.7,0.0,
L_1,LH_Vis_1,13.9,8.9,0.0,
L_1,LH_Vis_1,13.9,9.1,0.0,
L_1,LH_Vis_1,13.9,9.3,0.0,
L_1,LH_Vis_1,13.9,9.5,0.0,
L_1,LH_Vis_1,13.9,9.7,0.0,
L_1,LH_Vis_1,13.9,9.9,0.0,
L_1,LH_Vis_1,13.9,10.1,0.0,
L_1,LH_Vis_1,13.9,10.3,0.0,
L_1,LH_Vis_1,13.9,10.5,0.0,
L_1,LH_Vis_1,13.9,10.7,0.0,
L_1,LH_Vis_1,13.9,10.9,0.0,
L_1,LH_Vis_1,13.9,11.1,0.0,
L_1,LH_Vis_1,13.9,11.3,0.0,
L_1,LH_Vis_1,13.9,11.5,0.0,
L_1,LH_Vis_1,13.9,11.7,0.0,
L_1,LH_Vis_1,13.9,11.9,0.0,
L_1,LH_Vis_1,13.9,12.1,0.0,
L_1,LH_Vis_1,13.9,12.3,0.0,
L_1,LH_Vis_1,13.9,12.5,0.0,
L_1,LH_Vis_1,13.9,12.700000000000001,0.0,
L_1,LH_Vis_1,13.9,12.9,1.0,
L_1,LH_Vis_1,13.9,13.1,3.0,1.0454060064107658
L_1,LH_Vis_1,13.9,13.3,3.0,1.0454060064107658
L_1,LH_Vis_1,13.9,13.5,6.0,1.044289941757884
L_1,LH_Vis_1,13.9,13.700000000000001,6.0,1.044289941757884
L_1,LH_Vis_1,13.9,13.9,10.0,1.0470380578750071
L_1,LH_Vis_1,13.9,14.1,10.0,1.0470380578750071
L_1,LH_Vis_1,13.9,14.3,15.0,1.0491324200282508
L_1,LH_Vis_1,13.9,14.5,14.0,1.050585577858848
L_1,LH_Vis_1,13.9,14.700000000000001,19.0,1.0539292819173098
L_1,LH_Vis_1,13.9,14.9,17.0,1.0539545027997927
L_1,LH_Vis_1,13.9,15.1,22.0,1.059972416102939
L_1,LH_Vis_1,13.9,15.3,19.0,1.06262481699735
L_1,LH_Vis_1,13.9,15.5,24.0,1.0679249154453696
L_1,LH_Vis_1,13.9,15.700000000000001,25.0,1.0783321887336832
L_1,LH_Vis_1,13.9,15.9,20.0,1.08458494983342
L_1,LH_Vis_1,13.9,16.1,25.0,1.0932788535978046
L_1,LH_Vis_1,13.9,16.3,20.0,1.100775653677005
L_1,LH_Vis_1,13.9,16.5,25.0,1.109747060506284
L_1,LH_Vis_1,13.9,16.700000000000003,20.0,1.1170754952994462
L_1,LH_Vis_1,13.9,16.9,25.0,1.1215571604520276
L_1,LH_Vis_1,13.9,17.1,20.0,1.1299301281780736
L_1,LH_Vis_1,13.9,17.3,25.0,1.1361668579304491
L_1,LH_Vis_1,13.9,17.5,20.0,1.1435711886202629
L_1,LH_Vis_1,13.9,17.700000000000003,20.0,1.1435711886202629
L_1,LH_Vis_1,13.9,17.9,15.0,1.1487434286085692
L_1,LH_Vis_1,14.1,8.1,0.0,
L_1,LH_Vis_1,14.1,8.3,0.0,
L_1,LH_Vis_1,14.1,8.5,0.0,
L_1,LH_Vis_1,14.1,8.7,0.0,
L_1,LH_Vis_1,14.1,8.9,0.0,
L_1,LH_Vis_1,14.1,9.1,0.0,
L_1,LH_Vis_1,14.1,9.3,0.0,
L_1,LH_Vis_1,14.1,9.5,0.0,
L_1,LH_Vis_1,14.1,9.7,0.0,
L_1,LH_Vis_1,14.1,9.9,0.0,
L_1,LH_Vis_1,14.1,10.1,0.0,
L_1,LH_Vis_1,14.1,10.3,0.0,
L_1,LH_Vis_1,14.1,10.5,0.0,
L_1,LH_Vis_1,14.1,10.7,0.0,
L_1,LH_Vis_1,14.1,10.9,0.0,
L_1,LH_Vis_1,14.1,11.1,0.0,
L_1,LH_Vis_1,14.1,11.3,0.0,
L_1,LH_Vis_1,14.1,11.5,0.0,
L_1,LH_Vis_1,14.1,11.7,0.0,
L_1,LH_Vis_1,14.1,11.9,0.0,
L_1,LH_Vis_1,14.1,12.1,0.0,
L_1,LH_Vis_1,14.1,12.3,0.0,
L_1,LH_Vis_1,14.1,12.5,0.0,
L_1,LH_Vis_1,14.1,12.700000000000001,0.0,
L_1,LH_Vis_1,14.1,12.9,0.0,
L_1,LH_Vis_1,14.1,13.1,1.0,
L_1,LH_Vis_1,14.1,13.3,1.0,
L_1,LH_Vis_1,14.1,13.5,3.0,1.0404321206326863
L_1,LH_Vis_1,14.1,13.700000000000001,3.0,1.0404321206326863
L_1,LH_Vis_1,14.1,13.9,6.0,1.0429656061079442
L_1,LH_Vis_1,14.1,14.1,6.0,1.0429656061079442
L_1,LH_Vis_1,14.1,14.3,10.0,1.0447645294347483
L_1,LH_Vis_1,14.1,14.5,10.0,1.0447645294347483
L_1,LH_Vis_1,14.1,14.700000000000001,14.0,1.0495037807639287
L_1,LH_Vis_1,14.1,14.9,13.0,1.0494569648825096
L_1,LH_Vis_1,14.1,15.1,17.0,1.0568586968372078
L_1,LH_Vis_1,14.1,15.3,15.0,1.05969425810379
L_1,LH_Vis_1,14.1,15.5,19.0,1.0660314977835397
L_1,LH_Vis_1,14.1,15.700000000000001,20.0,1.0781414800045996
L_1,LH_Vis_1,14.1,15.9,16.0,1.0858111213995105
L_1,LH_Vis_1,14.1,16.1,20.0,1.0953133208815382
L_1,LH_Vis_1,14.1,16.3,16.0,1.1038036738302026
L_1,LH_Vis_1,14.1,16.5,20.0,1.114015806096992
L_1,LH_Vis_1,14.1,16.700000000000003,16.0,1.1222911761987457
L_1,LH_Vis_1,14.1,16.9,20.0,1.1275636414452213
L_1,LH_Vis_1,14.1,17.1,16.0,1.137005515160876
L_1,LH_Vis_1,14.1,17.3,20.0,1.1439654780564446
L_1,LH_Vis_1,14.1,17.5,16.0,1.1521613215109094
L_1,LH_Vis_1,14.1,17.700000000000003,16.0,1.1521613215109094
L_1,LH_Vis_1,14.1,17.9,12.0,1.1584410557446632
L_1,LH_Vis_1,14.3,8.1,0.0,
L_1,LH_Vis_1,14.3,8.3,0.0,
L_1,LH_Vis_1,14.3,8.5,0.0,
L_1,LH_Vis_1,14.3,8.7,0.0,
L_1,LH_Vis_1,14.3,8.9,0.0,
L_1,LH_Vis_1,14.3,9.1,0.0,
L_1,LH_Vis_1,14.3,9.3,0.0,
L_1,LH_Vis_1,14.3,9.5,0.0,
L_1,LH_Vis_1,14.3,9.7,0.0,
L_1,LH_Vis_1,14.3,9.9,0.0,
L_1,LH_Vis_1,14.3,10.1,0.0,
L_1,LH_Vis_1,14.3,10.3,0.0,
L_1,LH_Vis_1,14.3,10.5,0.0,
L_1,LH_Vis_1,14.3,10.7,0.0,
L_1,LH_Vis_1,14.3,10.9,0.0,
L_1,LH_Vis_1,14.3,11.1,0.0,
L_1,LH_Vis_1,14.3,11.3,0.0,
L_1,LH_Vis_1,14.3,11.5,0.0,
L_1,LH_Vis_1,14.3,11.7,0.0,
L_1,LH_Vis_1,14.3,11.9,0.0,
L_1,LH_Vis_1,14.3,12.1,0.0,
L_1,LH_Vis_1,14.3,12.3,0.0,
L_1,LH_Vis_1,14.3,12.5,0.0,
L_1,LH_Vis_1,14.3,12.700000000000001,0.0,
L_1,LH_Vis_1,14.3,12.9,0.0,
L_1,LH_Vis_1,14.3,13.1,1.0,
L_1,LH_Vis_1,14.3,13.3,1.0,
L_1,LH_Vis_1,14.3,13.5,3.0,1.0404321206326863
L_1,LH_Vis_1,14.3,13.700000000000001,3.0,1.0404321206326863
L_1,LH_Vis_1,14.3,13.9,6.0,1.0429656061079442
L_1,LH_Vis_1,14.3,14.1,6.0,1.0429656061079442
L_1,LH_Vis_1,14.3,14.3,10.0,1.0447645294347483
L_1,LH_Vis_1,14.3,14.5,10.0,1.0447645294347483
L_1,LH_Vis_1,14.3,14.700000000000001,15.0,1.0478511366418664
L_1,LH_Vis_1,14.3,14.9,14.0,1.0476896187432585
L_1,LH_Vis_1,14.3,15.1,19.0,1.054410270097083
L_1,LH_Vis_1,14.3,15.3,17.0,1.0566241857158172
L_1,LH_Vis_1,14.3,15.5,22.0,1.0630940764014483
L_1,LH_Vis_1,14.3,15.700000000000001,24.0,1.0746398398432573
L_1,LH_Vis_1,14.3,15.9,20.0,1.0800752249269177
L_1,LH_Vis_1,14.3,16.1,25.0,1.090069659922869
L_1,LH_Vis_1,14.3,16.3,20.0,1.0990809871395606
L_1,LH_Vis_1,14.3,16.5,25.0,1.110608048138644
L_1,LH_Vis_1,14.3,16.700000000000003,20.0,1.1199530367013573
L_1,LH_Vis_1,14.3,16.9,25.0,1.1263167821820748
L_1,LH_Vis_1,14.3,17.1,20.0,1.136623051544445
L_1,LH_Vis_1,14.3,17.3,25.0,1.1445495837450002
L_1,LH_Vis_1,14.3,17.5,20.0,1.1536977921734546
L_1,LH_Vis_1,14.3,17.700000000000003,20.0,1.1536977921734546
L_1,LH_Vis_1,14.3,17.9,15.0,1.1615812562623813
L_1,LH_Vis_1,14.5,8.1,0.0,
L_1,LH_Vis_1,14.5,8.3,0.0,
L_1,LH_Vis_1,14.5,8.5,0.0,
L_1,LH_Vis_1,14.5,8.7,0.0,
L_1,LH_Vis_1,14.5,8.9,0.0,
L_1,LH_Vis_1,14.5,9.1,0.0,
L_1,LH_Vis_1,14.5,9.3,0.0,
L_1,LH_Vis_1,14.5,9.5,0.0,
L_1,LH_Vis_1,14.5,9.7,0.0,
L_1,LH_Vis_1,14.5,9.9,0.0,
L_1,LH_Vis_1,14.5,10.1,0.0,
L_1,LH_Vis_1,14.5,10.3,0.0,
L_1,LH_Vis_1,14.5,10.5,0.0,
L_1,LH_Vis_1,14.5,10.7,0.0,
L_1,LH_Vis_1,14.5,10.9,0.0,
L_1,LH_Vis_1,14.5,11.1,0.0,
L_1,LH_Vis_1,14.5,11.3,0.0,
L_1,LH_Vis_1,14.5,11.5,0.0,
L_1,LH_Vis_1,14.5,11.7,0.0,
L_1,LH_Vis_1,14.5,11.9,0.0,
L_1,LH_Vis_1,14.5,12.1,0.0,
L_1,LH_Vis_1,14.5,12.3,0.0,
L_1,LH_Vis_1,14.5,12.5,0.0,
L_1,LH_Vis_1,14.5,12.700000000000001,0.0,
L_1,LH_Vis_1,14.5,12.9,0.0,
L_1,LH_Vis_1,14.5,13.1,0.0,
L_1,LH_Vis_1,14.5,13.3,0.0,
L_1,LH_Vis_1,14.5,13.5,1.0,
L_1,LH_Vis_1,14.5,13.700000000000001,1.0,
L_1,LH_Vis_1,14.5,13.9,3.0,1.0312228686837226
L_1,LH_Vis_1,14.5,14.1,3.0,1.0312228686837226
L_1,LH_Vis_1,14.5,14.3,6.0,1.0341354307667878
L_1,LH_Vis_1,14.5,14.5,6.0,1.0341354307667878
L_1,LH_Vis_1,14.5,14.700000000000001,10.0,1.0393308881031658
L_1,LH_Vis_1,14.5,14.9,10.0,1.0393308881031658
L_1,LH_Vis_1,14.5,15.1,14.0,1.047196914446563
L_1,LH_Vis_1,14.5,15.3,13.0,1.0494056885156697
L_1,LH_Vis_1,14.5,15.5,17.0,1.056563604527915
L_1,LH_Vis_1,14.5,15.700000000000001,19.0,1.0691045337085516
L_1,LH_Vis_1,14.5,15.9,16.0,1.0751151351195576
L_1,LH_Vis_1,14.5,16.1,20.0,1.0860311671477763
L_1,LH_Vis_1,14.5,16.3,16.0,1.0957579404077868
L_1,LH_Vis_1,14.5,16.5,20.0,1.1083241825506929
L_1,LH_Vis_1,14.5,16.700000000000003,16.0,1.118689733112102
L_1,LH_Vis_1,14.5,16.9,20.0,1.1260998147006573
L_1,LH_Vis_1,14.5,17.1,16.0,1.1376680604838931
L_1,LH_Vis_1,14.5,17.3,20.0,1.1464283612144022
L_1,LH_Vis_1,14.5,17.5,16.0,1.15637353789357
L_1,LH_Vis_1,14.5,17.700000000000003,16.0,1.15637353789357
L_1,LH_Vis_1,14.5,17.9,12.0,1.1652662854378768
L_1,LH_Vis_1,14.700000000000001,8.1,0.0,
L_1,LH_Vis_1,14.700000000000001,8.3,0.0,
L_1,LH_Vis_1,14.700000000000001,8.5,0.0,
L_1,LH_Vis_1,14.700000000000001,8.7,0.0,
L_1,LH_Vis_1,14.700000000000001,8.9,0.0,
L_1,LH_Vis_1,14.700000000000001,9.1,0.0,
L_1,LH_Vis_1,14.700000000000001,9.3,0.0,
L_1,LH_Vis_1,14.700000000000001,9.5,0.0,
L_1,LH_Vis_1,14.700000000000001,9.7,0.0,
L_1,LH_Vis_1,14.700000000000001,9.9,0.0,
L_1,LH_Vis_1,14.700000000000001,10.1,0.0,
L_1,LH_Vis_1,14.700000000000001,10.3,0.0,
L_1,LH_Vis_1,14.700000000000001,10.5,0.0,
L_1,LH_Vis_1,14.700000000000001,10.7,0.0,
L_1,LH_Vis_1,14.700000000000001,10.9,0.0,
L_1,LH_Vis_1,14.700000000000001,11.1,0.0,
L_1,LH_Vis_1,14.700000000000001,11.3,0.0,
L_1,LH_Vis_1,14.700000000000001,11.5,0.0,
L_1,LH_Vis_1,14.700000000000001,11.7,0.0,
L_1,LH_Vis_1,14.700000000000001,11.9,0.0,
L_1,LH_Vis_1,14.700000000000001,12.1,0.0,
L_1,LH_Vis_1,14.700000000000001,12.3,0.0,
L_1,LH_Vis_1,14.700000000000001,12.5,0.0,
L_1,LH_Vis_1,14.700000000000001,12.700000000000001,0.0,
L_1,LH_Vis_1,14.700000000000001,12.9,0.0,
L_1,LH_Vis_1,14.700000000000001,13.1,0.0,
L_1,LH_Vis_1,14.700000000000001,13.3,0.0,
L_1,LH_Vis_1,14.700000000000001,13.5,1.0,
L_1,LH_Vis_1,14.700000000000001,13.700000000000001,1.0,
L_1,LH_Vis_1,14.700000000000001,13.9,3.0,1.0312228686837226
L_1,LH_Vis_1,14.700000000000001,14.1,3.0,1.0312228686837226
L_1,LH_Vis_1,14.700000000000001,14.3,6.0,1.0341354307667878
L_1,LH_Vis_1,14.700000000000001,14.5,6.0,1.0341354307667878
L_1,LH_Vis_1,14.700000000000001,14.700000000000001,10.0,1.0393308881031658
L_1,LH_Vis_1,14.700000000000001,14.9,10.0,1.0393308881031658
L_1,LH_Vis_1,14.700000000000001,15.1,15.0,1.0438093498138947
L_1,LH_Vis_1,14.700000000000001,15.3,14.0,1.0456183854043033
L_1,LH_Vis_1,14.700000000000001,15.5,19.0,1.0514180705807965
L_1,LH_Vis_1,14.700000000000001,15.700000000000001,22.0,1.0634557724264704
L_1,LH_Vis_1,14.700000000000001,15.9,19.0,1.0676254218333046
L_1,LH_Vis_1,14.700000000000001,16.1,24.0,1.0792509155652334
L_1,LH_Vis_1,14.700000000000001,16.3,20.0,1.0856762838567335
L_1,LH_Vis_1,14.700000000000001,16.5,25.0,1.0988771335048646
L_1,LH_Vis_1,14.700000000000001,16.700000000000003,20.0,1.1104048485722424
L_1,LH_Vis_1,14.700000000000001,16.9,25.0,1.1187038695715443
L_1,LH_Vis_1,14.700000000000001,17.1,20.0,1.1314655396956859
L_1,LH_Vis_1,14.700000000000001,17.3,25.0,1.1412130572328827
L_1,LH_Vis_1,14.700000000000001,17.5,20.0,1.151802851198593
L_1,LH_Vis_1,14.700000000000001,17.700000000000003,20.0,1.151802851198593
L_1,LH_Vis_1,14.700000000000001,17.9,15.0,1.1612612043492694
L_1,LH_Vis_1,14.9,8.1,0.0,
L_1,LH_Vis_1,14.9,8.3,0.0,
L_1,LH_Vis_1,14.9,8.5,0.0,
L_1,LH_Vis_1,14.9,8.7,0.0,
L_1,LH_Vis_1,14.9,8.9,0.0,
L_1,LH_Vis_1,14.9,9.1,0.0,
L_1,LH_Vis_1,14.9,9.3,0.0,
L_1,LH_Vis_1,14.9,9.5,0.0,
L_1,LH_Vis_1,14.9,9.7,0.0,
L_1,LH_Vis_1,14.9,9.9,0.0,
L_1,LH_Vis_1,14.9,10.1,0.0,
L_1,LH_Vis_1,14.9,10.3,0.0,
L_1,LH_Vis_1,14.9,10.5,0.0,
L_1,LH_Vis_1,14.9,10.7,0.0,
L_1,LH_Vis_1,14.9,10.9,0.0,
L_1,LH_Vis_1,14.9,11.1,0.0,
L_1,LH_Vis_1,14.9,11.3,0.0,
L_1,LH_Vis_1,14.9,11.5,0.0,
L_1,LH_Vis_1,14.9,11.7,0.0,
L_1,LH_Vis_1,14.9,11.9,0.0,
L_1,LH_Vis_1,14.9,12.1,0.0,
L_1,LH_Vis_1,14.9,12.3,0.0,
L_1,LH_Vis_1,14.9,12.5,0.0,
L_1,LH_Vis_1,14.9,12.700000000000001,0.0,
L_1,LH_Vis_1,14.9,12.9,0.0,
L_1,LH_Vis_1,14.9,13.1,0.0,
L_1,LH_Vis_1,14.9,13.3,0.0,
L_1,LH_Vis_1,14.9,13.5,0.0,
L_1,LH_Vis_1,14.9,13.700000000000001,0.0,
L_1,LH_Vis_1,14.9,13.9,1.0,
L_1,LH_Vis_1,14.9,14.1,1.0,
L_1,LH_Vis_1,14.9,14.3,3.0,1.029795947079398
L_1,LH_Vis_1,14.9,14.5,3.0,1.029795947079398
L_1,LH_Vis_1,14.9,14.700000000000001,6.0,1.0357255394872815
L_1,LH_Vis_1,14.9,14.9,6.0,1.0357255394872815
L_1,LH_Vis_1,14.9,15.1,10.0,1.039276048658442
L_1,LH_Vis_1,14.9,15.3,10.0,1.039276048658442
L_1,LH_Vis_1,14.9,15.5,14.0,1.0463078226195517
L_1,LH_Vis_1,14.9,15.700000000000001,17.0,1.0587507483071714
L_1,LH_Vis_1,14.9,15.9,15.0,1.0631357526509353
L_1,LH_Vis_1,14.9,16.1,19.0,1.0753685847267573
L_1,LH_Vis_1,14.9,16.3,16.0,1.081689857132681
L_1,LH_Vis_1,14.9,16.5,20.0,1.0960349090208488
L_1,LH_Vis_1,14.9,16.700000000000003,16.0,1.1088931831722655
L_1,LH_Vis_1,14.9,16.9,20.0,1.1178112920311059
L_1,LH_Vis_1,14.9,17.1,16.0,1.1312923006583009
L_1,LH_Vis_1,14.9,17.3,20.0,1.1418663757965817
L_1,LH_Vis_1,14.9,17.5,16.0,1.153075806350196
L_1,LH_Vis_1,14.9,17.700000000000003,16.0,1.153075806350196
L_1,LH_Vis_1,14.9,17.9,12.0,1.1636871734632313
L_1,LH_Vis_1,15.1,8.1,0.0,
L_1,LH_Vis_1,15.1,8.3,0.0,
L_1,LH_Vis_1,15.1,8.5,0.0,
L_1,LH_Vis_1,15.1,8.7,0.0,
L_1,LH_Vis_1,15.1,8.9,0.0,
L_1,LH_Vis_1,15.1,9.1,0.0,
L_1,LH_Vis_1,15.1,9.3,0.0,
L_1,LH_Vis_1,15.1,9.5,0.0,
L_1,LH_Vis_1,15.1,9.7,0.0,
L_1,LH_Vis_1,15.1,9.9,0.0,
L_1,LH_Vis_1,15.1,10.1,0.0,
L_1,LH_Vis_1,15.1,10.3,0.0,
L_1,LH_Vis_1,15.1,10.5,0.0,
L_1,LH_Vis_1,15.1,10.7,0.0,
L_1,LH_Vis_1,15.1,10.9,0.0,
L_1,LH_Vis_1,15.1,11.1,0.0,
L_1,LH_Vis_1,15.1,11.3,0.0,
L_1,LH_Vis_1,15.1,11.5,0.0,
L_1,LH_Vis_1,15.1,11.7,0.0,
L_1,LH_Vis_1,15.1,11.9,0.0,
L_1,LH_Vis_1,15.1,12.1,0.0,
L_1,LH_Vis_1,15.1,12.3,0.0,
L_1,LH_Vis_1,15.1,12.5,0.0,
L_1,LH_Vis_1,15.1,12.700000000000001,0.0,
L_1,LH_Vis_1,15.1,12.9,0.0,
L_1,LH_Vis_1,15.1,13.1,0.0,
L_1,LH_Vis_1,15.1,13.3,0.0,
L_1,LH_Vis_1,15.1,13.5,0.0,
L_1,LH_Vis_1,15.1,13.700000000000001,0.0,
L_1,LH_Vis_1,15.1,13.9,1.0,
L_1,LH_Vis_1,15.1,14.1,1.0,
L_1,LH_Vis_1,15.1,14.3,3.0,1.029795947079398
L_1,LH_Vis_1,15.1,14.5,3.0,1.029795947079398
L_1,LH_Vis_1,15.1,14.700000000000001,6.0,1.0357255394872815
L_1,LH_Vis_1,15.1,14.9,6.0,1.0357255394872815
L_1,LH_Vis_1,15.1,15.1,10.0,1.039276048658442
L_1,LH_Vis_1,15.1,15.3,10.0,1.039276048658442
L_1,LH_Vis_1,15.1,15.5,15.0,1.042622154219548
L_1,LH_Vis_1,15.1,15.700000000000001,19.0,1.054321477559683
L_1,LH_Vis_1,15.1,15.9,17.0,1.0576695083632994
L_1,LH_Vis_1,15.1,16.1,22.0,1.0696981492235849
L_1,LH_Vis_1,15.1,16.3,19.0,1.0741259940649144
L_1,LH_Vis_1,15.1,16.5,24.0,1.0896686740014256
L_1,LH_Vis_1,15.1,16.700000000000003,20.0,1.0986820463186744
L_1,LH_Vis_1,15.1,16.9,25.0,1.1093130741759905
L_1,LH_Vis_1,15.1,17.1,20.0,1.1243127513845483
L_1,LH_Vis_1,15.1,17.3,25.0,1.1358643631033887
L_1,LH_Vis_1,15.1,17.5,20.0,1.1483085953731824
L_1,LH_Vis_1,15.1,17.700000000000003,20.0,1.1483085953731824
L_1,LH_Vis_1,15.1,17.9,15.0,1.1608796177813916
L_1,LH_Vis_1,15.3,8.1,0.0,
L_1,LH_Vis_1,15.3,8.3,0.0,
L_1,LH_Vis_1,15.3,8.5,0.0,
L_1,LH_Vis_1,15.3,8.7,0.0,
L_1,LH_Vis_1,15.3,8.9,0.0,
L_1,LH_Vis_1,15.3,9.1,0.0,
L_1,LH_Vis_1,15.3,9.3,0.0,
L_1,LH_Vis_1,15.3,9.5,0.0,
L_1,LH_Vis_1,15.3,9.7,0.0,
L_1,LH_Vis_1,15.3,9.9,0.0,
L_1,LH_Vis_1,15.3,10.1,0.0,
L_1,LH_Vis_1,15.3,10.3,0.0,
L_1,LH_Vis_1,15.3,10.5,0.0,
L_1,LH_Vis_1,15.3,10.7,0.0,
L_1,LH_Vis_1,15.3,10.9,0.0,
L_1,LH_Vis_1,15.3,11.1,0.0,
L_1,LH_Vis_1,15.3,11.3,0.0,
L_1,LH_Vis_1,15.3,11.5,0.0,
L_1,LH_Vis_1,15.3,11.7,0.0,
L_1,LH_Vis_1,15.3,11.9,0.0,
L_1,LH_Vis_1,15.3,12.1,0.0,
L_1,LH_Vis_1,15.3,12.3,0.0,
L_1,LH_Vis_1,15.3,12.5,0.0,
L_1,LH_Vis_1,15.3,12.700000000000001,0.0,
L_1,LH_Vis_1,15.3,12.9,0.0,
L_1,LH_Vis_1,15.3,13.1,0.0,
L_1,LH_Vis_1,15.3,13.3,0.0,
L_1,LH_Vis_1,15.3,13.5,0.0,
L_1,LH_Vis_1,15.3,13.700000000000001,0.0,
L_1,LH_Vis_1,15.3,13.9,0.0,
L_1,LH_Vis_1,15.3,14.1,0.0,
L_1,LH_Vis_1,15.3,14.3,1.0,
L_1,LH_Vis_1,15.3,14.5,1.0,
L_1,LH_Vis_1,15.3,14.700000000000001,3.0,1.0228685757531732
L_1,LH_Vis_1,15.3,14.9,3.0,1.0228685757531732
L_1,LH_Vis_1,15.3,15.1,6.0,1.0279122511630436
L_1,LH_Vis_1,15.3,15.3,6.0,1.0279122511630436
L_1,LH_Vis_1,15.3,15.5,10.0,1.0305022448868577
L_1,LH_Vis_1,15.3,15.700000000000001,14.0,1.0442040991082169
L_1,LH_Vis_1,15.3,15.9,13.0,1.0475974116189737
L_1,LH_Vis_1,15.3,16.1,17.0,1.0602431595294473
L_1,LH_Vis_1,15.3,16.3,15.0,1.0637079347472973
L_1,LH_Vis_1,15.3,16.5,19.0,1.0808594197367258
L_1,LH_Vis_1,15.3,16.700000000000003,16.0,1.0898413247049408
L_1,LH_Vis_1,15.3,16.9,20.0,1.1018255338582095
L_1,LH_Vis_1,15.3,17.1,16.0,1.1186851084546174
L_1,LH_Vis_1,15.3,17.3,20.0,1.1311312253053356
L_1,LH_Vis_1,15.3,17.5,16.0,1.144299347966266
L_1,LH_Vis_1,15.3,17.700000000000003,16.0,1.144299347966266
L_1,LH_Vis_1,15.3,17.9,12.0,1.1586185172088592
L_1,LH_Vis_1,15.5,8.1,0.0,
L_1,LH_Vis_1,15.5,8.3,0.0,
L_1,LH_Vis_1,15.5,8.5,0.0,
L_1,LH_Vis_1,15.5,8.7,0.0,
L_1,LH_Vis_1,15.5,8.9,0.0,
L_1,LH_Vis_1,15.5,9.1,0.0,
L_1,LH_Vis_1,15.5,9.3,0.0,
L_1,LH_Vis_1,15.5,9.5,0.0,
L_1,LH_Vis_1,15.5,9.7,0.0,
L_1,LH_Vis_1,15.5,9.9,0.0,
L_1,LH_Vis_1,15.5,10.1,0.0,
L_1,LH_Vis_1,15.5,10.3,0.0,
L_1,LH_Vis_1,15.5,10.5,0.0,
L_1,LH_Vis_1,15.5,10.7,0.0,
L_1,LH_Vis_1,15.5,10.9,0.0,
L_1,LH_Vis_1,15.5,11.1,0.0,
L_1,LH_Vis_1,15.5,11.3,0.0,
L_1,LH_Vis_1,15.5,11.5,0.0,
L_1,LH_Vis_1,15.5,11.7,0.0,
L_1,LH_Vis_1,15.5,11.9,0.0,
L_1,LH_Vis_1,15.5,12.1,0.0,
L_1,LH_Vis_1,15.5,12.3,0.0,
L_1,LH_Vis_1,15.5,12.5,0.0,
L_1,LH_Vis_1,15.5,12.700000000000001,0.0,
L_1,LH_Vis_1,15.5,12.9,0.0,
L_1,LH_Vis_1,15.5,13.1,0.0,
L_1,LH_Vis_1,15.5,13.3,0.0,
L_1,LH_Vis_1,15.5,13.5,0.0,
L_1,LH_Vis_1,15.5,13.700000000000001,0.0,
L_1,LH_Vis_1,15.5,13.9,0.0,
L_1,LH_Vis_1,15.5,14.1,0.0,
L_1,LH_Vis_1,15.5,14.3,1.0,
L_1,LH_Vis_1,15.5,14.5,1.0,
L_1,LH_Vis_1,15.5,14.700000000000001,3.0,1.0228685757531732
L_1,LH_Vis_1,15.5,14.9,3.0,1.0228685757531732
L_1,LH_Vis_1,15.5,15.1,6.0,1.0279122511630436
L_1,LH_Vis_1,15.5,15.3,6.0,1.0279122511630436
L_1,LH_Vis_1,15.5,15.5,10.0,1.0305022448868577
L_1,LH_Vis_1,15.5,15.700000000000001,15.0,1.0427181643597578
L_1,LH_Vis_1,15.5,15.9,14.0,1.045762959209142
L_1,LH_Vis_1,15.5,16.1,19.0,1.0573435790907144
L_1,LH_Vis_1,15.5,16.3,17.0,1.0600596065842607
L_1,LH_Vis_1,15.5,16.5,22.0,1.077379969416641
L_1,LH_Vis_1,15.5,16.700000000000003,19.0,1.084394291970914
L_1,LH_Vis_1,15.5,16.9,24.0,1.0965653248088814
L_1,LH_Vis_1,15.5,17.1,20.0,1.109000942676142
L_1,LH_Vis_1,15.5,17.3,25.0,1.1222312791896534
L_1,LH_Vis_1,15.5,17.5,20.0,1.1360015981606773
L_1,LH_Vis_1,15.5,17.700000000000003,20.0,1.1360015981606773
L_1,LH_Vis_1,15.5,17.9,15.0,1.1514123592945302
L_1,LH_Vis_1,15.700000000000001,8.1,0.0,
L_1,LH_Vis_1,15.700000000000001,8.3,0.0,
L_1,LH_Vis_1,15.700000000000001,8.5,0.0,
L_1,LH_Vis_1,15.700000000000001,8.7,0.0,
L_1,LH_Vis_1,15.700000000000001,8.9,0.0,
L_1,LH_Vis_1,15.700000000000001,9.1,0.0,
L_1,LH_Vis_1,15.700000000000001,9.3,0.0,
L_1,LH_Vis_1,15.700000000000001,9.5,0.0,
L_1,LH_Vis_1,15.700000000000001,9.7,0.0,
L_1,LH_Vis_1,15.700000000000001,9.9,0.0,
L_1,LH_Vis_1,15.700000000000001,10.1,0.0,
L_1,LH_Vis_1,15.700000000000001,10.3,0.0,
L_1,LH_Vis_1,15.700000000000001,10.5,0.0,
L_1,LH_Vis_1,15.700000000000001,10.7,0.0,
L_1,LH_Vis_1,15.700000000000001,10.9,0.0,
L_1,LH_Vis_1,15.700000000000001,11.1,0.0,
L_1,LH_Vis_1,15.700000000000001,11.3,0.0,
L_1,LH_Vis_1,15.700000000000001,11.5,0.0,
L_1,LH_Vis_1,15.700000000000001,11.7,0.0,
L_1,LH_Vis_1,15.700000000000001,11.9,0.0,
L_1,LH_Vis_1,15.700000000000001,12.1,0.0,
L_1,LH_Vis_1,15.700000000000001,12.3,0.0,
L_1,LH_Vis_1,15.700000000000001,12.5,0.0,
L_1,LH_Vis_1,15.700000000000001,12.700000000000001,0.0,
L_1,LH_Vis_1,15.700000000000001,12.9,0.0,
L_1,LH_Vis_1,15.700000000000001,13.1,0.0,
L_1,LH_Vis_1,15.700000000000001,13.3,0.0,
L_1,LH_Vis_1,15.700000000000001,13.5,0.0,
L_1,LH_Vis_1,15.700000000000001,13.700000000000001,0.0,
L_1,LH_Vis_1,15.700000000000001,13.9,0.0,
L_1,LH_Vis_1,15.700000000000001,14.1,0.0,
L_1,LH_Vis_1,15.700000000000001,14.3,0.0,
L_1,LH_Vis_1,15.700000000000001,14.5,0.0,
L_1,LH_Vis_1,15.700000000000001,14.700000000000001,1.0,
L_1,LH_Vis_1,15.700000000000001,14.9,1.0,
L_1,LH_Vis_1,15.700000000000001,15.1,3.0,1.021193576856195
L_1,LH_Vis_1,15.700000000000001,15.3,3.0,1.021193576856195
L_1,LH_Vis_1,15.700000000000001,15.5,6.0,1.0233093472707804
L_1,LH_Vis_1,15.700000000000001,15.700000000000001,10.0,1.0366827839359445
L_1,LH_Vis_1,15.700000000000001,15.9,10.0,1.0366827839359445
L_1,LH_Vis_1,15.700000000000001,16.1,15.0,1.0470756940417085
L_1,LH_Vis_1,15.700000000000001,16.3,14.0,1.0486729494066167
L_1,LH_Vis_1,15.700000000000001,16.5,19.0,1.065562209684469
L_1,LH_Vis_1,15.700000000000001,16.700000000000003,17.0,1.0709891395511364
L_1,LH_Vis_1,15.700000000000001,16.9,22.0,1.084109608149203
L_1,LH_Vis_1,15.700000000000001,17.1,19.0,1.0933755803277034
L_1,LH_Vis_1,15.700000000000001,17.3,24.0,1.1080721983340538
L_1,LH_Vis_1,15.700000000000001,17.5,20.0,1.1183380502141262
L_1,LH_Vis_1,15.700000000000001,17.700000000000003,20.0,1.1183380502141262
L_1,LH_Vis_1,15.700000000000001,17.9,15.0,1.1351635622010896
L_1,LH_Vis_1,15.9,8.1,0.0,
L_1,LH_Vis_1,15.9,8.3,0.0,
L_1,LH_Vis_1,15.9,8.5,0.0,
L_1,LH_Vis_1,15.9,8.7,0.0,
L_1,LH_Vis_1,15.9,8.9,0.0,
L_1,LH_Vis_1,15.9,9.1,0.0,
L_1,LH_Vis_1,15.9,9.3,0.0,
L_1,LH_Vis_1,15.9,9.5,0.0,
L_1,LH_Vis_1,15.9,9.7,0.0,
L_1,LH_Vis_1,15.9,9.9,0.0,
L_1,LH_Vis_1,15.9,10.1,0.0,
L_1,LH_Vis_1,15.9,10.3,0.0,
L_1,LH_Vis_1,15.9,10.5,0.0,
L_1,LH_Vis_1,15.9,10.7,0.0,
L_1,LH_Vis_1,15.9,10.9,0.0,
L_1,LH_Vis_1,15.9,11.1,0.0,
L_1,LH_Vis_1,15.9,11.3,0.0,
L_1,LH_Vis_1,15.9,11.5,0.0,
L_1,LH_Vis_1,15.9,11.7,0.0,
L_1,LH_Vis_1,15.9,11.9,0.0,
L_1,LH_Vis_1,15.9,12.1,0.0,
L_1,LH_Vis_1,15.9,12.3,0.0,
L_1,LH_Vis_1,15.9,12.5,0.0,
L_1,LH_Vis_1,15.9,12.700000000000001,0.0,
L_1,LH_Vis_1,15.9,12.9,0.0,
L_1,LH_Vis_1,15.9,13.1,0.0,
L_1,LH_Vis_1,15.9,13.3,0.0,
L_1,LH_Vis_1,15.9,13.5,0.0,
L_1,LH_Vis_1,15.9,13.700000000000001,0.0,
L_1,LH_Vis_1,15.9,13.9,0.0,
L_1,LH_Vis_1,15.9,14.1,0.0,
L_1,LH_Vis_1,15.9,14.3,0.0,
L_1,LH_Vis_1,15.9,14.5,0.0,
L_1,LH_Vis_1,15.9,14.700000000000001,0.0,
L_1,LH_Vis_1,15.9,14.9,0.0,
L_1,LH_Vis_1,15.9,15.1,1.0,
L_1,LH_Vis_1,15.9,15.3,1.0,
L_1,LH_Vis_1,15.9,15.5,3.0,1.0021282868933585
L_1,LH_Vis_1,15.9,15.700000000000001,6.0,1.0230502138688766
L_1,LH_Vis_1,15.9,15.9,6.0,1.0230502138688766
L_1,LH_Vis_1,15.9,16.1,10.0,1.0360660330184666
L_1,LH_Vis_1,15.9,16.3,10.0,1.0360660330184666
L_1,LH_Vis_1,15.9,16.5,14.0,1.054342635891332
L_1,LH_Vis_1,15.9,16.700000000000003,13.0,1.0588010351940083
L_1,LH_Vis_1,15.9,16.9,17.0,1.073162626684413
L_1,LH_Vis_1,15.9,17.1,15.0,1.0822508825274324
L_1,LH_Vis_1,15.9,17.3,19.0,1.097858038290588
L_1,LH_Vis_1,15.9,17.5,16.0,1.1079616440617492
L_1,LH_Vis_1,15.9,17.700000000000003,16.0,1.1079616440617492
L_1,LH_Vis_1,15.9,17.9,12.0,1.1254189381680482
L_1,LH_Vis_1,16.1,8.1,0.0,
L_1,LH_Vis_1,16.1,8.3,0.0,
L_1,LH_Vis_1,16.1,8.5,0.0,
L_1,LH_Vis_1,16.1,8.7,0.0,
L_1,LH_Vis_1,16.1,8.9,0.0,
L_1,LH_Vis_1,16.1,9.1,0.0,
L_1,LH_Vis_1,16.1,9.3,0.0,
L_1,LH_Vis_1,16.1,9.5,0.0,
L_1,LH_Vis_1,16.1,9.7,0.0,
L_1,LH_Vis_1,16.1,9.9,0.0,
L_1,LH_Vis_1,16.1,10.1,0.0,
L_1,LH_Vis_1,16.1,10.3,0.0,
L_1,LH_Vis_1,16.1,10.5,0.0,
L_1,LH_Vis_1,16.1,10.7,0.0,
L_1,LH_Vis_1,16.1,10.9,0.0,
L_1,LH_Vis_1,16.1,11.1,0.0,
L_1,LH_Vis_1,16.1,11.3,0.0,
L_1,LH_Vis_1,16.1,11.5,0.0,
L_1,LH_Vis_1,16.1,11.7,0.0,
L_1,LH_Vis_1,16.1,11.9,0.0,
L_1,LH_Vis_1,16.1,12.1,0.0,
L_1,LH_Vis_1,16.1,12.3,0.0,
L_1,LH_Vis_1,16.1,12.5,0.0,
L_1,LH_Vis_1,16.1,12.700000000000001,0.0,
L_1,LH_Vis_1,16.1,12.9,0.0,
L_1,LH_Vis_1,16.1,13.1,0.0,
L_1,LH_Vis_1,16.1,13.3,0.0,
L_1,LH_Vis_1,16.1,13.5,0.0,
L_1,LH_Vis_1,16.1,13.700000000000001,0.0,
L_1,LH_Vis_1,16.1,13.9,0.0,
L_1,LH_Vis_1,16.1,14.1,0.0,
L_1,LH_Vis_1,16.1,14.3,0.0,
L_1,LH_Vis_1,16.1,14.5,0.0,
L_1,LH_Vis_1,16.1,14.700000000000001,0.0,
L_1,LH_Vis_1,16.1,14.9,0.0,
L_1,LH_Vis_1,16.1,15.1,1.0,
L_1,LH_Vis_1,16.1,15.3,1.0,
L_1,LH_Vis_1,16.1,15.5,3.0,1.0021282868933585
L_1,LH_Vis_1,16.1,15.700000000000001,6.0,1.0230502138688766
L_1,LH_Vis_1,16.1,15.9,6.0,1.0230502138688766
L_1,LH_Vis_1,16.1,16.1,10.0,1.0360660330184666
L_1,LH_Vis_1,16.1,16.3,10.0,1.0360660330184666
L_1,LH_Vis_1,16.1,16.5,15.0,1.051614449202316
L_1,LH_Vis_1,16.1,16.700000000000003,14.0,1.0555595209341573
L_1,LH_Vis_1,16.1,16.9,19.0,1.0672970669944084
L_1,LH_Vis_1,16.1,17.1,17.0,1.074626050421778
L_1,LH_Vis_1,16.1,17.3,22.0,1.090150806195867
L_1,LH_Vis_1,16.1,17.5,19.0,1.0974421744092573
L_1,LH_Vis_1,16.1,17.700000000000003,19.0,1.0974421744092573
L_1,LH_Vis_1,16.1,17.9,15.0,1.1086028177869653
L_1,LH_Vis_1,16.3,8.1,0.0,
L_1,LH_Vis_1,16.3,8.3,0.0,
L_1,LH_Vis_1,16.3,8.5,0.0,
L_1,LH_Vis_1,16.3,8.7,0.0,
L_1,LH_Vis_1,16.3,8.9,0.0,
L_1,LH_Vis_1,16.3,9.1,0.0,
L_1,LH_Vis_1,16.3,9.3,0.0,
L_1,LH_Vis_1,16.3,9.5,0.0,
L_1,LH_Vis_1,16.3,9.7,0.0,
L_1,LH_Vis_1,16.3,9.9,0.0,
L_1,LH_Vis_1,16.3,10.1,0.0,
L_1,LH_Vis_1,16.3,10.3,0.0,
L_1,LH_Vis_1,16.3,10.5,0.0,
L_1,LH_Vis_1,16.3,10.7,0.0,
L_1,LH_Vis_1,16.3,10.9,0.0,
L_1,LH_Vis_1,16.3,11.1,0.0,
L_1,LH_Vis_1,16.3,11.3,0.0,
L_1,LH_Vis_1,16.3,11.5,0.0,
L_1,LH_Vis_1,16.3,11.7,0.0,
L_1,LH_Vis_1,16.3,11.9,0.0,
L_1,LH_Vis_1,16.3,12.1,0.0,
L_1,LH_Vis_1,16.3,12.3,0.0,
L_1,LH_Vis_1,16.3,12.5,0.0,
L_1,LH_Vis_1,16.3,12.700000000000001,0.0,
L_1,LH_Vis_1,16.3,12.9,0.0,
L_1,LH_Vis_1,16.3,13.1,0.0,
L_1,LH_Vis_1,16.3,13.3,0.0,
L_1,LH_Vis_1,16.3,13.5,0.0,
L_1,LH_Vis_1,16.3,13.700000000000001,0.0,
L_1,LH_Vis_1,16.3,13.9,0.0,
L_1,LH_Vis_1,16.3,14.1,0.0,
L_1,LH_Vis_1,16.3,14.3,0.0,
L_1,LH_Vis_1,16.3,14.5,0.0,
L_1,LH_Vis_1,16.3,14.700000000000001,0.0,
L_1,LH_Vis_1,16.3,14.9,0.0,
L_1,LH_Vis_1,16.3,15.1,0.0,
L_1,LH_Vis_1,16.3,15.3,0.0,
L_1,LH_Vis_1,16.3,15.5,1.0,
L_1,LH_Vis_1,16.3,15.700000000000001,3.0,1.018420143431131
L_1,LH_Vis_1,16.3,15.9,3.0,1.018420143431131
L_1,LH_Vis_1,16.3,16.1,6.0,1.029876949929097
L_1,LH_Vis_1,16.3,16.3,6.0,1.029876949929097
L_1,LH_Vis_1,16.3,16.5,10.0,1.0468772051426984
L_1,LH_Vis_1,16.3,16.700000000000003,10.0,1.0468772051426984
L_1,LH_Vis_1,16.3,16.9,14.0,1.0595031305441636
L_1,LH_Vis_1,16.3,17.1,13.0,1.0647708485383687
L_1,LH_Vis_1,16.3,17.3,17.0,1.081268148810297
L_1,LH_Vis_1,16.3,17.5,15.0,1.08782139307341
L_1,LH_Vis_1,16.3,17.700000000000003,15.0,1.08782139307341
L_1,LH_Vis_1,16.3,17.9,12.0,1.0994433022349965
L_1,LH_Vis_1,16.5,8.1,0.0,
L_1,LH_Vis_1,16.5,8.3,0.0,
L_1,LH_Vis_1,16.5,8.5,0.0,
L_1,LH_Vis_1,16.5,8.7,0.0,
L_1,LH_Vis_1,16.5,8.9,0.0,
L_1,LH_Vis_1,16.5,9.1,0.0,
L_1,LH_Vis_1,16.5,9.3,0.0,
L_1,LH_Vis_1,16.5,9.5,0.0,
L_1,LH_Vis_1,16.5,9.7,0.0,
L_1,LH_Vis_1,16.5,9.9,0.0,
L_1,LH_Vis_1,16.5,10.1,0.0,
L_1,LH_Vis_1,16.5,10.3,0.0,
L_1,LH_Vis_1,16.5,10.5,0.0,
L_1,LH_Vis_1,16.5,10.7,0.0,
L_1,LH_Vis_1,16.5,10.9,0.0,
L_1,LH_Vis_1,16.5,11.1,0.0,
L_1,LH_Vis_1,16.5,11.3,0.0,
L_1,LH_Vis_1,16.5,11.5,0.0,
L_1,LH_Vis_1,16.5,11.7,0.0,
L_1,LH_Vis_1,16.5,11.9,0.0,
L_1,LH_Vis_1,16.5,12.1,0.0,
L_1,LH_Vis_1,16.5,12.3,0.0,
L_1,LH_Vis_1,16.5,12.5,0.0,
L_1,LH_Vis_1,16.5,12.700000000000001,0.0,
L_1,LH_Vis_1,16.5,12.9,0.0,
L_1,LH_Vis_1,16.5,13.1,0.0,
L_1,LH_Vis_1,16.5,13.3,0.0,
L_1,LH_Vis_1,16.5,13.5,0.0,
L_1,LH_Vis_1,16.5,13.700000000000001,0.0,
L_1,LH_Vis_1,16.5,13.9,0.0,
L_1,LH_Vis_1,16.5,14.1,0.0,
L_1,LH_Vis_1,16.5,14.3,0.0,
L_1,LH_Vis_1,16.5,14.5,0.0,
L_1,LH_Vis_1,16.5,14.700000000000001,0.0,
L_1,LH_Vis_1,16.5,14.9,0.0,
L_1,LH_Vis_1,16.5,15.1,0.0,
L_1,LH_Vis_1,16.5,15.3,0.0,
L_1,LH_Vis_1,16.5,15.5,1.0,
L_1,LH_Vis_1,16.5,15.700000000000001,3.0,1.018420143431131
L_1,LH_Vis_1,16.5,15.9,3.0,1.018420143431131
L_1,LH_Vis_1,16.5,16.1,6.0,1.029876949929097
L_1,LH_Vis_1,16.5,16.3,6.0,1.029876949929097
L_1,LH_Vis_1,16.5,16.5,10.0,1.0468772051426984
L_1,LH_Vis_1,16.5,16.700000000000003,10.0,1.0468772051426984
L_1,LH_Vis_1,16.5,16.9,15.0,1.0545640934153384
L_1,LH_Vis_1,16.5,17.1,14.0,1.0591027574721843
L_1,LH_Vis_1,16.5,17.3,19.0,1.0732666707163296
L_1,LH_Vis_1,16.5,17.5,17.0,1.078107594702139
L_1,LH_Vis_1,16.5,17.700000000000003,17.0,1.078107594702139
L_1,LH_Vis_1,16.5,17.9,14.0,1.0859877029039409
L_1,LH_Vis_1,16.700000000000003,8.1,0.0,
L_1,LH_Vis_1,16.700000000000003,8.3,0.0,
L_1,LH_Vis_1,16.700000000000003,8.5,0.0,
L_1,LH_Vis_1,16.700000000000003,8.7,0.0,
L_1,LH_Vis_1,16.700000000000003,8.9,0.0,
L_1,LH_Vis_1,16.700000000000003,9.1,0.0,
L_1,LH_Vis_1,16.700000000000003,9.3,0.0,
L_1,LH_Vis_1,16.700000000000003,9.5,0.0,
L_1,LH_Vis_1,16.700000000000003,9.7,0.0,
L_1,LH_Vis_1,16.700000000000003,9.9,0.0,
L_1,LH_Vis_1,16.700000000000003,10.1,0.0,
L_1,LH_Vis_1,16.700000000000003,10.3,0.0,
L_1,LH_Vis_1,16.700000000000003,10.5,0.0,
L_1,LH_Vis_1,16.700000000000003,10.7,0.0,
L_1,LH_Vis_1,16.700000000000003,10.9,0.0,
L_1,LH_Vis_1,16.700000000000003,11.1,0.0,
L_1,LH_Vis_1,16.700000000000003,11.3,0.0,
L_1,LH_Vis_1,16.700000000000003,11.5,0.0,
L_1,LH_Vis_1,16.700000000000003,11.7,0.0,
L_1,LH_Vis_1,16.700000000000003,11.9,0.0,
L_1,LH_Vis_1,16.700000000000003,12.1,0.0,
L_1,LH_Vis_1,16.700000000000003,12.3,0.0,
L_1,LH_Vis_1,16.700000000000003,12.5,0.0,
L_1,LH_Vis_1,16.700000000000003,12.700000000000001,0.0,
L_1,LH_Vis_1,16.700000000000003,12.9,0.0,
L_1,LH_Vis_1,16.700000000000003,13.1,0.0,
L_1,LH_Vis_1,16.700000000000003,13.3,0.0,
L_1,LH_Vis_1,16.700000000000003,13.5,0.0,
L_1,LH_Vis_1,16.700000000000003,13.700000000000001,0.0,
L_1,LH_Vis_1,16.700000000000003,13.9,0.0,
L_1,LH_Vis_1,16.700000000000003,14.1,0.0,
L_1,LH_Vis_1,16.700000000000003,14.3,0.0,
L_1,LH_Vis_1,16.700000000000003,14.5,0.0,
L_1,LH_Vis_1,16.700000000000003,14.700000000000001,0.0,
L_1,LH_Vis_1,16.700000000000003,14.9,0.0,
L_1,LH_Vis_1,16.700000000000003,15.1,0.0,
L_1,LH_Vis_1,16.700000000000003,15.3,0.0,
L_1,LH_Vis_1,16.700000000000003,15.5,0.0,
L_1,LH_Vis_1,16.700000000000003,15.700000000000001,1.0,
L_1,LH_Vis_1,16.700000000000003,15.9,1.0,
L_1,LH_Vis_1,16.700000000000003,16.1,3.0,1.0259685088213684
L_1,LH_Vis_1,16.700000000000003,16.3,3.0,1.0259685088213684
L_1,LH_Vis_1,16.700000000000003,16.5,6.0,1.0395703426349572
L_1,LH_Vis_1,16.700000000000003,16.700000000000003,6.0,1.0395703426349572
L_1,LH_Vis_1,16.700000000000003,16.9,10.0,1.0441860387452426
L_1,LH_Vis_1,16.700000000000003,17.1,10.0,1.0441860387452426
L_1,LH_Vis_1,16.700000000000003,17.3,14.0,1.059484655854084
L_1,LH_Vis_1,16.700000000000003,17.5,13.0,1.0623746233904496
L_1,LH_Vis_1,16.700000000000003,17.700000000000003,13.0,1.0623746233904496
L_1,LH_Vis_1,16.700000000000003,17.9,11.0,1.068625423226643
L_1,LH_Vis_1,16.9,8.1,0.0,
L_1,LH_Vis_1,16.9,8.3,0.0,
L_1,LH_Vis_1,16.9,8.5,0.0,
L_1,LH_Vis_1,16.9,8.7,0.0,
L_1,LH_Vis_1,16.9,8.9,0.0,
L_1,LH_Vis_1,16.9,9.1,0.0,
L_1,LH_Vis_1,16.9,9.3,0.0,
L_1,LH_Vis_1,16.9,9.5,0.0,
L_1,LH_Vis_1,16.9,9.7,0.0,
L_1,LH_Vis_1,16.9,9.9,0.0,
L_1,LH_Vis_1,16.9,10.1,0.0,
L_1,LH_Vis_1,16.9,10.3,0.0,
L_1,LH_Vis_1,16.9,10.5,0.0,
L_1,LH_Vis_1,16.9,10.7,0.0,
L_1,LH_Vis_1,16.9,10.9,0.0,
L_1,LH_Vis_1,16.9,11.1,0.0,
L_1,LH_Vis_1,16.9,11.3,0.0,
L_1,LH_Vis_1,16.9,11.5,0.0,
L_1,LH_Vis_1,16.9,11.7,0.0,
L_1,LH_Vis_1,16.9,11.9,0.0,
L_1,LH_Vis_1,16.9,12.1,0.0,
L_1,LH_Vis_1,16.9,12.3,0.0,
L_1,LH_Vis_1,16.9,12.5,0.0,
L_1,LH_Vis_1,16.9,12.700000000000001,0.0,
L_1,LH_Vis_1,16.9,12.9,0.0,
L_1,LH_Vis_1,16.9,13.1,0.0,
L_1,LH_Vis_1,16.9,13.3,0.0,
L_1,LH_Vis_1,16.9,13.5,0.0,
L_1,LH_Vis_1,16.9,13.700000000000001,0.0,
L_1,LH_Vis_1,16.9,13.9,0.0,
L_1,LH_Vis_1,16.9,14.1,0.0,
L_1,LH_Vis_1,16.9,14.3,0.0,
L_1,LH_Vis_1,16.9,14.5,0.0,
L_1,LH_Vis_1,16.9,14.700000000000001,0.0,
L_1,LH_Vis_1,16.9,14.9,0.0,
L_1,LH_Vis_1,16.9,15.1,0.0,
L_1,LH_Vis_1,16.9,15.3,0.0,
L_1,LH_Vis_1,16.9,15.5,0.0,
L_1,LH_Vis_1,16.9,15.700000000000001,1.0,
L_1,LH_Vis_1,16.9,15.9,1.0,
L_1,LH_Vis_1,16.9,16.1,3.0,1.0259685088213684
L_1,LH_Vis_1,16.9,16.3,3.0,1.0259685088213684
L_1,LH_Vis_1,16.9,16.5,6.0,1.0395703426349572
L_1,LH_Vis_1,16.9,16.700000000000003,6.0,1.0395703426349572
L_1,LH_Vis_1,16.9,16.9,10.0,1.0441860387452426
L_1,LH_Vis_1,16.9,17.1,10.0,1.0441860387452426
L_1,LH_Vis_1,16.9,17.3,15.0,1.0564467487127385
L_1,LH_Vis_1,16.9,17.5,14.0,1.0589132966292676
L_1,LH_Vis_1,16.9,17.700000000000003,14.0,1.0589132966292676
L_1,LH_Vis_1,16.9,17.9,12.0,1.0640663086855813
L_1,LH_Vis_1,17.1,8.1,0.0,
L_1,LH_Vis_1,17.1,8.3,0.0,
L_1,LH_Vis_1,17.1,8.5,0.0,
L_1,LH_Vis_1,17.1,8.7,0.0,
L_1,LH_Vis_1,17.1,8.9,0.0,
L_1,LH_Vis_1,17.1,9.1,0.0,
L_1,LH_Vis_1,17.1,9.3,0.0,
L_1,LH_Vis_1,17.1,9.5,0.0,
L_1,LH_Vis_1,17.1,9.7,0.0,
L_1,LH_Vis_1,17.1,9.9,0.0,
L_1,LH_Vis_1,17.1,10.1,0.0,
L_1,LH_Vis_1,17.1,10.3,0.0,
L_1,LH_Vis_1,17.1,10.5,0.0,
L_1,LH_Vis_1,17.1,10.7,0.0,
L_1,LH_Vis_1,17.1,10.9,0.0,
L_1,LH_Vis_1,17.1,11.1,0.0,
L_1,LH_Vis_1,17.1,11.3,0.0,
L_1,LH_Vis_1,17.1,11.5,0.0,
L_1,LH_Vis_1,17.1,11.7,0.0,
L_1,LH_Vis_1,17.1,11.9,0.0,
L_1,LH_Vis_1,17.1,12.1,0.0,
L_1,LH_Vis_1,17.1,12.3,0.0,
L_1,LH_Vis_1,17.1,12.5,0.0,
L_1,LH_Vis_1,17.1,12.700000000000001,0.0,
L_1,LH_Vis_1,17.1,12.9,0.0,
L_1,LH_Vis_1,17.1,13.1,0.0,
L_1,LH_Vis_1,17.1,13.3,0.0,
L_1,LH_Vis_1,17.1,13.5,0.0,
L_1,LH_Vis_1,17.1,13.700000000000001,0.0,
L_1,LH_Vis_1,17.1,13.9,0.0,
L_1,LH_Vis_1,17.1,14.1,0.0,
L_1,LH_Vis_1,17.1,14.3,0.0,
L_1,LH_Vis_1,17.1,14.5,0.0,
L_1,LH_Vis_1,17.1,14.700000000000001,0.0,
L_1,LH_Vis_1,17.1,14.9,0.0,
L_1,LH_Vis_1,17.1,15.1,0.0,
L_1,LH_Vis_1,17.1,15.3,0.0,
L_1,LH_Vis_1,17.1,15.5,0.0,
L_1,LH_Vis_1,17.1,15.700000000000001,0.0,
L_1,LH_Vis_1,17.1,15.9,0.0,
L_1,LH_Vis_1,17.1,16.1,1.0,
L_1,LH_Vis_1,17.1,16.3,1.0,
L_1,LH_Vis_1,17.1,16.5,3.0,1.0237972345471438
L_1,LH_Vis_1,17.1,16.700000000000003,3.0,1.0237972345471438
L_1,LH_Vis_1,17.1,16.9,6.0,1.0268005448672441
L_1,LH_Vis_1,17.1,17.1,6.0,1.0268005448672441
L_1,LH_Vis_1,17.1,17.3,10.0,1.0413543757056463
L_1,LH_Vis_1,17.1,17.5,10.0,1.0413543757056463
L_1,LH_Vis_1,17.1,17.700000000000003,10.0,1.0413543757056463
L_1,LH_Vis_1,17.1,17.9,9.0,1.044559169035037
L_1,LH_Vis_1,17.3,8.1,0.0,
L_1,LH_Vis_1,17.3,8.3,0.0,
L_1,LH_Vis_1,17.3,8.5,0.0,
L_1,LH_Vis_1,17.3,8.7,0.0,
L_1,LH_Vis_1,17.3,8.9,0.0,
L_1,LH_Vis_1,17.3,9.1,0.0,
L_1,LH_Vis_1,17.3,9.3,0.0,
L_1,LH_Vis_1,17.3,9.5,0.0,
L_1,LH_Vis_1,17.3,9.7,0.0,
L_1,LH_Vis_1,17.3,9.9,0.0,
L_1,LH_Vis_1,17.3,10.1,0.0,
L_1,LH_Vis_1,17.3,10.3,0.0,
L_1,LH_Vis_1,17.3,10.5,0.0,
L_1,LH_Vis_1,17.3,10.7,0.0,
L_1,LH_Vis_1,17.3,10.9,0.0,
L_1,LH_Vis_1,17.3,11.1,0.0,
L_1,LH_Vis_1,17.3,11.3,0.0,
L_1,LH_Vis_1,17.3,11.5,0.0,
L_1,LH_Vis_1,17.3,11.7,0.0,
L_1,LH_Vis_1,17.3,11.9,0.0,
L_1,LH_Vis_1,17.3,12.1,0.0,
L_1,LH_Vis_1,17.3,12.3,0.0,
L_1,LH_Vis_1,17.3,12.5,0.0,
L_1,LH_Vis_1,17.3,12.700000000000001,0.0,
L_1,LH_Vis_1,17.3,12.9,0.0,
L_1,LH_Vis_1,17.3,13.1,0.0,
L_1,LH_Vis_1,17.3,13.3,0.0,
L_1,LH_Vis_1,17.3,13.5,0.0,
L_1,LH_Vis_1,17.3,13.700000000000001,0.0,
L_1,LH_Vis_1,17.3,13.9,0.0,
L_1,LH_Vis_1,17.3,14.1,0.0,
L_1,LH_Vis_1,17.3,14.3,0.0,
L_1,LH_Vis_1,17.3,14.5,0.0,
L_1,LH_Vis_1,17.3,14.700000000000001,0.0,
L_1,LH_Vis_1,17.3,14.9,0.0,
L_1,LH_Vis_1,17.3,15.1,0.0,
L_1,LH_Vis_1,17.3,15.3,0.0,
L_1,LH_Vis_1,17.3,15.5,0.0,
L_1,LH_Vis_1,17.3,15.700000000000001,0.0,
L_1,LH_Vis_1,17.3,15.9,0.0,
L_1,LH_Vis_1,17.3,16.1,1.0,
L_1,LH_Vis_1,17.3,16.3,1.0,
L_1,LH_Vis_1,17.3,16.5,3.0,1.0237972345471438
L_1,LH_Vis_1,17.3,16.700000000000003,3.0,1.0237972345471438
L_1,LH_Vis_1,17.3,16.9,6.0,1.0268005448672441
L_1,LH_Vis_1,17.3,17.1,6.0,1.0268005448672441
L_1,LH_Vis_1,17.3,17.3,10.0,1.0413543757056463
L_1,LH_Vis_1,17.3,17.5,10.0,1.0413543757056463
L_1,LH_Vis_1,17.3,17.700000000000003,10.0,1.0413543757056463
L_1,LH_Vis_1,17.3,17.9,9.0,1.044559169035037
L_1,LH_Vis_1,17.5,8.1,0.0,
L_1,LH_Vis_1,17.5,8.3,0.0,
L_1,LH_Vis_1,17.5,8.5,0.0,
L_1,LH_Vis_1,17.5,8.7,0.0,
L_1,LH_Vis_1,17.5,8.9,0.0,
L_1,LH_Vis_1,17.5,9.1,0.0,
L_1,LH_Vis_1,17.5,9.3,0.0,
L_1,LH_Vis_1,17.5,9.5,0.0,
L_1,LH_Vis_1,17.5,9.7,0.0,
L_1,LH_Vis_1,17.5,9.9,0.0,
L_1,LH_Vis_1,17.5,10.1,0.0,
L_1,LH_Vis_1,17.5,10.3,0.0,
L_1,LH_Vis_1,17.5,10.5,0.0,
L_1,LH_Vis_1,17.5,10.7,0.0,
L_1,LH_Vis_1,17.5,10.9,0.0,
L_1,LH_Vis_1,17.5,11.1,0.0,
L_1,LH_Vis_1,17.5,11.3,0.0,
L_1,LH_Vis_1,17.5,11.5,0.0,
L_1,LH_Vis_1,17.5,11.7,0.0,
L_1,LH_Vis_1,17.5,11.9,0.0,
L_1,LH_Vis_1,17.5,12.1,0.0,
L_1,LH_Vis_1,17.5,12.3,0.0,
L_1,LH_Vis_1,17.5,12.5,0.0,
L_1,LH_Vis_1,17.5,12.700000000000001,0.0,
L_1,LH_Vis_1,17.5,12.9,0.0,
L_1,LH_Vis_1,17.5,13.1,0.0,
L_1,LH_Vis_1,17.5,13.3,0.0,
L_1,LH_Vis_1,17.5,13.5,0.0,
L_1,LH_Vis_1,17.5,13.700000000000001,0.0,
L_1,LH_Vis_1,17.5,13.9,0.0,
L_1,LH_Vis_1,17.5,14.1,0.0,
L_1,LH_Vis_1,17.5,14.3,0.0,
L_1,LH_Vis_1,17.5,14.5,0.0,
L_1,LH_Vis_1,17.5,14.700000000000001,0.0,
L_1,LH_Vis_1,17.5,14.9,0.0,
L_1,LH_Vis_1,17.5,15.1,0.0,
L_1,LH_Vis_1,17.5,15.3,0.0,
L_1,LH_Vis_1,17.5,15.5,0.0,
L_1,LH_Vis_1,17.5,15.700000000000001,0.0,
L_1,LH_Vis_1,17.5,15.9,0.0,
L_1,LH_Vis_1,17.5,16.1,0.0,
L_1,LH_Vis_1,17.5,16.3,0.0,
L_1,LH_Vis_1,17.5,16.5,1.0,
L_1,LH_Vis_1,17.5,16.700000000000003,1.0,
L_1,LH_Vis_1,17.5,16.9,3.0,1.0067657309568414
L_1,LH_Vis_1,17.5,17.1,3.0,1.0067657309568414
L_1,LH_Vis_1,17.5,17.3,6.0,1.024739878559502
L_1,LH_Vis_1,17.5,17.5,6.0,1.024739878559502
L_1,LH_Vis_1,17.5,17.700000000000003,6.0,1.024739878559502
L_1,LH_Vis_1,17.5,17.9,6.0,1.024739878559502
L_1,LH_Vis_1,17.700000000000003,8.1,0.0,
L_1,LH_Vis_1,17.700000000000003,8.3,0.0,
L_1,LH_Vis_1,17.700000000000003,8.5,0.0,
L_1,LH_Vis_1,17.700000000000003,8.7,0.0,
L_1,LH_Vis_1,17.700000000000003,8.9,0.0,
L_1,LH_Vis_1,17.700000000000003,9.1,0.0,
L_1,LH_Vis_1,17.700000000000003,9.3,0.0,
L_1,LH_Vis_1,17.700000000000003,9.5,0.0,
L_1,LH_Vis_1,17.700000000000003,9.7,0.0,
L_1,LH_Vis_1,17.700000000000003,9.9,0.0,
L_1,LH_Vis_1,17.700000000000003,10.1,0.0,
L_1,LH_Vis_1,17.700000000000003,10.3,0.0,
L_1,LH_Vis_1,17.700000000000003,10.5,0.0,
L_1,LH_Vis_1,17.700000000000003,10.7,0.0,
L_1,LH_Vis_1,17.700000000000003,10.9,0.0,
L_1,LH_Vis_1,17.700000000000003,11.1,0.0,
L_1,LH_Vis_1,17.700000000000003,11.3,0.0,
L_1,LH_Vis_1,17.700000000000003,11.5,0.0,
L_1,LH_Vis_1,17.700000000000003,11.7,0.0,
L_1,LH_Vis_1,17.700000000000003,11.9,0.0,
L_1,LH_Vis_1,17.700000000000003,12.1,0.0,
L_1,LH_Vis_1,17.700000000000003,12.3,0.0,
L_1,LH_Vis_1,17.700000000000003,12.5,0.0,
L_1,LH_Vis_1,17.700000000000003,12.700000000000001,0.0,
L_1,LH_Vis_1,17.700000000000003,12.9,0.0,
L_1,LH_Vis_1,17.700000000000003,13.1,0.0,
L_1,LH_Vis_1,17.700000000000003,13.3,0.0,
L_1,LH_Vis_1,17.700000000000003,13.5,0.0,
L_1,LH_Vis_1,17.700000000000003,13.700000000000001,0.0,
L_1,LH_Vis_1,17.700000000000003,13.9,0.0,
L_1,LH_Vis_1,17.700000000000003,14.1,0.0,
L_1,LH_Vis_1,17.700000000000003,14.3,0.0,
L_1,LH_Vis_1,17.700000000000003,14.5,0.0,
L_1,LH_Vis_1,17.700000000000003,14.700000000000001,0.0,
L_1,LH_Vis_1,17.700000000000003,14.9,0.0,
L_1,LH_Vis_1,17.700000000000003,15.1,0.0,
L_1,LH_Vis_1,17.700000000000003,15.3,0.0,
L_1,LH_Vis_1,17.700000000000003,15.5,0.0,
L_1,LH_Vis_1,17.700000000000003,15.700000000000001,0.0,
L_1,LH_Vis_1,17.700000000000003,15.9,0.0,
L_1,LH_Vis_1,17.700000000000003,16.1,0.0,
L_1,LH_Vis_1,17.700000000000003,16.3,0.0,
L_1,LH_Vis_1,17.700000000000003,16.5,1.0,
L_1,LH_Vis_1,17.700000000000003,16.700000000000003,1.0,
L_1,LH_Vis_1,17.700000000000003,16.9,3.0,1.0067657309568414
L_1,LH_Vis_1,17.700000000000003,17.1,3.0,1.0067657309568414
L_1,LH_Vis_1,17.700000000000003,17.3,6.0,1.024739878559502
L_1,LH_Vis_1,17.700000000000003,17.5,6.0,1.024739878559502
L_1,LH_Vis_1,17.700000000000003,17.700000000000003,6.0,1.024739878559502
L_1,LH_Vis_1,17.700000000000003,17.9,6.0,1.024739878559502
L_1,LH_Vis_1,17.9,8.1,0.0,
L_1,LH_Vis_1,17.9,8.3,0.0,
L_1,LH_Vis_1,17.9,8.5,0.0,
L_1,LH_Vis_1,17.9,8.7,0.0,
L_1,LH_Vis_1,17.9,8.9,0.0,
L_1,LH_Vis_1,17.9,9.1,0.0,
L_1,LH_Vis_1,17.9,9.3,0.0,
L_1,LH_Vis_1,17.9,9.5,0.0,
L_1,LH_Vis_1,17.9,9.7,0.0,
L_1,LH_Vis_1,17.9,9.9,0.0,
L_1,LH_Vis_1,17.9,10.1,0.0,
L_1,LH_Vis_1,17.9,10.3,0.0,
L_1,LH_Vis_1,17.9,10.5,0.0,
L_1,LH_Vis_1,17.9,10.7,0.0,
L_1,LH_Vis_1,17.9,10.9,0.0,
L_1,LH_Vis_1,17.9,11.1,0.0,
L_1,LH_Vis_1,17.9,11.3,0.0,
L_1,LH_Vis_1,17.9,11.5,0.0,
L_1,LH_Vis_1,17.9,11.7,0.0,
L_1,LH_Vis_1,17.9,11.9,0.0,
L_1,LH_Vis_1,17.9,12.1,0.0,
L_1,LH_Vis_1,17.9,12.3,0.0,
L_1,LH_Vis_1,17.9,12.5,0.0,
L_1,LH_Vis_1,17.9,12.700000000000001,0.0,
L_1,LH_Vis_1,17.9,12.9,0.0,
L_1,LH_Vis_1,17.9,13.1,0.0,
L_1,LH_Vis_1,17.9,13.3,0.0,
L_1,LH_Vis_1,17.9,13.5,0.0,
L_1,LH_Vis_1,17.9,13.700000000000001,0.0,
L_1,LH_Vis_1,17.9,13.9,0.0,
L_1,LH_Vis_1,17.9,14.1,0.0,
L_1,LH_Vis_1,17.9,14.3,0.0,
L_1,LH_Vis_1,17.9,14.5,0.0,
L_1,LH_Vis_1,17.9,14.700000000000001,0.0,
L_1,LH_Vis_1,17.9,14.9,0.0,
L_1,LH_Vis_1,17.9,15.1,0.0,
L_1,LH_Vis_1,17.9,15.3,0.0,
L_1,LH_Vis_1,17.9,15.5,0.0,
L_1,LH_Vis_1,17.9,15.700000000000001,0.0,
L_1,LH_Vis_1,17.9,15.9,0.0,
L_1,LH_Vis_1,17.9,16.1,0.0,
L_1,LH_Vis_1,17.9,16.3,0.0,
L_1,LH_Vis_1,17.9,16.5,0.0,
L_1,LH_Vis_1,17.9,16.700000000000003,0.0,
L_1,LH_Vis_1,17.9,16.9,1.0,
L_1,LH_Vis_1,17.9,17.1,1.0,
L_1,LH_Vis_1,17.9,17.3,3.0,1.0081414208563717
L_1,LH_Vis_1,17.9,17.5,3.0,1.0081414208563717
L_1,LH_Vis_1,17.9,17.700000000000003,3.0,1.0081414208563717
L_1,LH_Vis_1,17.9,17.9,3.0,1.0081414208563717
R_101,RH_Vis_1,8.1,8.1,3.0,0.024946840537294308
R_101,RH_Vis_1,8.1,8.3,6.0,0.09439858012953928
R_101,RH_Vis_1,8.1,8.5,6.0,0.09439858012953928
R_101,RH_Vis_1,8.1,8.7,9.0,0.13377895283972838
R_101,RH_Vis_1,8.1,8.9,9.0,0.13377895283972838
R_101,RH_Vis_1,8.1,9.1,12.0,0.16358094508581536
R_101,RH_Vis_1,8.1,9.3,11.0,0.18447555004559482
R_101,RH_Vis_1,8.1,9.5,14.0,0.20718455217627607
R_101,RH_Vis_1,8.1,9.7,12.0,0.2299569582820186
R_101,RH_Vis_1,8.1,9.9,15.0,0.24793639514167004
R_101,RH_Vis_1,8.1,10.1,12.0,0.2689579139966415
R_101,RH_Vis_1,8.1,10.3,15.0,0.286153360041521
R_101,RH_Vis_1,8.1,10.5,15.0,0.31801671456562686
R_101,RH_Vis_1,8.1,10.7,12.0,0.3342741627510144
R_101,RH_Vis_1,8.1,10.9,15.0,0.3468735328182398
R_101,RH_Vis_1,8.1,11.1,12.0,0.360979192692273
R_101,RH_Vis_1,8.1,11.3,15.0,0.3705830488119003
R_101,RH_Vis_1,8.1,11.5,12.0,0.3832652753698065
R_101,RH_Vis_1,8.1,11.7,15.0,0.39189477598893874
R_101,RH_Vis_1,8.1,11.9,12.0,0.4011346839309136
R_101,RH_Vis_1,8.1,12.1,15.0,0.40644706381039736
R_101,RH_Vis_1,8.1,12.3,12.0,0.4150947120428377
R_101,RH_Vis_1,8.1,12.5,15.0,0.4200228873221114
R_101,RH_Vis_1,8.1,12.700000000000001,12.0,0.42571085588085383
R_101,RH_Vis_1,8.1,12.9,15.0,0.4269463203017925
R_101,RH_Vis_1,8.1,13.1,15.0,0.43154454574345863
R_101,RH_Vis_1,8.1,13.3,12.0,0.43282748756295636
R_101,RH_Vis_1,8.1,13.5,15.0,0.4308391257046423
R_101,RH_Vis_1,8.1,13.700000000000001,12.0,0.4316247612987197
R_101,RH_Vis_1,8.1,13.9,15.0,0.42672224333021175
R_101,RH_Vis_1,8.1,14.1,12.0,0.4234689070529632
R_101,RH_Vis_1,8.1,14.3,15.0,0.41760049444877456
R_101,RH_Vis_1,8.1,14.5,12.0,0.41402857356458145
R_101,RH_Vis_1,8.1,14.700000000000001,15.0,0.4055559745942057
R_101,RH_Vis_1,8.1,14.9,12.0,0.3989475681180721
R_101,RH_Vis_1,8.1,15.1,15.0,0.38814914359666813
R_101,RH_Vis_1,8.1,15.3,12.0,0.37946500992798865
R_101,RH_Vis_1,8.1,15.5,15.0,0.36773395585011953
R_101,RH_Vis_1,8.1,15.700000000000001,15.0,0.34302033648460944
R_101,RH_Vis_1,8.1,15.9,12.0,0.3302437095977568
R_101,RH_Vis_1,8.1,16.1,15.0,0.3131397736275326
R_101,RH_Vis_1,8.1,16.3,12.0,0.29850832235624003
R_101,RH_Vis_1,8.1,16.5,15.0,0.27802996529936724
R_101,RH_Vis_1,8.1,16.700000000000003,12.0,0.261298595246446
R_101,RH_Vis_1,8.1,16.9,15.0,0.2422733008253898
R_101,RH_Vis_1,8.1,17.1,12.0,0.22263919114707645
R_101,RH_Vis_1,8.1,17.3,15.0,0.20122963610785236
R_101,RH_Vis_1,8.1,17.5,12.0,0.1806510264776582
R_101,RH_Vis_1,8.1,17.700000000000003,12.0,0.1806510264776582
R_101,RH_Vis_1,8.1,17.9,9.0,0.15929335872133232
R_101,RH_Vis_1,8.3,8.1,3.0,0.024946840537294308
R_101,RH_Vis_1,8.3,8.3,6.0,0.09439858012953928
R_101,RH_Vis_1,8.3,8.5,6.0,0.09439858012953928
R_101,RH_Vis_1,8.3,8.7,10.0,0.1642250455930929
R_101,RH_Vis_1,8.3,8.9,10.0,0.1642250455930929
R_101,RH_Vis_1,8.3,9.1,14.0,0.20499495906996018
R_101,RH_Vis_1,8.3,9.3,13.0,0.22586070280393855
R_101,RH_Vis_1,8.3,9.5,17.0,0.25347469999885447
R_101,RH_Vis_1,8.3,9.7,15.0,0.27786464459312565
R_101,RH_Vis_1,8.3,9.9,19.0,0.2983701377893044
R_101,RH_Vis_1,8.3,10.1,16.0,0.3235926036769645
R_101,RH_Vis_1,8.3,10.3,20.0,0.34033770868396895
R_101,RH_Vis_1,8.3,10.5,20.0,0.37213332605065663
R_101,RH_Vis_1,8.3,10.7,16.0,0.38843672187278866
R_101,RH_Vis_1,8.3,10.9,20.0,0.4014778547687582
R_101,RH_Vis_1,8.3,11.1,16.0,0.41604227074036493
R_101,RH_Vis_1,8.3,11.3,20.0,0.42555593706574085
R_101,RH_Vis_1,8.3,11.5,16.0,0.4381284870134323
R_101,RH_Vis_1,8.3,11.7,20.0,0.4469944538607467
R_101,RH_Vis_1,8.3,11.9,16.0,0.4569135351479366
R_101,RH_Vis_1,8.3,12.1,20.0,0.4620914600657728
R_101,RH_Vis_1,8.3,12.3,16.0,0.4706286174267507
R_101,RH_Vis_1,8.3,12.5,20.0,0.4755611410213235
R_101,RH_Vis_1,8.3,12.700000000000001,16.0,0.4810408296884952
R_101,RH_Vis_1,8.3,12.9,20.0,0.48272423695042554
R_101,RH_Vis_1,8.3,13.1,20.0,0.4876428658608278
R_101,RH_Vis_1,8.3,13.3,16.0,0.4889390020135337
R_101,RH_Vis_1,8.3,13.5,20.0,0.4870786734059015
R_101,RH_Vis_1,8.3,13.700000000000001,16.0,0.4881475518230976
R_101,RH_Vis_1,8.3,13.9,20.0,0.48334781701544555
R_101,RH_Vis_1,8.3,14.1,16.0,0.4803619624194033
R_101,RH_Vis_1,8.3,14.3,20.0,0.4739735600167377
R_101,RH_Vis_1,8.3,14.5,16.0,0.4701024835213853
R_101,RH_Vis_1,8.3,14.700000000000001,20.0,0.46159321909649
R_101,RH_Vis_1,8.3,14.9,16.0,0.4549405871407986
R_101,RH_Vis_1,8.3,15.1,20.0,0.443999504218714
R_101,RH_Vis_1,8.3,15.3,16.0,0.43509004052954914
R_101,RH_Vis_1,8.3,15.5,20.0,0.4229410976999806
R_101,RH_Vis_1,8.3,15.700000000000001,20.0,0.3984522461864862
R_101,RH_Vis_1,8.3,15.9,16.0,0.385960320131589
R_101,RH_Vis_1,8.3,16.1,20.0,0.3690591691720298
R_101,RH_Vis_1,8.3,16.3,16.0,0.3544349211158101
R_101,RH_Vis_1,8.3,16.5,20.0,0.33380133627440745
R_101,RH_Vis_1,8.3,16.700000000000003,16.0,0.31719287721041545
R_101,RH_Vis_1,8.3,16.9,20.0,0.2990420143993521
R_101,RH_Vis_1,8.3,17.1,16.0,0.28021618640376356
R_101,RH_Vis_1,8.3,17.3,20.0,0.2589212256383299
R_101,RH_Vis_1,8.3,17.5,16.0,0.23822537699357096
R_101,RH_Vis_1,8.3,17.700000000000003,16.0,0.23822537699357096
R_101,RH_Vis_1,8.3,17.9,12.0,0.21714898088016366
R_101,RH_Vis_1,8.5,8.1,3.0,0.024946840537294308
R_101,RH_Vis_1,8.5,8.3,6.0,0.09439858012953928
R_101,RH_Vis_1,8.5,8.5,6.0,0.09439858012953928
R_101,RH_Vis_1,8.5,8.7,10.0,0.1642250455930929
R_101,RH_Vis_1,8.5,8.9,10.0,0.1642250455930929
R_101,RH_Vis_1,8.5,9.1,14.0,0.20499495906996018
R_101,RH_Vis_1,8.5,9.3,13.0,0.22586070280393855
R_101,RH_Vis_1,8.5,9.5,17.0,0.25347469999885447
R_101,RH_Vis_1,8.5,9.7,15.0,0.27786464459312565
R_101,RH_Vis_1,8.5,9.9,19.0,0.2983701377893044
R_101,RH_Vis_1,8.5,10.1,16.0,0.3235926036769645
R_101,RH_Vis_1,8.5,10.3,20.0,0.34033770868396895
R_101,RH_Vis_1,8.5,10.5,20.0,0.37213332605065663
R_101,RH_Vis_1,8.5,10.7,16.0,0.38843672187278866
R_101,RH_Vis_1,8.5,10.9,20.0,0.4014778547687582
R_101,RH_Vis_1,8.5,11.1,16.0,0.41604227074036493
R_101,RH_Vis_1,8.5,11.3,20.0,0.42555593706574085
R_101,RH_Vis_1,8.5,11.5,16.0,0.4381284870134323
R_101,RH_Vis_1,8.5,11.7,20.0,0.4469944538607467
R_101,RH_Vis_1,8.5,11.9,16.0,0.4569135351479366
R_101,RH_Vis_1,8.5,12.1,20.0,0.4620914600657728
R_101,RH_Vis_1,8.5,12.3,16.0,0.4706286174267507
R_101,RH_Vis_1,8.5,12.5,20.0,0.4755611410213235
R_101,RH_Vis_1,8.5,12.700000000000001,16.0,0.4810408296884952
R_101,RH_Vis_1,8.5,12.9,20.0,0.48272423695042554
R_101,RH_Vis_1,8.5,13.1,20.0,0.4876428658608278
R_101,RH_Vis_1,8.5,13.3,16.0,0.4889390020135337
R_101,RH_Vis_1,8.5,13.5,20.0,0.4870786734059015
R_101,RH_Vis_1,8.5,13.700000000000001,16.0,0.4881475518230976
R_101,RH_Vis_1,8.5,13.9,20.0,0.48334781701544555
R_101,RH_Vis_1,8.5,14.1,16.0,0.4803619624194033
R_101,RH_Vis_1,8.5,14.3,20.0,0.4739735600167377
R_101,RH_Vis_1,8.5,14.5,16.0,0.4701024835213853
R_101,RH_Vis_1,8.5,14.700000000000001,20.0,0.46159321909649
R_101,RH_Vis_1,8.5,14.9,16.0,0.4549405871407986
R_101,RH_Vis_1,8.5,15.1,20.0,0.443999504218714
R_101,RH_Vis_1,8.5,15.3,16.0,0.43509004052954914
R_101,RH_Vis_1,8.5,15.5,20.0,0.4229410976999806
R_101,RH_Vis_1,8.5,15.700000000000001,20.0,0.3984522461864862
R_101,RH_Vis_1,8.5,15.9,16.0,0.385960320131589
R_101,RH_Vis_1,8.5,16.1,20.0,0.3690591691720298
R_101,RH_Vis_1,8.5,16.3,16.0,0.3544349211158101
R_101,RH_Vis_1,8.5,16.5,20.0,0.33380133627440745
R_101,RH_Vis_1,8.5,16.700000000000003,16.0,0.31719287721041545
R_101,RH_Vis_1,8.5,16.9,20.0,0.2990420143993521
R_101,RH_Vis_1,8.5,17.1,16.0,0.28021618640376356
R_101,RH_Vis_1,8.5,17.3,20.0,0.2589212256383299
R_101,RH_Vis_1,8.5,17.5,16.0,0.23822537699357096
R_101,RH_Vis_1,8.5,17.700000000000003,16.0,0.23822537699357096
R_101,RH_Vis_1,8.5,17.9,12.0,0.21714898088016366
R_101,RH_Vis_1,8.7,8.1,3.0,0.024946840537294308
R_101,RH_Vis_1,8.7,8.3,6.0,0.09439858012953928
R_101,RH_Vis_1,8.7,8.5,6.0,0.09439858012953928
R_101,RH_Vis_1,8.7,8.7,10.0,0.1642250455930929
R_101,RH_Vis_1,8.7,8.9,10.0,0.1642250455930929
R_101,RH_Vis_1,8.7,9.1,15.0,0.22720425466838431
R_101,RH_Vis_1,8.7,9.3,14.0,0.24816596639268027
R_101,RH_Vis_1,8.7,9.5,19.0,0.28615626656620474
R_101,RH_Vis_1,8.7,9.7,17.0,0.3115216960984852
R_101,RH_Vis_1,8.7,9.9,22.0,0.33725029238599585
R_101,RH_Vis_1,8.7,10.1,19.0,0.36462923543823983
R_101,RH_Vis_1,8.7,10.3,24.0,0.3835010693310303
R_101,RH_Vis_1,8.7,10.5,25.0,0.42070307610165275
R_101,RH_Vis_1,8.7,10.7,20.0,0.4375881769223242
R_101,RH_Vis_1,8.7,10.9,25.0,0.4506345388658306
R_101,RH_Vis_1,8.7,11.1,20.0,0.46516089681927
R_101,RH_Vis_1,8.7,11.3,25.0,0.47452550694339135
R_101,RH_Vis_1,8.7,11.5,20.0,0.4869750037383563
R_101,RH_Vis_1,8.7,11.7,25.0,0.4959256060336055
R_101,RH_Vis_1,8.7,11.9,20.0,0.5061034980110983
R_101,RH_Vis_1,8.7,12.1,25.0,0.5112349516883959
R_101,RH_Vis_1,8.7,12.3,20.0,0.5195731789229807
R_101,RH_Vis_1,8.7,12.5,25.0,0.5242544709260286
R_101,RH_Vis_1,8.7,12.700000000000001,20.0,0.5296130919975716
R_101,RH_Vis_1,8.7,12.9,25.0,0.5313329257507415
R_101,RH_Vis_1,8.7,13.1,25.0,0.5361723579733702
R_101,RH_Vis_1,8.7,13.3,20.0,0.537283443663062
R_101,RH_Vis_1,8.7,13.5,25.0,0.5354644632646057
R_101,RH_Vis_1,8.7,13.700000000000001,20.0,0.5363903874813605
R_101,RH_Vis_1,8.7,13.9,25.0,0.5320875185349591
R_101,RH_Vis_1,8.7,14.1,20.0,0.5293644884341437
R_101,RH_Vis_1,8.7,14.3,25.0,0.5229632964964321
R_101,RH_Vis_1,8.7,14.5,20.0,0.5191510554296849
R_101,RH_Vis_1,8.7,14.700000000000001,25.0,0.5109762410920031
R_101,RH_Vis_1,8.7,14.9,20.0,0.5046750242267488
R_101,RH_Vis_1,8.7,15.1,25.0,0.4939081760778029
R_101,RH_Vis_1,8.7,15.3,20.0,0.48533808467955863
R_101,RH_Vis_1,8.7,15.5,25.0,0.4733736044532842
R_101,RH_Vis_1,8.7,15.700000000000001,25.0,0.4487124290911971
R_101,RH_Vis_1,8.7,15.9,20.0,0.4365509041775999
R_101,RH_Vis_1,8.7,16.1,25.0,0.4192616564974206
R_101,RH_Vis_1,8.7,16.3,20.0,0.4045078246864568
R_101,RH_Vis_1,8.7,16.5,25.0,0.38483928981225946
R_101,RH_Vis_1,8.7,16.700000000000003,20.0,0.3683389163948195
R_101,RH_Vis_1,8.7,16.9,25.0,0.35029244273992033
R_101,RH_Vis_1,8.7,17.1,20.0,0.33148663253785376
R_101,RH_Vis_1,8.7,17.3,25.0,0.31096942414800666
R_101,RH_Vis_1,8.7,17.5,20.0,0.2908192387002789
R_101,RH_Vis_1,8.7,17.700000000000003,20.0,0.2908192387002789
R_101,RH_Vis_1,8.7,17.9,15.0,0.27105742967480395
R_101,RH_Vis_1,8.9,8.1,1.0,
R_101,RH_Vis_1,8.9,8.3,3.0,0.19263816269317288
R_101,RH_Vis_1,8.9,8.5,3.0,0.19263816269317288
R_101,RH_Vis_1,8.9,8.7,6.0,0.26003072550321515
R_101,RH_Vis_1,8.9,8.9,6.0,0.26003072550321515
R_101,RH_Vis_1,8.9,9.1,10.0,0.31897553325998806
R_101,RH_Vis_1,8.9,9.3,10.0,0.31897553325998806
R_101,RH_Vis_1,8.9,9.5,14.0,0.35560839821974993
R_101,RH_Vis_1,8.9,9.7,13.0,0.37249805589849105
R_101,RH_Vis_1,8.9,9.9,17.0,0.39826662829582443
R_101,RH_Vis_1,8.9,10.1,15.0,0.42191073608970764
R_101,RH_Vis_1,8.9,10.3,19.0,0.4405301454533424
R_101,RH_Vis_1,8.9,10.5,20.0,0.4764010415181833
R_101,RH_Vis_1,8.9,10.7,16.0,0.4936531156739423
R_101,RH_Vis_1,8.9,10.9,20.0,0.5068764325793421
R_101,RH_Vis_1,8.9,11.1,16.0,0.5217979005693891
R_101,RH_Vis_1,8.9,11.3,20.0,0.5311178196988494
R_101,RH_Vis_1,8.9,11.5,16.0,0.5433936524767722
R_101,RH_Vis_1,8.9,11.7,20.0,0.5526030654514072
R_101,RH_Vis_1,8.9,11.9,16.0,0.5631655991725161
R_101,RH_Vis_1,8.9,12.1,20.0,0.5681230730752703
R_101,RH_Vis_1,8.9,12.3,16.0,0.576390220613467
R_101,RH_Vis_1,8.9,12.5,20.0,0.5809504449881351
R_101,RH_Vis_1,8.9,12.700000000000001,16.0,0.5862456311849333
R_101,RH_Vis_1,8.9,12.9,20.0,0.5879906194364052
R_101,RH_Vis_1,8.9,13.1,20.0,0.592706037674325
R_101,RH_Vis_1,8.9,13.3,16.0,0.5935223677554192
R_101,RH_Vis_1,8.9,13.5,20.0,0.5919204870929125
R_101,RH_Vis_1,8.9,13.700000000000001,16.0,0.5929123666945687
R_101,RH_Vis_1,8.9,13.9,20.0,0.5888723221560577
R_101,RH_Vis_1,8.9,14.1,16.0,0.5862925670733704
R_101,RH_Vis_1,8.9,14.3,20.0,0.5798673132014827
R_101,RH_Vis_1,8.9,14.5,16.0,0.5760914983912802
R_101,RH_Vis_1,8.9,14.700000000000001,20.0,0.5682680987946891
R_101,RH_Vis_1,8.9,14.9,16.0,0.5623414766417891
R_101,RH_Vis_1,8.9,15.1,20.0,0.5513389340419852
R_101,RH_Vis_1,8.9,15.3,16.0,0.54279542644176
R_101,RH_Vis_1,8.9,15.5,20.0,0.5309450763682
R_101,RH_Vis_1,8.9,15.700000000000001,20.0,0.5062886228241003
R_101,RH_Vis_1,8.9,15.9,16.0,0.4943192041016424
R_101,RH_Vis_1,8.9,16.1,20.0,0.4766476541500955
R_101,RH_Vis_1,8.9,16.3,16.0,0.461565942585538
R_101,RH_Vis_1,8.9,16.5,20.0,0.4426184363624569
R_101,RH_Vis_1,8.9,16.700000000000003,16.0,0.4264408545423789
R_101,RH_Vis_1,8.9,16.9,20.0,0.4081836788962751
R_101,RH_Vis_1,8.9,17.1,16.0,0.3893436796018539
R_101,RH_Vis_1,8.9,17.3,20.0,0.3692377506328583
R_101,RH_Vis_1,8.9,17.5,16.0,0.3491897192206942
R_101,RH_Vis_1,8.9,17.700000000000003,16.0,0.3491897192206942
R_101,RH_Vis_1,8.9,17.9,12.0,0.33026580751295626
R_101,RH_Vis_1,9.1,8.1,1.0,
R_101,RH_Vis_1,9.1,8.3,3.0,0.19263816269317288
R_101,RH_Vis_1,9.1,8.5,3.0,0.19263816269317288
R_101,RH_Vis_1,9.1,8.7,6.0,0.26003072550321515
R_101,RH_Vis_1,9.1,8.9,6.0,0.26003072550321515
R_101,RH_Vis_1,9.1,9.1,10.0,0.31897553325998806
R_101,RH_Vis_1,9.1,9.3,10.0,0.31897553325998806
R_101,RH_Vis_1,9.1,9.5,15.0,0.3773210043012097
R_101,RH_Vis_1,9.1,9.7,14.0,0.3945551582944307
R_101,RH_Vis_1,9.1,9.9,19.0,0.42955985834985616
R_101,RH_Vis_1,9.1,10.1,17.0,0.45410386288022736
R_101,RH_Vis_1,9.1,10.3,22.0,0.4768188032781557
R_101,RH_Vis_1,9.1,10.5,24.0,0.5167912405617754
R_101,RH_Vis_1,9.1,10.7,20.0,0.538670939695101
R_101,RH_Vis_1,9.1,10.9,25.0,0.5515409384988671
R_101,RH_Vis_1,9.1,11.1,20.0,0.5659231865276707
R_101,RH_Vis_1,9.1,11.3,25.0,0.5754413490710424
R_101,RH_Vis_1,9.1,11.5,20.0,0.587408431712541
R_101,RH_Vis_1,9.1,11.7,25.0,0.5969798973936852
R_101,RH_Vis_1,9.1,11.9,20.0,0.6077124715843285
R_101,RH_Vis_1,9.1,12.1,25.0,0.6132514548774936
R_101,RH_Vis_1,9.1,12.3,20.0,0.6218020202817192
R_101,RH_Vis_1,9.1,12.5,25.0,0.6265384295393605
R_101,RH_Vis_1,9.1,12.700000000000001,20.0,0.6324178034957176
R_101,RH_Vis_1,9.1,12.9,25.0,0.6343355965124505
R_101,RH_Vis_1,9.1,13.1,25.0,0.6393994817619919
R_101,RH_Vis_1,9.1,13.3,20.0,0.6404329121729244
R_101,RH_Vis_1,9.1,13.5,25.0,0.6383787817843839
R_101,RH_Vis_1,9.1,13.700000000000001,20.0,0.6391216302179414
R_101,RH_Vis_1,9.1,13.9,25.0,0.6350687957077017
R_101,RH_Vis_1,9.1,14.1,20.0,0.6324649779921456
R_101,RH_Vis_1,9.1,14.3,25.0,0.6258680111595384
R_101,RH_Vis_1,9.1,14.5,20.0,0.6218333218045775
R_101,RH_Vis_1,9.1,14.700000000000001,25.0,0.6141841568413866
R_101,RH_Vis_1,9.1,14.9,20.0,0.6080218396786744
R_101,RH_Vis_1,9.1,15.1,25.0,0.5975120112271904
R_101,RH_Vis_1,9.1,15.3,20.0,0.5893494489764326
R_101,RH_Vis_1,9.1,15.5,25.0,0.5769438798047686
R_101,RH_Vis_1,9.1,15.700000000000001,25.0,0.5525641325425179
R_101,RH_Vis_1,9.1,15.9,20.0,0.54083512972087
R_101,RH_Vis_1,9.1,16.1,25.0,0.5235383101302298
R_101,RH_Vis_1,9.1,16.3,20.0,0.5085260134156313
R_101,RH_Vis_1,9.1,16.5,25.0,0.4903925940778139
R_101,RH_Vis_1,9.1,16.700000000000003,20.0,0.4741225682419537
R_101,RH_Vis_1,9.1,16.9,25.0,0.4569576459475623
R_101,RH_Vis_1,9.1,17.1,20.0,0.43936665665492464
R_101,RH_Vis_1,9.1,17.3,25.0,0.4198277562915581
R_101,RH_Vis_1,9.1,17.5,20.0,0.40054501502557543
R_101,RH_Vis_1,9.1,17.700000000000003,20.0,0.40054501502557543
R_101,RH_Vis_1,9.1,17.9,15.0,0.3826096761115443
R_101,RH_Vis_1,9.3,8.1,0.0,
R_101,RH_Vis_1,9.3,8.3,1.0,
R_101,RH_Vis_1,9.3,8.5,1.0,
R_101,RH_Vis_1,9.3,8.7,3.0,0.34423216178501354
R_101,RH_Vis_1,9.3,8.9,3.0,0.34423216178501354
R_101,RH_Vis_1,9.3,9.1,6.0,0.40087430602288565
R_101,RH_Vis_1,9.3,9.3,6.0,0.40087430602288565
R_101,RH_Vis_1,9.3,9.5,10.0,0.45815366943607894
R_101,RH_Vis_1,9.3,9.7,10.0,0.45815366943607894
R_101,RH_Vis_1,9.3,9.9,14.0,0.4922806720758989
R_101,RH_Vis_1,9.3,10.1,13.0,0.5097247942552279
R_101,RH_Vis_1,9.3,10.3,17.0,0.5311095658276961
R_101,RH_Vis_1,9.3,10.5,19.0,0.5668758056232289
R_101,RH_Vis_1,9.3,10.7,16.0,0.5873806847536922
R_101,RH_Vis_1,9.3,10.9,20.0,0.6000900030013974
R_101,RH_Vis_1,9.3,11.1,16.0,0.6140943251127795
R_101,RH_Vis_1,9.3,11.3,20.0,0.623518750499788
R_101,RH_Vis_1,9.3,11.5,16.0,0.6349988934558728
R_101,RH_Vis_1,9.3,11.7,20.0,0.6448901472034299
R_101,RH_Vis_1,9.3,11.9,16.0,0.6559601656447327
R_101,RH_Vis_1,9.3,12.1,20.0,0.6617825667930097
R_101,RH_Vis_1,9.3,12.3,16.0,0.6704177654049537
R_101,RH_Vis_1,9.3,12.5,20.0,0.6752479502934321
R_101,RH_Vis_1,9.3,12.700000000000001,16.0,0.6813281188687357
R_101,RH_Vis_1,9.3,12.9,20.0,0.6835530303647692
R_101,RH_Vis_1,9.3,13.1,20.0,0.6888527065385708
R_101,RH_Vis_1,9.3,13.3,16.0,0.6899520926247988
R_101,RH_Vis_1,9.3,13.5,20.0,0.6876489313192522
R_101,RH_Vis_1,9.3,13.700000000000001,16.0,0.6882931213025358
R_101,RH_Vis_1,9.3,13.9,20.0,0.6842991222645693
R_101,RH_Vis_1,9.3,14.1,16.0,0.6817317303688754
R_101,RH_Vis_1,9.3,14.3,20.0,0.6748758889041732
R_101,RH_Vis_1,9.3,14.5,16.0,0.6704816920429906
R_101,RH_Vis_1,9.3,14.700000000000001,20.0,0.6631718988991029
R_101,RH_Vis_1,9.3,14.9,16.0,0.6570361653946715
R_101,RH_Vis_1,9.3,15.1,20.0,0.6469072819433084
R_101,RH_Vis_1,9.3,15.3,16.0,0.6390250309048692
R_101,RH_Vis_1,9.3,15.5,20.0,0.6259967681937937
R_101,RH_Vis_1,9.3,15.700000000000001,20.0,0.60210329581927
R_101,RH_Vis_1,9.3,15.9,16.0,0.5907659890127465
R_101,RH_Vis_1,9.3,16.1,20.0,0.5733956414251182
R_101,RH_Vis_1,9.3,16.3,16.0,0.5582613702005098
R_101,RH_Vis_1,9.3,16.5,20.0,0.5411318864354087
R_101,RH_Vis_1,9.3,16.700000000000003,16.0,0.5248169210097966
R_101,RH_Vis_1,9.3,16.9,20.0,0.5087935026365487
R_101,RH_Vis_1,9.3,17.1,16.0,0.49252094895831267
R_101,RH_Vis_1,9.3,17.3,20.0,0.47308954468203923
R_101,RH_Vis_1,9.3,17.5,16.0,0.45414798979252785
R_101,RH_Vis_1,9.3,17.700000000000003,16.0,0.45414798979252785
R_101,RH_Vis_1,9.3,17.9,12.0,0.4375592360318353
R_101,RH_Vis_1,9.5,8.1,0.0,
R_101,RH_Vis_1,9.5,8.3,1.0,
R_101,RH_Vis_1,9.5,8.5,1.0,
R_101,RH_Vis_1,9.5,8.7,3.0,0.34423216178501354
R_101,RH_Vis_1,9.5,8.9,3.0,0.34423216178501354
R_101,RH_Vis_1,9.5,9.1,6.0,0.40087430602288565
R_101,RH_Vis_1,9.5,9.3,6.0,0.40087430602288565
R_101,RH_Vis_1,9.5,9.5,10.0,0.45815366943607894
R_101,RH_Vis_1,9.5,9.7,10.0,0.45815366943607894
R_101,RH_Vis_1,9.5,9.9,15.0,0.509570111070633
R_101,RH_Vis_1,9.5,10.1,14.0,0.5270031844510624
R_101,RH_Vis_1,9.5,10.3,19.0,0.5568315873059723
R_101,RH_Vis_1,9.5,10.5,22.0,0.5973586794776695
R_101,RH_Vis_1,9.5,10.7,19.0,0.6194390314592872
R_101,RH_Vis_1,9.5,10.9,24.0,0.6339840918503968
R_101,RH_Vis_1,9.5,11.1,20.0,0.6519663673093026
R_101,RH_Vis_1,9.5,11.3,25.0,0.6617528454923398
R_101,RH_Vis_1,9.5,11.5,20.0,0.6740903082804894
R_101,RH_Vis_1,9.5,11.7,25.0,0.6834158742598159
R_101,RH_Vis_1,9.5,11.9,20.0,0.6941820639998397
R_101,RH_Vis_1,9.5,12.1,25.0,0.6998258789278553
R_101,RH_Vis_1,9.5,12.3,20.0,0.7083183390945353
R_101,RH_Vis_1,9.5,12.5,25.0,0.7128787959385509
R_101,RH_Vis_1,9.5,12.700000000000001,20.0,0.718784664589035
R_101,RH_Vis_1,9.5,12.9,25.0,0.720943418335875
R_101,RH_Vis_1,9.5,13.1,25.0,0.7261669808086197
R_101,RH_Vis_1,9.5,13.3,20.0,0.7275291914664944
R_101,RH_Vis_1,9.5,13.5,25.0,0.7252132402525381
R_101,RH_Vis_1,9.5,13.700000000000001,20.0,0.725916265655693
R_101,RH_Vis_1,9.5,13.9,25.0,0.7222567172464269
R_101,RH_Vis_1,9.5,14.1,20.0,0.7200407407293807
R_101,RH_Vis_1,9.5,14.3,25.0,0.7133591332954563
R_101,RH_Vis_1,9.5,14.5,20.0,0.7093043082885113
R_101,RH_Vis_1,9.5,14.700000000000001,25.0,0.7014775131369291
R_101,RH_Vis_1,9.5,14.9,20.0,0.6950927487741082
R_101,RH_Vis_1,9.5,15.1,25.0,0.6850298223183664
R_101,RH_Vis_1,9.5,15.3,20.0,0.67729991904878
R_101,RH_Vis_1,9.5,15.5,25.0,0.6647218903532184
R_101,RH_Vis_1,9.5,15.700000000000001,25.0,0.6407240907004612
R_101,RH_Vis_1,9.5,15.9,20.0,0.6292469374856369
R_101,RH_Vis_1,9.5,16.1,25.0,0.6130396973786842
R_101,RH_Vis_1,9.5,16.3,20.0,0.5987570385907055
R_101,RH_Vis_1,9.5,16.5,25.0,0.5819156459138322
R_101,RH_Vis_1,9.5,16.700000000000003,20.0,0.5662000282684405
R_101,RH_Vis_1,9.5,16.9,25.0,0.5506738272784442
R_101,RH_Vis_1,9.5,17.1,20.0,0.5347398402053123
R_101,RH_Vis_1,9.5,17.3,25.0,0.5167752931182936
R_101,RH_Vis_1,9.5,17.5,20.0,0.4990617350614729
R_101,RH_Vis_1,9.5,17.700000000000003,20.0,0.4990617350614729
R_101,RH_Vis_1,9.5,17.9,15.0,0.4826787344316726
R_101,RH_Vis_1,9.7,8.1,0.0,
R_101,RH_Vis_1,9.7,8.3,0.0,
R_101,RH_Vis_1,9.7,8.5,0.0,
R_101,RH_Vis_1,9.7,8.7,1.0,
R_101,RH_Vis_1,9.7,8.9,1.0,
R_101,RH_Vis_1,9.7,9.1,3.0,0.4816974929986601
R_101,RH_Vis_1,9.7,9.3,3.0,0.4816974929986601
R_101,RH_Vis_1,9.7,9.5,6.0,0.5362804706219452
R_101,RH_Vis_1,9.7,9.7,6.0,0.5362804706219452
R_101,RH_Vis_1,9.7,9.9,10.0,0.5843187389982021
R_101,RH_Vis_1,9.7,10.1,10.0,0.5843187389982021
R_101,RH_Vis_1,9.7,10.3,14.0,0.6130431222550337
R_101,RH_Vis_1,9.7,10.5,17.0,0.6466791628731319
R_101,RH_Vis_1,9.7,10.7,15.0,0.6657795446813757
R_101,RH_Vis_1,9.7,10.9,19.0,0.6803986018230832
R_101,RH_Vis_1,9.7,11.1,16.0,0.6971864431189305
R_101,RH_Vis_1,9.7,11.3,20.0,0.7070757700759044
R_101,RH_Vis_1,9.7,11.5,16.0,0.7197506772042336
R_101,RH_Vis_1,9.7,11.7,20.0,0.7289874274623418
R_101,RH_Vis_1,9.7,11.9,16.0,0.7400207642286493
R_101,RH_Vis_1,9.7,12.1,20.0,0.7456494191411032
R_101,RH_Vis_1,9.7,12.3,16.0,0.7539879028234948
R_101,RH_Vis_1,9.7,12.5,20.0,0.7583740597317739
R_101,RH_Vis_1,9.7,12.700000000000001,16.0,0.764162558138596
R_101,RH_Vis_1,9.7,12.9,20.0,0.7665115357213154
R_101,RH_Vis_1,9.7,13.1,20.0,0.7719563721594876
R_101,RH_Vis_1,9.7,13.3,16.0,0.7734618580756658
R_101,RH_Vis_1,9.7,13.5,20.0,0.7711218439362632
R_101,RH_Vis_1,9.7,13.700000000000001,16.0,0.7718612952225992
R_101,RH_Vis_1,9.7,13.9,20.0,0.7685531624430736
R_101,RH_Vis_1,9.7,14.1,16.0,0.7667117812126194
R_101,RH_Vis_1,9.7,14.3,20.0,0.7597944782470468
R_101,RH_Vis_1,9.7,14.5,16.0,0.7557662362957603
R_101,RH_Vis_1,9.7,14.700000000000001,20.0,0.7476904101984521
R_101,RH_Vis_1,9.7,14.9,16.0,0.7411486977243998
R_101,RH_Vis_1,9.7,15.1,20.0,0.7312044383464051
R_101,RH_Vis_1,9.7,15.3,16.0,0.7235651010883433
R_101,RH_Vis_1,9.7,15.5,20.0,0.7110569068145055
R_101,RH_Vis_1,9.7,15.700000000000001,20.0,0.686843644410893
R_101,RH_Vis_1,9.7,15.9,16.0,0.6755232389174268
R_101,RH_Vis_1,9.7,16.1,20.0,0.659901454212055
R_101,RH_Vis_1,9.7,16.3,16.0,0.646030041312764
R_101,RH_Vis_1,9.7,16.5,20.0,0.6291616154824909
R_101,RH_Vis_1,9.7,16.700000000000003,16.0,0.613595169144507
R_101,RH_Vis_1,9.7,16.9,20.0,0.5987227378055423
R_101,RH_Vis_1,9.7,17.1,16.0,0.5831473898271394
R_101,RH_Vis_1,9.7,17.3,20.0,0.5662160695515362
R_101,RH_Vis_1,9.7,17.5,16.0,0.5492065071126934
R_101,RH_Vis_1,9.7,17.700000000000003,16.0,0.5492065071126934
R_101,RH_Vis_1,9.7,17.9,12.0,0.5331372376867353
R_101,RH_Vis_1,9.9,8.1,0.0,
R_101,RH_Vis_1,9.9,8.3,0.0,
R_101,RH_Vis_1,9.9,8.5,0.0,
R_101,RH_Vis_1,9.9,8.7,1.0,
R_101,RH_Vis_1,9.9,8.9,1.0,
R_101,RH_Vis_1,9.9,9.1,3.0,0.4816974929986601
R_101,RH_Vis_1,9.9,9.3,3.0,0.4816974929986601
R_101,RH_Vis_1,9.9,9.5,6.0,0.5362804706219452
R_101,RH_Vis_1,9.9,9.7,6.0,0.5362804706219452
R_101,RH_Vis_1,9.9,9.9,10.0,0.5843187389982021
R_101,RH_Vis_1,9.9,10.1,10.0,0.5843187389982021
R_101,RH_Vis_1,9.9,10.3,15.0,0.6298546228191433
R_101,RH_Vis_1,9.9,10.5,19.0,0.6704582102600445
R_101,RH_Vis_1,9.9,10.7,17.0,0.6901090233128375
R_101,RH_Vis_1,9.9,10.9,22.0,0.7077153964709191
R_101,RH_Vis_1,9.9,11.1,19.0,0.7261657040855015
R_101,RH_Vis_1,9.9,11.3,24.0,0.7378685898106084
R_101,RH_Vis_1,9.9,11.5,20.0,0.7541670794602126
R_101,RH_Vis_1,9.9,11.7,25.0,0.7630209815976801
R_101,RH_Vis_1,9.9,11.9,20.0,0.7735446293818438
R_101,RH_Vis_1,9.9,12.1,25.0,0.7796766709605869
R_101,RH_Vis_1,9.9,12.3,20.0,0.7881395120493802
R_101,RH_Vis_1,9.9,12.5,25.0,0.7928680351555133
R_101,RH_Vis_1,9.9,12.700000000000001,20.0,0.7991907776422925
R_101,RH_Vis_1,9.9,12.9,25.0,0.8012648908639137
R_101,RH_Vis_1,9.9,13.1,25.0,0.806598415155506
R_101,RH_Vis_1,9.9,13.3,20.0,0.8086388714074948
R_101,RH_Vis_1,9.9,13.5,25.0,0.8061271445475481
R_101,RH_Vis_1,9.9,13.700000000000001,20.0,0.8066077213655453
R_101,RH_Vis_1,9.9,13.9,25.0,0.8034738229071915
R_101,RH_Vis_1,9.9,14.1,20.0,0.8013967467389781
R_101,RH_Vis_1,9.9,14.3,25.0,0.7949721584959633
R_101,RH_Vis_1,9.9,14.5,20.0,0.7913248621823549
R_101,RH_Vis_1,9.9,14.700000000000001,25.0,0.7833149926439849
R_101,RH_Vis_1,9.9,14.9,20.0,0.7768919465489873
R_101,RH_Vis_1,9.9,15.1,25.0,0.7671057266545713
R_101,RH_Vis_1,9.9,15.3,20.0,0.7598620990412738
R_101,RH_Vis_1,9.9,15.5,25.0,0.7479454387006406
R_101,RH_Vis_1,9.9,15.700000000000001,25.0,0.7240285684208423
R_101,RH_Vis_1,9.9,15.9,20.0,0.7127172591450767
R_101,RH_Vis_1,9.9,16.1,25.0,0.6978285807625375
R_101,RH_Vis_1,9.9,16.3,20.0,0.6844668473305454
R_101,RH_Vis_1,9.9,16.5,25.0,0.6687686521944731
R_101,RH_Vis_1,9.9,16.700000000000003,20.0,0.6539706034738643
R_101,RH_Vis_1,9.9,16.9,25.0,0.6394262028323283
R_101,RH_Vis_1,9.9,17.1,20.0,0.6242130542058834
R_101,RH_Vis_1,9.9,17.3,25.0,0.6085870155569153
R_101,RH_Vis_1,9.9,17.5,20.0,0.5928953000274477
R_101,RH_Vis_1,9.9,17.700000000000003,20.0,0.5928953000274477
R_101,RH_Vis_1,9.9,17.9,15.0,0.5777691109591369
R_101,RH_Vis_1,10.1,8.1,0.0,
R_101,RH_Vis_1,10.1,8.3,0.0,
R_101,RH_Vis_1,10.1,8.5,0.0,
R_101,RH_Vis_1,10.1,8.7,0.0,
R_101,RH_Vis_1,10.1,8.9,0.0,
R_101,RH_Vis_1,10.1,9.1,1.0,
R_101,RH_Vis_1,10.1,9.3,1.0,
R_101,RH_Vis_1,10.1,9.5,3.0,0.6030655514063366
R_101,RH_Vis_1,10.1,9.7,3.0,0.6030655514063366
R_101,RH_Vis_1,10.1,9.9,6.0,0.6488667831850479
R_101,RH_Vis_1,10.1,10.1,6.0,0.6488667831850479
R_101,RH_Vis_1,10.1,10.3,10.0,0.6933365569230584
R_101,RH_Vis_1,10.1,10.5,14.0,0.719020728029437
R_101,RH_Vis_1,10.1,10.7,13.0,0.7329350614896764
R_101,RH_Vis_1,10.1,10.9,17.0,0.7496049776034502
R_101,RH_Vis_1,10.1,11.1,15.0,0.7648148238723977
R_101,RH_Vis_1,10.1,11.3,19.0,0.7766564813851731
R_101,RH_Vis_1,10.1,11.5,16.0,0.7920293188391881
R_101,RH_Vis_1,10.1,11.7,20.0,0.8007028551280575
R_101,RH_Vis_1,10.1,11.9,16.0,0.8108682645275532
R_101,RH_Vis_1,10.1,12.1,20.0,0.817339676492759
R_101,RH_Vis_1,10.1,12.3,16.0,0.8258668066671027
R_101,RH_Vis_1,10.1,12.5,20.0,0.8305410684146516
R_101,RH_Vis_1,10.1,12.700000000000001,16.0,0.8372307842750109
R_101,RH_Vis_1,10.1,12.9,20.0,0.8390666168558107
R_101,RH_Vis_1,10.1,13.1,20.0,0.8442635623911485
R_101,RH_Vis_1,10.1,13.3,16.0,0.846480202918052
R_101,RH_Vis_1,10.1,13.5,20.0,0.8437096015570151
R_101,RH_Vis_1,10.1,13.700000000000001,16.0,0.8438306708578738
R_101,RH_Vis_1,10.1,13.9,20.0,0.8410361441162028
R_101,RH_Vis_1,10.1,14.1,16.0,0.8389856512940416
R_101,RH_Vis_1,10.1,14.3,20.0,0.8329420089397974
R_101,RH_Vis_1,10.1,14.5,16.0,0.8295750243799943
R_101,RH_Vis_1,10.1,14.700000000000001,20.0,0.8217175026541454
R_101,RH_Vis_1,10.1,14.9,16.0,0.8153850221339896
R_101,RH_Vis_1,10.1,15.1,20.0,0.8059945117970013
R_101,RH_Vis_1,10.1,15.3,16.0,0.7993363407180345
R_101,RH_Vis_1,10.1,15.5,20.0,0.7877911675634099
R_101,RH_Vis_1,10.1,15.700000000000001,20.0,0.7638487167030239
R_101,RH_Vis_1,10.1,15.9,16.0,0.7526190359980744
R_101,RH_Vis_1,10.1,16.1,20.0,0.7380813870017914
R_101,RH_Vis_1,10.1,16.3,16.0,0.7250298798145518
R_101,RH_Vis_1,10.1,16.5,20.0,0.7106819529432092
R_101,RH_Vis_1,10.1,16.700000000000003,16.0,0.6962443235667496
R_101,RH_Vis_1,10.1,16.9,20.0,0.6819457147601007
R_101,RH_Vis_1,10.1,17.1,16.0,0.6670295247138981
R_101,RH_Vis_1,10.1,17.3,20.0,0.6527347708887034
R_101,RH_Vis_1,10.1,17.5,16.0,0.6383820178989823
R_101,RH_Vis_1,10.1,17.700000000000003,16.0,0.6383820178989823
R_101,RH_Vis_1,10.1,17.9,12.0,0.6245324268597567
R_101,RH_Vis_1,10.3,8.1,0.0,
R_101,RH_Vis_1,10.3,8.3,0.0,
R_101,RH_Vis_1,10.3,8.5,0.0,
R_101,RH_Vis_1,10.3,8.7,0.0,
R_101,RH_Vis_1,10.3,8.9,0.0,
R_101,RH_Vis_1,10.3,9.1,1.0,
R_101,RH_Vis_1,10.3,9.3,1.0,
R_101,RH_Vis_1,10.3,9.5,3.0,0.6030655514063366
R_101,RH_Vis_1,10.3,9.7,3.0,0.6030655514063366
R_101,RH_Vis_1,10.3,9.9,6.0,0.6488667831850479
R_101,RH_Vis_1,10.3,10.1,6.0,0.6488667831850479
R_101,RH_Vis_1,10.3,10.3,10.0,0.6933365569230584
R_101,RH_Vis_1,10.3,10.5,15.0,0.7314840609068611
R_101,RH_Vis_1,10.3,10.7,14.0,0.745294751468328
R_101,RH_Vis_1,10.3,10.9,19.0,0.7677457710548943
R_101,RH_Vis_1,10.3,11.1,17.0,0.7833004346394294
R_101,RH_Vis_1,10.3,11.3,22.0,0.798148651430802
R_101,RH_Vis_1,10.3,11.5,19.0,0.8144876992940194
R_101,RH_Vis_1,10.3,11.7,24.0,0.8241792803779564
R_101,RH_Vis_1,10.3,11.9,20.0,0.8370068929475328
R_101,RH_Vis_1,10.3,12.1,25.0,0.8438206712001127
R_101,RH_Vis_1,10.3,12.3,20.0,0.8528310717815242
R_101,RH_Vis_1,10.3,12.5,25.0,0.8576877432027007
R_101,RH_Vis_1,10.3,12.700000000000001,20.0,0.864457522529056
R_101,RH_Vis_1,10.3,12.9,25.0,0.8660655524899452
R_101,RH_Vis_1,10.3,13.1,25.0,0.8713225142719012
R_101,RH_Vis_1,10.3,13.3,20.0,0.8739013207156473
R_101,RH_Vis_1,10.3,13.5,25.0,0.8711974474270194
R_101,RH_Vis_1,10.3,13.700000000000001,20.0,0.8712278632311664
R_101,RH_Vis_1,10.3,13.9,25.0,0.8679163344708835
R_101,RH_Vis_1,10.3,14.1,20.0,0.8656168108667526
R_101,RH_Vis_1,10.3,14.3,25.0,0.8596391251347658
R_101,RH_Vis_1,10.3,14.5,20.0,0.8564244883350819
R_101,RH_Vis_1,10.3,14.700000000000001,25.0,0.8483354220973339
R_101,RH_Vis_1,10.3,14.9,20.0,0.8416899282638554
R_101,RH_Vis_1,10.3,15.1,25.0,0.8325081035078064
R_101,RH_Vis_1,10.3,15.3,20.0,0.8255396408166309
R_101,RH_Vis_1,10.3,15.5,25.0,0.8144742315398712
R_101,RH_Vis_1,10.3,15.700000000000001,25.0,0.7920417672030219
R_101,RH_Vis_1,10.3,15.9,20.0,0.7811201134520727
R_101,RH_Vis_1,10.3,16.1,25.0,0.7681639159171334
R_101,RH_Vis_1,10.3,16.3,20.0,0.7562101056098312
R_101,RH_Vis_1,10.3,16.5,25.0,0.7427005909689864
R_101,RH_Vis_1,10.3,16.700000000000003,20.0,0.7294305375903308
R_101,RH_Vis_1,10.3,16.9,25.0,0.7164174890505332
R_101,RH_Vis_1,10.3,17.1,20.0,0.7029687127049586
R_101,RH_Vis_1,10.3,17.3,25.0,0.6897188775357713
R_101,RH_Vis_1,10.3,17.5,20.0,0.6765216224833379
R_101,RH_Vis_1,10.3,17.700000000000003,20.0,0.6765216224833379
R_101,RH_Vis_1,10.3,17.9,15.0,0.6632491213853252
R_101,RH_Vis_1,10.5,8.1,0.0,
R_101,RH_Vis_1,10.5,8.3,0.0,
R_101,RH_Vis_1,10.5,8.5,0.0,
R_101,RH_Vis_1,10.5,8.7,0.0,
R_101,RH_Vis_1,10.5,8.9,0.0,
R_101,RH_Vis_1,10.5,9.1,0.0,
R_101,RH_Vis_1,10.5,9.3,0.0,
R_101,RH_Vis_1,10.5,9.5,1.0,
R_101,RH_Vis_1,10.5,9.7,1.0,
R_101,RH_Vis_1,10.5,9.9,3.0,0.7142422948717209
R_101,RH_Vis_1,10.5,10.1,3.0,0.7142422948717209
R_101,RH_Vis_1,10.5,10.3,6.0,0.7560156798275396
R_101,RH_Vis_1,10.5,10.5,10.0,0.7897350532074728
R_101,RH_Vis_1,10.5,10.7,10.0,0.7897350532074728
R_101,RH_Vis_1,10.5,10.9,15.0,0.8227238426931245
R_101,RH_Vis_1,10.5,11.1,14.0,0.83282572506823
R_101,RH_Vis_1,10.5,11.3,19.0,0.8528388288413873
R_101,RH_Vis_1,10.5,11.5,17.0,0.867206373694873
R_101,RH_Vis_1,10.5,11.7,22.0,0.8783987450005756
R_101,RH_Vis_1,10.5,11.9,19.0,0.8911265892453992
R_101,RH_Vis_1,10.5,12.1,24.0,0.898986234410116
R_101,RH_Vis_1,10.5,12.3,20.0,0.9107206586366647
R_101,RH_Vis_1,10.5,12.5,25.0,0.9154403419836084
R_101,RH_Vis_1,10.5,12.700000000000001,20.0,0.9221250720634036
R_101,RH_Vis_1,10.5,12.9,25.0,0.9238275937654673
R_101,RH_Vis_1,10.5,13.1,25.0,0.9293017510704957
R_101,RH_Vis_1,10.5,13.3,20.0,0.9325139869781287
R_101,RH_Vis_1,10.5,13.5,25.0,0.9302176423452759
R_101,RH_Vis_1,10.5,13.700000000000001,20.0,0.9305588314225848
R_101,RH_Vis_1,10.5,13.9,25.0,0.927203986861572
R_101,RH_Vis_1,10.5,14.1,20.0,0.9254252147341191
R_101,RH_Vis_1,10.5,14.3,25.0,0.9197242348123641
R_101,RH_Vis_1,10.5,14.5,20.0,0.9169958733720243
R_101,RH_Vis_1,10.5,14.700000000000001,25.0,0.9088024799433799
R_101,RH_Vis_1,10.5,14.9,20.0,0.9019415234463823
R_101,RH_Vis_1,10.5,15.1,25.0,0.8930560908665497
R_101,RH_Vis_1,10.5,15.3,20.0,0.8860620476297211
R_101,RH_Vis_1,10.5,15.5,25.0,0.8760911156180536
R_101,RH_Vis_1,10.5,15.700000000000001,25.0,0.8555507631913213
R_101,RH_Vis_1,10.5,15.9,20.0,0.8452083752078157
R_101,RH_Vis_1,10.5,16.1,25.0,0.8348110054413986
R_101,RH_Vis_1,10.5,16.3,20.0,0.8245065302445479
R_101,RH_Vis_1,10.5,16.5,25.0,0.8124712572186135
R_101,RH_Vis_1,10.5,16.700000000000003,20.0,0.8012104813864622
R_101,RH_Vis_1,10.5,16.9,25.0,0.7898557044457328
R_101,RH_Vis_1,10.5,17.1,20.0,0.77826778366432
R_101,RH_Vis_1,10.5,17.3,25.0,0.767240151113898
R_101,RH_Vis_1,10.5,17.5,20.0,0.756279477271408
R_101,RH_Vis_1,10.5,17.700000000000003,20.0,0.756279477271408
R_101,RH_Vis_1,10.5,17.9,15.0,0.7439654609033004
R_101,RH_Vis_1,10.7,8.1,0.0,
R_101,RH_Vis_1,10.7,8.3,0.0,
R_101,RH_Vis_1,10.7,8.5,0.0,
R_101,RH_Vis_1,10.7,8.7,0.0,
R_101,RH_Vis_1,10.7,8.9,0.0,
R_101,RH_Vis_1,10.7,9.1,0.0,
R_101,RH_Vis_1,10.7,9.3,0.0,
R_101,RH_Vis_1,10.7,9.5,0.0,
R_101,RH_Vis_1,10.7,9.7,0.0,
R_101,RH_Vis_1,10.7,9.9,1.0,
R_101,RH_Vis_1,10.7,10.1,1.0,
R_101,RH_Vis_1,10.7,10.3,3.0,0.8053843901531058
R_101,RH_Vis_1,10.7,10.5,6.0,0.8370635981592972
R_101,RH_Vis_1,10.7,10.7,6.0,0.8370635981592972
R_101,RH_Vis_1,10.7,10.9,10.0,0.8689862829512031
R_101,RH_Vis_1,10.7,11.1,10.0,0.8689862829512031
R_101,RH_Vis_1,10.7,11.3,14.0,0.8885900296562348
R_101,RH_Vis_1,10.7,11.5,13.0,0.8991260121684905
R_101,RH_Vis_1,10.7,11.7,17.0,0.9089609567175694
R_101,RH_Vis_1,10.7,11.9,15.0,0.9191870233824181
R_101,RH_Vis_1,10.7,12.1,19.0,0.9266760376532025
R_101,RH_Vis_1,10.7,12.3,16.0,0.9375385185571492
R_101,RH_Vis_1,10.7,12.5,20.0,0.9420778355434448
R_101,RH_Vis_1,10.7,12.700000000000001,16.0,0.9483797168945408
R_101,RH_Vis_1,10.7,12.9,20.0,0.9498556160026761
R_101,RH_Vis_1,10.7,13.1,20.0,0.9550838743099547
R_101,RH_Vis_1,10.7,13.3,16.0,0.9586237112619249
R_101,RH_Vis_1,10.7,13.5,20.0,0.9567190627940272
R_101,RH_Vis_1,10.7,13.700000000000001,16.0,0.957208868200373
R_101,RH_Vis_1,10.7,13.9,20.0,0.9540413110983955
R_101,RH_Vis_1,10.7,14.1,16.0,0.9524928630008374
R_101,RH_Vis_1,10.7,14.3,20.0,0.9471875927675146
R_101,RH_Vis_1,10.7,14.5,16.0,0.9450446878505889
R_101,RH_Vis_1,10.7,14.700000000000001,20.0,0.9365410026721805
R_101,RH_Vis_1,10.7,14.9,16.0,0.929741081351424
R_101,RH_Vis_1,10.7,15.1,20.0,0.920769033591184
R_101,RH_Vis_1,10.7,15.3,16.0,0.9136861747583707
R_101,RH_Vis_1,10.7,15.5,20.0,0.9048791211348064
R_101,RH_Vis_1,10.7,15.700000000000001,20.0,0.8850219111351045
R_101,RH_Vis_1,10.7,15.9,16.0,0.8747857609603245
R_101,RH_Vis_1,10.7,16.1,20.0,0.8657385232890565
R_101,RH_Vis_1,10.7,16.3,16.0,0.8565415886216838
R_101,RH_Vis_1,10.7,16.5,20.0,0.8452167652884567
R_101,RH_Vis_1,10.7,16.700000000000003,16.0,0.8353007459730148
R_101,RH_Vis_1,10.7,16.9,20.0,0.8243062520189884
R_101,RH_Vis_1,10.7,17.1,16.0,0.8129700883635982
R_101,RH_Vis_1,10.7,17.3,20.0,0.8035032441607832
R_101,RH_Vis_1,10.7,17.5,16.0,0.7938577970279849
R_101,RH_Vis_1,10.7,17.700000000000003,16.0,0.7938577970279849
R_101,RH_Vis_1,10.7,17.9,12.0,0.7819605385026515
R_101,RH_Vis_1,10.9,8.1,0.0,
R_101,RH_Vis_1,10.9,8.3,0.0,
R_101,RH_Vis_1,10.9,8.5,0.0,
R_101,RH_Vis_1,10.9,8.7,0.0,
R_101,RH_Vis_1,10.9,8.9,0.0,
R_101,RH_Vis_1,10.9,9.1,0.0,
R_101,RH_Vis_1,10.9,9.3,0.0,
R_101,RH_Vis_1,10.9,9.5,0.0,
R_101,RH_Vis_1,10.9,9.7,0.0,
R_101,RH_Vis_1,10.9,9.9,1.0,
R_101,RH_Vis_1,10.9,10.1,1.0,
R_101,RH_Vis_1,10.9,10.3,3.0,0.8053843901531058
R_101,RH_Vis_1,10.9,10.5,6.0,0.8370635981592972
R_101,RH_Vis_1,10.9,10.7,6.0,0.8370635981592972
R_101,RH_Vis_1,10.9,10.9,10.0,0.8689862829512031
R_101,RH_Vis_1,10.9,11.1,10.0,0.8689862829512031
R_101,RH_Vis_1,10.9,11.3,15.0,0.8960960095999866
R_101,RH_Vis_1,10.9,11.5,14.0,0.9064155633573492
R_101,RH_Vis_1,10.9,11.7,19.0,0.9203494373803389
R_101,RH_Vis_1,10.9,11.9,17.0,0.9307122586331783
R_101,RH_Vis_1,10.9,12.1,22.0,0.9398886749102281
R_101,RH_Vis_1,10.9,12.3,19.0,0.951122233133082
R_101,RH_Vis_1,10.9,12.5,24.0,0.9565474826159185
R_101,RH_Vis_1,10.9,12.700000000000001,20.0,0.96448291711129
R_101,RH_Vis_1,10.9,12.9,25.0,0.9664340683284016
R_101,RH_Vis_1,10.9,13.1,25.0,0.971796464902109
R_101,RH_Vis_1,10.9,13.3,20.0,0.9749045099664592
R_101,RH_Vis_1,10.9,13.5,25.0,0.9728508054093179
R_101,RH_Vis_1,10.9,13.700000000000001,20.0,0.9732913841985977
R_101,RH_Vis_1,10.9,13.9,25.0,0.969760587159953
R_101,RH_Vis_1,10.9,14.1,20.0,0.9679098762872668
R_101,RH_Vis_1,10.9,14.3,25.0,0.9627057856765141
R_101,RH_Vis_1,10.9,14.5,20.0,0.9598225637964306
R_101,RH_Vis_1,10.9,14.700000000000001,25.0,0.9526524310471463
R_101,RH_Vis_1,10.9,14.9,20.0,0.9465336773674098
R_101,RH_Vis_1,10.9,15.1,25.0,0.9383904481927421
R_101,RH_Vis_1,10.9,15.3,20.0,0.9318290634457391
R_101,RH_Vis_1,10.9,15.5,25.0,0.923575599587638
R_101,RH_Vis_1,10.9,15.700000000000001,25.0,0.9061733402077867
R_101,RH_Vis_1,10.9,15.9,20.0,0.8972443194513575
R_101,RH_Vis_1,10.9,16.1,25.0,0.8888581772221229
R_101,RH_Vis_1,10.9,16.3,20.0,0.8800797465151515
R_101,RH_Vis_1,10.9,16.5,25.0,0.8707450113013635
R_101,RH_Vis_1,10.9,16.700000000000003,20.0,0.8619768812531869
R_101,RH_Vis_1,10.9,16.9,25.0,0.8521695138599381
R_101,RH_Vis_1,10.9,17.1,20.0,0.8425714562861144
R_101,RH_Vis_1,10.9,17.3,25.0,0.8337302806132625
R_101,RH_Vis_1,10.9,17.5,20.0,0.825006325240049
R_101,RH_Vis_1,10.9,17.700000000000003,20.0,0.825006325240049
R_101,RH_Vis_1,10.9,17.9,15.0,0.8149038975516706
R_101,RH_Vis_1,11.1,8.1,0.0,
R_101,RH_Vis_1,11.1,8.3,0.0,
R_101,RH_Vis_1,11.1,8.5,0.0,
R_101,RH_Vis_1,11.1,8.7,0.0,
R_101,RH_Vis_1,11.1,8.9,0.0,
R_101,RH_Vis_1,11.1,9.1,0.0,
R_101,RH_Vis_1,11.1,9.3,0.0,
R_101,RH_Vis_1,11.1,9.5,0.0,
R_101,RH_Vis_1,11.1,9.7,0.0,
R_101,RH_Vis_1,11.1,9.9,0.0,
R_101,RH_Vis_1,11.1,10.1,0.0,
R_101,RH_Vis_1,11.1,10.3,1.0,
R_101,RH_Vis_1,11.1,10.5,3.0,0.8837103157628009
R_101,RH_Vis_1,11.1,10.7,3.0,0.8837103157628009
R_101,RH_Vis_1,11.1,10.9,6.0,0.9126741141884089
R_101,RH_Vis_1,11.1,11.1,6.0,0.9126741141884089
R_101,RH_Vis_1,11.1,11.3,10.0,0.9367994016687063
R_101,RH_Vis_1,11.1,11.5,10.0,0.9367994016687063
R_101,RH_Vis_1,11.1,11.7,14.0,0.9499318141285454
R_101,RH_Vis_1,11.1,11.9,13.0,0.9564484436217662
R_101,RH_Vis_1,11.1,12.1,17.0,0.9657385418052254
R_101,RH_Vis_1,11.1,12.3,15.0,0.9754426596078071
R_101,RH_Vis_1,11.1,12.5,19.0,0.98105940474668
R_101,RH_Vis_1,11.1,12.700000000000001,16.0,0.9884509345215542
R_101,RH_Vis_1,11.1,12.9,20.0,0.9904163428554273
R_101,RH_Vis_1,11.1,13.1,20.0,0.9958895616554326
R_101,RH_Vis_1,11.1,13.3,16.0,0.9991712407497546
R_101,RH_Vis_1,11.1,13.5,20.0,0.9971958877652272
R_101,RH_Vis_1,11.1,13.700000000000001,16.0,0.9975120194811669
R_101,RH_Vis_1,11.1,13.9,20.0,0.993678959656477
R_101,RH_Vis_1,11.1,14.1,16.0,0.9915681498162329
R_101,RH_Vis_1,11.1,14.3,20.0,0.9865592043804954
R_101,RH_Vis_1,11.1,14.5,16.0,0.9836295114278896
R_101,RH_Vis_1,11.1,14.700000000000001,20.0,0.9771405462868744
R_101,RH_Vis_1,11.1,14.9,16.0,0.9713373261362984
R_101,RH_Vis_1,11.1,15.1,20.0,0.963608064286278
R_101,RH_Vis_1,11.1,15.3,16.0,0.9571864614010681
R_101,RH_Vis_1,11.1,15.5,20.0,0.9495639047368185
R_101,RH_Vis_1,11.1,15.700000000000001,20.0,0.9339148577034269
R_101,RH_Vis_1,11.1,15.9,16.0,0.9257627164698973
R_101,RH_Vis_1,11.1,16.1,20.0,0.9181687412294167
R_101,RH_Vis_1,11.1,16.3,16.0,0.9099147551060673
R_101,RH_Vis_1,11.1,16.5,20.0,0.9021685931698229
R_101,RH_Vis_1,11.1,16.700000000000003,16.0,0.8945379872407297
R_101,RH_Vis_1,11.1,16.9,20.0,0.8856631108634161
R_101,RH_Vis_1,11.1,17.1,16.0,0.8773104690593153
R_101,RH_Vis_1,11.1,17.3,20.0,0.8692832790507504
R_101,RH_Vis_1,11.1,17.5,16.0,0.861578727515748
R_101,RH_Vis_1,11.1,17.700000000000003,16.0,0.861578727515748
R_101,RH_Vis_1,11.1,17.9,12.0,0.8528406899318327
R_101,RH_Vis_1,11.3,8.1,0.0,
R_101,RH_Vis_1,11.3,8.3,0.0,
R_101,RH_Vis_1,11.3,8.5,0.0,
R_101,RH_Vis_1,11.3,8.7,0.0,
R_101,RH_Vis_1,11.3,8.9,0.0,
R_101,RH_Vis_1,11.3,9.1,0.0,
R_101,RH_Vis_1,11.3,9.3,0.0,
R_101,RH_Vis_1,11.3,9.5,0.0,
R_101,RH_Vis_1,11.3,9.7,0.0,
R_101,RH_Vis_1,11.3,9.9,0.0,
R_101,RH_Vis_1,11.3,10.1,0.0,
R_101,RH_Vis_1,11.3,10.3,1.0,
R_101,RH_Vis_1,11.3,10.5,3.0,0.8837103157628009
R_101,RH_Vis_1,11.3,10.7,3.0,0.8837103157628009
R_101,RH_Vis_1,11.3,10.9,6.0,0.9126741141884089
R_101,RH_Vis_1,11.3,11.1,6.0,0.9126741141884089
R_101,RH_Vis_1,11.3,11.3,10.0,0.9367994016687063
R_101,RH_Vis_1,11.3,11.5,10.0,0.9367994016687063
R_101,RH_Vis_1,11.3,11.7,15.0,0.9568473594209391
R_101,RH_Vis_1,11.3,11.9,14.0,0.963392482899815
R_101,RH_Vis_1,11.3,12.1,19.0,0.975043863910794
R_101,RH_Vis_1,11.3,12.3,17.0,0.9847010645725507
R_101,RH_Vis_1,11.3,12.5,22.0,0.9911954484943419
R_101,RH_Vis_1,11.3,12.700000000000001,19.0,0.9990203225807089
R_101,RH_Vis_1,11.3,12.9,24.0,1.0018667499881968
R_101,RH_Vis_1,11.3,13.1,25.0,1.0084052817268192
R_101,RH_Vis_1,11.3,13.3,20.0,1.011270783427173
R_101,RH_Vis_1,11.3,13.5,25.0,1.0097840520674282
R_101,RH_Vis_1,11.3,13.700000000000001,20.0,1.0103131323989012
R_101,RH_Vis_1,11.3,13.9,25.0,1.0069897761438287
R_101,RH_Vis_1,11.3,14.1,20.0,1.005418131722678
R_101,RH_Vis_1,11.3,14.3,25.0,1.0006609427530069
R_101,RH_Vis_1,11.3,14.5,20.0,0.9976553849070958
R_101,RH_Vis_1,11.3,14.700000000000001,25.0,0.9921349967433865
R_101,RH_Vis_1,11.3,14.9,20.0,0.9873047771787148
R_101,RH_Vis_1,11.3,15.1,25.0,0.9803241582568596
R_101,RH_Vis_1,11.3,15.3,20.0,0.9744459161639621
R_101,RH_Vis_1,11.3,15.5,25.0,0.9673656763530042
R_101,RH_Vis_1,11.3,15.700000000000001,25.0,0.9537454567094497
R_101,RH_Vis_1,11.3,15.9,20.0,0.9467737741682315
R_101,RH_Vis_1,11.3,16.1,25.0,0.9403558569738101
R_101,RH_Vis_1,11.3,16.3,20.0,0.9329314601951255
R_101,RH_Vis_1,11.3,16.5,25.0,0.9260749909345641
R_101,RH_Vis_1,11.3,16.700000000000003,20.0,0.9194933180258456
R_101,RH_Vis_1,11.3,16.9,25.0,0.9119545106421921
R_101,RH_Vis_1,11.3,17.1,20.0,0.9051819590254473
R_101,RH_Vis_1,11.3,17.3,25.0,0.8978703192976834
R_101,RH_Vis_1,11.3,17.5,20.0,0.8909390858956625
R_101,RH_Vis_1,11.3,17.700000000000003,20.0,0.8909390858956625
R_101,RH_Vis_1,11.3,17.9,15.0,0.8830240517955084
R_101,RH_Vis_1,11.5,8.1,0.0,
R_101,RH_Vis_1,11.5,8.3,0.0,
R_101,RH_Vis_1,11.5,8.5,0.0,
R_101,RH_Vis_1,11.5,8.7,0.0,
R_101,RH_Vis_1,11.5,8.9,0.0,
R_101,RH_Vis_1,11.5,9.1,0.0,
R_101,RH_Vis_1,11.5,9.3,0.0,
R_101,RH_Vis_1,11.5,9.5,0.0,
R_101,RH_Vis_1,11.5,9.7,0.0,
R_101,RH_Vis_1,11.5,9.9,0.0,
R_101,RH_Vis_1,11.5,10.1,0.0,
R_101,RH_Vis_1,11.5,10.3,0.0,
R_101,RH_Vis_1,11.5,10.5,1.0,
R_101,RH_Vis_1,11.5,10.7,1.0,
R_101,RH_Vis_1,11.5,10.9,3.0,0.944626465802938
R_101,RH_Vis_1,11.5,11.1,3.0,0.944626465802938
R_101,RH_Vis_1,11.5,11.3,6.0,0.966777210458425
R_101,RH_Vis_1,11.5,11.5,6.0,0.966777210458425
R_101,RH_Vis_1,11.5,11.7,10.0,0.9856934400618925
R_101,RH_Vis_1,11.5,11.9,10.0,0.9856934400618925
R_101,RH_Vis_1,11.5,12.1,14.0,0.9962075016508912
R_101,RH_Vis_1,11.5,12.3,13.0,1.0031487924555138
R_101,RH_Vis_1,11.5,12.5,17.0,1.0089458930954807
R_101,RH_Vis_1,11.5,12.700000000000001,15.0,1.0149447670936766
R_101,RH_Vis_1,11.5,12.9,19.0,1.018074233818168
R_101,RH_Vis_1,11.5,13.1,20.0,1.0242149553736297
R_101,RH_Vis_1,11.5,13.3,16.0,1.0267517481002635
R_101,RH_Vis_1,11.5,13.5,20.0,1.025692978336113
R_101,RH_Vis_1,11.5,13.700000000000001,16.0,1.0264930590142942
R_101,RH_Vis_1,11.5,13.9,20.0,1.0229481039888701
R_101,RH_Vis_1,11.5,14.1,16.0,1.0217385124422447
R_101,RH_Vis_1,11.5,14.3,20.0,1.0169054585683512
R_101,RH_Vis_1,11.5,14.5,16.0,1.0136793897016867
R_101,RH_Vis_1,11.5,14.700000000000001,20.0,1.0087154153227043
R_101,RH_Vis_1,11.5,14.9,16.0,1.0041647360115593
R_101,RH_Vis_1,11.5,15.1,20.0,0.9977274778492653
R_101,RH_Vis_1,11.5,15.3,16.0,0.991794872491704
R_101,RH_Vis_1,11.5,15.5,20.0,0.9853322038799597
R_101,RH_Vis_1,11.5,15.700000000000001,20.0,0.9739897547716518
R_101,RH_Vis_1,11.5,15.9,16.0,0.9680938826963703
R_101,RH_Vis_1,11.5,16.1,20.0,0.9630605494761462
R_101,RH_Vis_1,11.5,16.3,16.0,0.9566108073934891
R_101,RH_Vis_1,11.5,16.5,20.0,0.9507945389076046
R_101,RH_Vis_1,11.5,16.700000000000003,16.0,0.9454985623344833
R_101,RH_Vis_1,11.5,16.9,20.0,0.939383122567872
R_101,RH_Vis_1,11.5,17.1,16.0,0.9343585208515943
R_101,RH_Vis_1,11.5,17.3,20.0,0.9278201992274964
R_101,RH_Vis_1,11.5,17.5,16.0,0.9217612394479617
R_101,RH_Vis_1,11.5,17.700000000000003,16.0,0.9217612394479617
R_101,RH_Vis_1,11.5,17.9,12.0,0.9147059137321994
R_101,RH_Vis_1,11.7,8.1,0.0,
R_101,RH_Vis_1,11.7,8.3,0.0,
R_101,RH_Vis_1,11.7,8.5,0.0,
R_101,RH_Vis_1,11.7,8.7,0.0,
R_101,RH_Vis_1,11.7,8.9,0.0,
R_101,RH_Vis_1,11.7,9.1,0.0,
R_101,RH_Vis_1,11.7,9.3,0.0,
R_101,RH_Vis_1,11.7,9.5,0.0,
R_101,RH_Vis_1,11.7,9.7,0.0,
R_101,RH_Vis_1,11.7,9.9,0.0,
R_101,RH_Vis_1,11.7,10.1,0.0,
R_101,RH_Vis_1,11.7,10.3,0.0,
R_101,RH_Vis_1,11.7,10.5,1.0,
R_101,RH_Vis_1,11.7,10.7,1.0,
R_101,RH_Vis_1,11.7,10.9,3.0,0.944626465802938
R_101,RH_Vis_1,11.7,11.1,3.0,0.944626465802938
R_101,RH_Vis_1,11.7,11.3,6.0,0.966777210458425
R_101,RH_Vis_1,11.7,11.5,6.0,0.966777210458425
R_101,RH_Vis_1,11.7,11.7,10.0,0.9856934400618925
R_101,RH_Vis_1,11.7,11.9,10.0,0.9856934400618925
R_101,RH_Vis_1,11.7,12.1,15.0,0.9990748678037397
R_101,RH_Vis_1,11.7,12.3,14.0,1.0057251639903784
R_101,RH_Vis_1,11.7,12.5,19.0,1.012570297921031
R_101,RH_Vis_1,11.7,12.700000000000001,17.0,1.0182898226047985
R_101,RH_Vis_1,11.7,12.9,22.0,1.0222208121270973
R_101,RH_Vis_1,11.7,13.1,24.0,1.0280536674831597
R_101,RH_Vis_1,11.7,13.3,20.0,1.0308508440863728
R_101,RH_Vis_1,11.7,13.5,25.0,1.0303017779813601
R_101,RH_Vis_1,11.7,13.700000000000001,20.0,1.0314177916548417
R_101,RH_Vis_1,11.7,13.9,25.0,1.0288919328818358
R_101,RH_Vis_1,11.7,14.1,20.0,1.02818074787058
R_101,RH_Vis_1,11.7,14.3,25.0,1.0239614998707578
R_101,RH_Vis_1,11.7,14.5,20.0,1.0210553307127188
R_101,RH_Vis_1,11.7,14.700000000000001,25.0,1.0173276657712542
R_101,RH_Vis_1,11.7,14.9,20.0,1.0140988813069964
R_101,RH_Vis_1,11.7,15.1,25.0,1.0086979234974918
R_101,RH_Vis_1,11.7,15.3,20.0,1.0038460259815376
R_101,RH_Vis_1,11.7,15.5,25.0,0.9983257601864329
R_101,RH_Vis_1,11.7,15.700000000000001,25.0,0.9886311045614647
R_101,RH_Vis_1,11.7,15.9,20.0,0.9840177537339635
R_101,RH_Vis_1,11.7,16.1,25.0,0.9796110640506457
R_101,RH_Vis_1,11.7,16.3,20.0,0.9739095785619583
R_101,RH_Vis_1,11.7,16.5,25.0,0.969635524485027
R_101,RH_Vis_1,11.7,16.700000000000003,20.0,0.965270882541415
R_101,RH_Vis_1,11.7,16.9,25.0,0.9598700861297564
R_101,RH_Vis_1,11.7,17.1,20.0,0.9557764334106921
R_101,RH_Vis_1,11.7,17.3,25.0,0.9502772030818268
R_101,RH_Vis_1,11.7,17.5,20.0,0.9452676989360406
R_101,RH_Vis_1,11.7,17.700000000000003,20.0,0.9452676989360406
R_101,RH_Vis_1,11.7,17.9,15.0,0.9396954968089292
R_101,RH_Vis_1,11.9,8.1,0.0,
R_101,RH_Vis_1,11.9,8.3,0.0,
R_101,RH_Vis_1,11.9,8.5,0.0,
R_101,RH_Vis_1,11.9,8.7,0.0,
R_101,RH_Vis_1,11.9,8.9,0.0,
R_101,RH_Vis_1,11.9,9.1,0.0,
R_101,RH_Vis_1,11.9,9.3,0.0,
R_101,RH_Vis_1,11.9,9.5,0.0,
R_101,RH_Vis_1,11.9,9.7,0.0,
R_101,RH_Vis_1,11.9,9.9,0.0,
R_101,RH_Vis_1,11.9,10.1,0.0,
R_101,RH_Vis_1,11.9,10.3,0.0,
R_101,RH_Vis_1,11.9,10.5,0.0,
R_101,RH_Vis_1,11.9,10.7,0.0,
R_101,RH_Vis_1,11.9,10.9,1.0,
R_101,RH_Vis_1,11.9,11.1,1.0,
R_101,RH_Vis_1,11.9,11.3,3.0,0.9992886925303974
R_101,RH_Vis_1,11.9,11.5,3.0,0.9992886925303974
R_101,RH_Vis_1,11.9,11.7,6.0,1.0151147956848532
R_101,RH_Vis_1,11.9,11.9,6.0,1.0151147956848532
R_101,RH_Vis_1,11.9,12.1,10.0,1.023739976690846
R_101,RH_Vis_1,11.9,12.3,10.0,1.023739976690846
R_101,RH_Vis_1,11.9,12.5,14.0,1.0291045320517929
R_101,RH_Vis_1,11.9,12.700000000000001,13.0,1.0321130063154325
R_101,RH_Vis_1,11.9,12.9,17.0,1.0363853759802188
R_101,RH_Vis_1,11.9,13.1,19.0,1.0408156005590143
R_101,RH_Vis_1,11.9,13.3,16.0,1.042667107131459
R_101,RH_Vis_1,11.9,13.5,20.0,1.0425900147499412
R_101,RH_Vis_1,11.9,13.700000000000001,16.0,1.0440680813874679
R_101,RH_Vis_1,11.9,13.9,20.0,1.0422556421298927
R_101,RH_Vis_1,11.9,14.1,16.0,1.042190572548826
R_101,RH_Vis_1,11.9,14.3,20.0,1.0383449773597875
R_101,RH_Vis_1,11.9,14.5,16.0,1.0353635773520409
R_101,RH_Vis_1,11.9,14.700000000000001,20.0,1.032957807246546
R_101,RH_Vis_1,11.9,14.9,16.0,1.0308962134379156
R_101,RH_Vis_1,11.9,15.1,20.0,1.0262317867841082
R_101,RH_Vis_1,11.9,15.3,16.0,1.022219322174168
R_101,RH_Vis_1,11.9,15.5,20.0,1.017605578371612
R_101,RH_Vis_1,11.9,15.700000000000001,20.0,1.0095853884010773
R_101,RH_Vis_1,11.9,15.9,16.0,1.006241086350438
R_101,RH_Vis_1,11.9,16.1,20.0,1.0023903221686816
R_101,RH_Vis_1,11.9,16.3,16.0,0.9971542210047111
R_101,RH_Vis_1,11.9,16.5,20.0,0.9943506198382597
R_101,RH_Vis_1,11.9,16.700000000000003,16.0,0.9910447547556049
R_101,RH_Vis_1,11.9,16.9,20.0,0.9862614611091297
R_101,RH_Vis_1,11.9,17.1,16.0,0.983039175596065
R_101,RH_Vis_1,11.9,17.3,20.0,0.9784326778212726
R_101,RH_Vis_1,11.9,17.5,16.0,0.9743146134648606
R_101,RH_Vis_1,11.9,17.700000000000003,16.0,0.9743146134648606
R_101,RH_Vis_1,11.9,17.9,12.0,0.9700903961392617
R_101,RH_Vis_1,12.1,8.1,0.0,
R_101,RH_Vis_1,12.1,8.3,0.0,
R_101,RH_Vis_1,12.1,8.5,0.0,
R_101,RH_Vis_1,12.1,8.7,0.0,
R_101,RH_Vis_1,12.1,8.9,0.0,
R_101,RH_Vis_1,12.1,9.1,0.0,
R_101,RH_Vis_1,12.1,9.3,0.0,
R_101,RH_Vis_1,12.1,9.5,0.0,
R_101,RH_Vis_1,12.1,9.7,0.0,
R_101,RH_Vis_1,12.1,9.9,0.0,
R_101,RH_Vis_1,12.1,10.1,0.0,
R_101,RH_Vis_1,12.1,10.3,0.0,
R_101,RH_Vis_1,12.1,10.5,0.0,
R_101,RH_Vis_1,12.1,10.7,0.0,
R_101,RH_Vis_1,12.1,10.9,1.0,
R_101,RH_Vis_1,12.1,11.1,1.0,
R_101,RH_Vis_1,12.1,11.3,3.0,0.9992886925303974
R_101,RH_Vis_1,12.1,11.5,3.0,0.9992886925303974
R_101,RH_Vis_1,12.1,11.7,6.0,1.0151147956848532
R_101,RH_Vis_1,12.1,11.9,6.0,1.0151147956848532
R_101,RH_Vis_1,12.1,12.1,10.0,1.023739976690846
R_101,RH_Vis_1,12.1,12.3,10.0,1.023739976690846
R_101,RH_Vis_1,12.1,12.5,15.0,1.0313064645769063
R_101,RH_Vis_1,12.1,12.700000000000001,14.0,1.0342573287163652
R_101,RH_Vis_1,12.1,12.9,19.0,1.0392492271039517
R_101,RH_Vis_1,12.1,13.1,22.0,1.0433314740034563
R_101,RH_Vis_1,12.1,13.3,19.0,1.0452878806083215
R_101,RH_Vis_1,12.1,13.5,24.0,1.0453617519378466
R_101,RH_Vis_1,12.1,13.700000000000001,20.0,1.047098552685449
R_101,RH_Vis_1,12.1,13.9,25.0,1.0456956574015657
R_101,RH_Vis_1,12.1,14.1,20.0,1.0455097116647005
R_101,RH_Vis_1,12.1,14.3,25.0,1.0427433413048555
R_101,RH_Vis_1,12.1,14.5,20.0,1.040122540983771
R_101,RH_Vis_1,12.1,14.700000000000001,25.0,1.039161595178113
R_101,RH_Vis_1,12.1,14.9,20.0,1.038180552769258
R_101,RH_Vis_1,12.1,15.1,25.0,1.0349589312205667
R_101,RH_Vis_1,12.1,15.3,20.0,1.0322880482781982
R_101,RH_Vis_1,12.1,15.5,25.0,1.0282973189982518
R_101,RH_Vis_1,12.1,15.700000000000001,25.0,1.0227862420088587
R_101,RH_Vis_1,12.1,15.9,20.0,1.0205633375447045
R_101,RH_Vis_1,12.1,16.1,25.0,1.0177705112952204
R_101,RH_Vis_1,12.1,16.3,20.0,1.0133836861301553
R_101,RH_Vis_1,12.1,16.5,25.0,1.011863512578149
R_101,RH_Vis_1,12.1,16.700000000000003,20.0,1.0093112794662356
R_101,RH_Vis_1,12.1,16.9,25.0,1.0056868752851462
R_101,RH_Vis_1,12.1,17.1,20.0,1.0040249936368164
R_101,RH_Vis_1,12.1,17.3,25.0,1.0002127938942507
R_101,RH_Vis_1,12.1,17.5,20.0,0.9971338195380459
R_101,RH_Vis_1,12.1,17.700000000000003,20.0,0.9971338195380459
R_101,RH_Vis_1,12.1,17.9,15.0,0.9939786906182998
R_101,RH_Vis_1,12.3,8.1,0.0,
R_101,RH_Vis_1,12.3,8.3,0.0,
R_101,RH_Vis_1,12.3,8.5,0.0,
R_101,RH_Vis_1,12.3,8.7,0.0,
R_101,RH_Vis_1,12.3,8.9,0.0,
R_101,RH_Vis_1,12.3,9.1,0.0,
R_101,RH_Vis_1,12.3,9.3,0.0,
R_101,RH_Vis_1,12.3,9.5,0.0,
R_101,RH_Vis_1,12.3,9.7,0.0,
R_101,RH_Vis_1,12.3,9.9,0.0,
R_101,RH_Vis_1,12.3,10.1,0.0,
R_101,RH_Vis_1,12.3,10.3,0.0,
R_101,RH_Vis_1,12.3,10.5,0.0,
R_101,RH_Vis_1,12.3,10.7,0.0,
R_101,RH_Vis_1,12.3,10.9,0.0,
R_101,RH_Vis_1,12.3,11.1,0.0,
R_101,RH_Vis_1,12.3,11.3,1.0,
R_101,RH_Vis_1,12.3,11.5,1.0,
R_101,RH_Vis_1,12.3,11.7,3.0,1.0293226798474027
R_101,RH_Vis_1,12.3,11.9,3.0,1.0293226798474027
R_101,RH_Vis_1,12.3,12.1,6.0,1.036367055029007
R_101,RH_Vis_1,12.3,12.3,6.0,1.036367055029007
R_101,RH_Vis_1,12.3,12.5,10.0,1.0430643046406654
R_101,RH_Vis_1,12.3,12.700000000000001,10.0,1.0430643046406654
R_101,RH_Vis_1,12.3,12.9,14.0,1.0480604198805
R_101,RH_Vis_1,12.3,13.1,17.0,1.0501388162349101
R_101,RH_Vis_1,12.3,13.3,15.0,1.051038104350918
R_101,RH_Vis_1,12.3,13.5,19.0,1.050954687371305
R_101,RH_Vis_1,12.3,13.700000000000001,16.0,1.0523690480889352
R_101,RH_Vis_1,12.3,13.9,20.0,1.0512484251103433
R_101,RH_Vis_1,12.3,14.1,16.0,1.0507829866233909
R_101,RH_Vis_1,12.3,14.3,20.0,1.048592228930269
R_101,RH_Vis_1,12.3,14.5,16.0,1.0456026091678146
R_101,RH_Vis_1,12.3,14.700000000000001,20.0,1.04624108939657
R_101,RH_Vis_1,12.3,14.9,16.0,1.0465080038407761
R_101,RH_Vis_1,12.3,15.1,20.0,1.0446279639487395
R_101,RH_Vis_1,12.3,15.3,16.0,1.043124486511486
R_101,RH_Vis_1,12.3,15.5,20.0,1.0395746357834619
R_101,RH_Vis_1,12.3,15.700000000000001,20.0,1.0366582673481892
R_101,RH_Vis_1,12.3,15.9,16.0,1.035865534645791
R_101,RH_Vis_1,12.3,16.1,20.0,1.033886375763948
R_101,RH_Vis_1,12.3,16.3,16.0,1.0301592171270373
R_101,RH_Vis_1,12.3,16.5,20.0,1.0303682819197355
R_101,RH_Vis_1,12.3,16.700000000000003,16.0,1.028683401304521
R_101,RH_Vis_1,12.3,16.9,20.0,1.026487285836885
R_101,RH_Vis_1,12.3,17.1,16.0,1.026765299078265
R_101,RH_Vis_1,12.3,17.3,20.0,1.0235738458484764
R_101,RH_Vis_1,12.3,17.5,16.0,1.0214212845556925
R_101,RH_Vis_1,12.3,17.700000000000003,16.0,1.0214212845556925
R_101,RH_Vis_1,12.3,17.9,12.0,1.0199051326620647
R_101,RH_Vis_1,12.5,8.1,0.0,
R_101,RH_Vis_1,12.5,8.3,0.0,
R_101,RH_Vis_1,12.5,8.5,0.0,
R_101,RH_Vis_1,12.5,8.7,0.0,
R_101,RH_Vis_1,12.5,8.9,0.0,
R_101,RH_Vis_1,12.5,9.1,0.0,
R_101,RH_Vis_1,12.5,9.3,0.0,
R_101,RH_Vis_1,12.5,9.5,0.0,
R_101,RH_Vis_1,12.5,9.7,0.0,
R_101,RH_Vis_1,12.5,9.9,0.0,
R_101,RH_Vis_1,12.5,10.1,0.0,
R_101,RH_Vis_1,12.5,10.3,0.0,
R_101,RH_Vis_1,12.5,10.5,0.0,
R_101,RH_Vis_1,12.5,10.7,0.0,
R_101,RH_Vis_1,12.5,10.9,0.0,
R_101,RH_Vis_1,12.5,11.1,0.0,
R_101,RH_Vis_1,12.5,11.3,1.0,
R_101,RH_Vis_1,12.5,11.5,1.0,
R_101,RH_Vis_1,12.5,11.7,3.0,1.0293226798474027
R_101,RH_Vis_1,12.5,11.9,3.0,1.0293226798474027
R_101,RH_Vis_1,12.5,12.1,6.0,1.036367055029007
R_101,RH_Vis_1,12.5,12.3,6.0,1.036367055029007
R_101,RH_Vis_1,12.5,12.5,10.0,1.0430643046406654
R_101,RH_Vis_1,12.5,12.700000000000001,10.0,1.0430643046406654
R_101,RH_Vis_1,12.5,12.9,15.0,1.0460641818195984
R_101,RH_Vis_1,12.5,13.1,19.0,1.0483457097822215
R_101,RH_Vis_1,12.5,13.3,17.0,1.04892824559603
R_101,RH_Vis_1,12.5,13.5,22.0,1.049261387442205
R_101,RH_Vis_1,12.5,13.700000000000001,19.0,1.050185064899825
R_101,RH_Vis_1,12.5,13.9,24.0,1.050017714536086
R_101,RH_Vis_1,12.5,14.1,20.0,1.0493992216316728
R_101,RH_Vis_1,12.5,14.3,25.0,1.048653288327908
R_101,RH_Vis_1,12.5,14.5,20.0,1.0478006263655189
R_101,RH_Vis_1,12.5,14.700000000000001,25.0,1.048582142074479
R_101,RH_Vis_1,12.5,14.9,20.0,1.0492884032240615
R_101,RH_Vis_1,12.5,15.1,25.0,1.0482190362928372
R_101,RH_Vis_1,12.5,15.3,20.0,1.0476752779362468
R_101,RH_Vis_1,12.5,15.5,25.0,1.0451674540313776
R_101,RH_Vis_1,12.5,15.700000000000001,25.0,1.0437036892364868
R_101,RH_Vis_1,12.5,15.9,20.0,1.0432122227673963
R_101,RH_Vis_1,12.5,16.1,25.0,1.0427849847135706
R_101,RH_Vis_1,12.5,16.3,20.0,1.0405541796643836
R_101,RH_Vis_1,12.5,16.5,25.0,1.0415770495563772
R_101,RH_Vis_1,12.5,16.700000000000003,20.0,1.0409859198034865
R_101,RH_Vis_1,12.5,16.9,25.0,1.0395192133265199
R_101,RH_Vis_1,12.5,17.1,20.0,1.0406149770551747
R_101,RH_Vis_1,12.5,17.3,25.0,1.0387726814777387
R_101,RH_Vis_1,12.5,17.5,20.0,1.0379501120523174
R_101,RH_Vis_1,12.5,17.700000000000003,20.0,1.0379501120523174
R_101,RH_Vis_1,12.5,17.9,15.0,1.0369081385703336
R_101,RH_Vis_1,12.700000000000001,8.1,0.0,
R_101,RH_Vis_1,12.700000000000001,8.3,0.0,
R_101,RH_Vis_1,12.700000000000001,8.5,0.0,
R_101,RH_Vis_1,12.700000000000001,8.7,0.0,
R_101,RH_Vis_1,12.700000000000001,8.9,0.0,
R_101,RH_Vis_1,12.700000000000001,9.1,0.0,
R_101,RH_Vis_1,12.700000000000001,9.3,0.0,
R_101,RH_Vis_1,12.700000000000001,9.5,0.0,
R_101,RH_Vis_1,12.700000000000001,9.7,0.0,
R_101,RH_Vis_1,12.700000000000001,9.9,0.0,
R_101,RH_Vis_1,12.700000000000001,10.1,0.0,
R_101,RH_Vis_1,12.700000000000001,10.3,0.0,
R_101,RH_Vis_1,12.700000000000001,10.5,0.0,
R_101,RH_Vis_1,12.700000000000001,10.7,0.0,
R_101,RH_Vis_1,12.700000000000001,10.9,0.0,
R_101,RH_Vis_1,12.700000000000001,11.1,0.0,
R_101,RH_Vis_1,12.700000000000001,11.3,0.0,
R_101,RH_Vis_1,12.700000000000001,11.5,0.0,
R_101,RH_Vis_1,12.700000000000001,11.7,1.0,
R_101,RH_Vis_1,12.700000000000001,11.9,1.0,
R_101,RH_Vis_1,12.700000000000001,12.1,3.0,1.0491653991866239
R_101,RH_Vis_1,12.700000000000001,12.3,3.0,1.0491653991866239
R_101,RH_Vis_1,12.700000000000001,12.5,6.0,1.052510029082252
R_101,RH_Vis_1,12.700000000000001,12.700000000000001,6.0,1.052510029082252
R_101,RH_Vis_1,12.700000000000001,12.9,10.0,1.0527223339137464
R_101,RH_Vis_1,12.700000000000001,13.1,14.0,1.0518095963934702
R_101,RH_Vis_1,12.700000000000001,13.3,13.0,1.05166687353801
R_101,RH_Vis_1,12.700000000000001,13.5,17.0,1.0527565673162416
R_101,RH_Vis_1,12.700000000000001,13.700000000000001,15.0,1.0535353626887125
R_101,RH_Vis_1,12.700000000000001,13.9,19.0,1.0545914048334293
R_101,RH_Vis_1,12.700000000000001,14.1,16.0,1.054354544681345
R_101,RH_Vis_1,12.700000000000001,14.3,20.0,1.054621971081757
R_101,RH_Vis_1,12.700000000000001,14.5,16.0,1.0550172660619492
R_101,RH_Vis_1,12.700000000000001,14.700000000000001,20.0,1.0564531414563467
R_101,RH_Vis_1,12.700000000000001,14.9,16.0,1.0581844886722385
R_101,RH_Vis_1,12.700000000000001,15.1,20.0,1.058054768716303
R_101,RH_Vis_1,12.700000000000001,15.3,16.0,1.0584939428715052
R_101,RH_Vis_1,12.700000000000001,15.5,20.0,1.056868939189481
R_101,RH_Vis_1,12.700000000000001,15.700000000000001,20.0,1.0569348474209797
R_101,RH_Vis_1,12.700000000000001,15.9,16.0,1.0572456401053731
R_101,RH_Vis_1,12.700000000000001,16.1,20.0,1.0581470326533664
R_101,RH_Vis_1,12.700000000000001,16.3,16.0,1.0571346300582238
R_101,RH_Vis_1,12.700000000000001,16.5,20.0,1.0587568131072236
R_101,RH_Vis_1,12.700000000000001,16.700000000000003,16.0,1.0590620441608891
R_101,RH_Vis_1,12.700000000000001,16.9,20.0,1.0584933763522155
R_101,RH_Vis_1,12.700000000000001,17.1,16.0,1.0605244893249235
R_101,RH_Vis_1,12.700000000000001,17.3,20.0,1.0598062452413786
R_101,RH_Vis_1,12.700000000000001,17.5,16.0,1.0600375305433198
R_101,RH_Vis_1,12.700000000000001,17.700000000000003,16.0,1.0600375305433198
R_101,RH_Vis_1,12.700000000000001,17.9,12.0,1.05946583977598
R_101,RH_Vis_1,12.9,8.1,0.0,
R_101,RH_Vis_1,12.9,8.3,0.0,
R_101,RH_Vis_1,12.9,8.5,0.0,
R_101,RH_Vis_1,12.9,8.7,0.0,
R_101,RH_Vis_1,12.9,8.9,0.0,
R_101,RH_Vis_1,12.9,9.1,0.0,
R_101,RH_Vis_1,12.9,9.3,0.0,
R_101,RH_Vis_1,12.9,9.5,0.0,
R_101,RH_Vis_1,12.9,9.7,0.0,
R_101,RH_Vis_1,12.9,9.9,0.0,
R_101,RH_Vis_1,12.9,10.1,0.0,
R_101,RH_Vis_1,12.9,10.3,0.0,
R_101,RH_Vis_1,12.9,10.5,0.0,
R_101,RH_Vis_1,12.9,10.7,0.0,
R_101,RH_Vis_1,12.9,10.9,0.0,
R_101,RH_Vis_1,12.9,11.1,0.0,
R_101,RH_Vis_1,12.9,11.3,0.0,
R_101,RH_Vis_1,12.9,11.5,0.0,
R_101,RH_Vis_1,12.9,11.7,1.0,
R_101,RH_Vis_1,12.9,11.9,1.0,
R_101,RH_Vis_1,12.9,12.1,3.0,1.0491653991866239
R_101,RH_Vis_1,12.9,12.3,3.0,1.0491653991866239
R_101,RH_Vis_1,12.9,12.5,6.0,1.052510029082252
R_101,RH_Vis_1,12.9,12.700000000000001,6.0,1.052510029082252
R_101,RH_Vis_1,12.9,12.9,10.0,1.0527223339137464
R_101,RH_Vis_1,12.9,13.1,15.0,1.0509572280700878
R_101,RH_Vis_1,12.9,13.3,14.0,1.0507638162526332
R_101,RH_Vis_1,12.9,13.5,19.0,1.0514645621324674
R_101,RH_Vis_1,12.9,13.700000000000001,17.0,1.051999733910086
R_101,RH_Vis_1,12.9,13.9,22.0,1.053151294479443
R_101,RH_Vis_1,12.9,14.1,19.0,1.0527244474533743
R_101,RH_Vis_1,12.9,14.3,24.0,1.053915624215443
R_101,RH_Vis_1,12.9,14.5,20.0,1.054090590826334
R_101,RH_Vis_1,12.9,14.700000000000001,25.0,1.0561328772811642
R_101,RH_Vis_1,12.9,14.9,20.0,1.0583093425057626
R_101,RH_Vis_1,12.9,15.1,25.0,1.0594803226815879
R_101,RH_Vis_1,12.9,15.3,20.0,1.060993740702984
R_101,RH_Vis_1,12.9,15.5,25.0,1.0607977515867613
R_101,RH_Vis_1,12.9,15.700000000000001,25.0,1.063052340299501
R_101,RH_Vis_1,12.9,15.9,20.0,1.06420490139655
R_101,RH_Vis_1,12.9,16.1,25.0,1.066259696053904
R_101,RH_Vis_1,12.9,16.3,20.0,1.0667491142922585
R_101,RH_Vis_1,12.9,16.5,25.0,1.0696005874003247
R_101,RH_Vis_1,12.9,16.700000000000003,20.0,1.0709596734041837
R_101,RH_Vis_1,12.9,16.9,25.0,1.0709740582780025
R_101,RH_Vis_1,12.9,17.1,20.0,1.0737141240670354
R_101,RH_Vis_1,12.9,17.3,25.0,1.0741100883644104
R_101,RH_Vis_1,12.9,17.5,20.0,1.0755527244607737
R_101,RH_Vis_1,12.9,17.700000000000003,20.0,1.0755527244607737
R_101,RH_Vis_1,12.9,17.9,15.0,1.0759106743865918
R_101,RH_Vis_1,13.1,8.1,0.0,
R_101,RH_Vis_1,13.1,8.3,0.0,
R_101,RH_Vis_1,13.1,8.5,0.0,
R_101,RH_Vis_1,13.1,8.7,0.0,
R_101,RH_Vis_1,13.1,8.9,0.0,
R_101,RH_Vis_1,13.1,9.1,0.0,
R_101,RH_Vis_1,13.1,9.3,0.0,
R_101,RH_Vis_1,13.1,9.5,0.0,
R_101,RH_Vis_1,13.1,9.7,0.0,
R_101,RH_Vis_1,13.1,9.9,0.0,
R_101,RH_Vis_1,13.1,10.1,0.0,
R_101,RH_Vis_1,13.1,10.3,0.0,
R_101,RH_Vis_1,13.1,10.5,0.0,
R_101,RH_Vis_1,13.1,10.7,0.0,
R_101,RH_Vis_1,13.1,10.9,0.0,
R_101,RH_Vis_1,13.1,11.1,0.0,
R_101,RH_Vis_1,13.1,11.3,0.0,
R_101,RH_Vis_1,13.1,11.5,0.0,
R_101,RH_Vis_1,13.1,11.7,0.0,
R_101,RH_Vis_1,13.1,11.9,0.0,
R_101,RH_Vis_1,13.1,12.1,1.0,
R_101,RH_Vis_1,13.1,12.3,1.0,
R_101,RH_Vis_1,13.1,12.5,3.0,1.0496296659349695
R_101,RH_Vis_1,13.1,12.700000000000001,3.0,1.0496296659349695
R_101,RH_Vis_1,13.1,12.9,6.0,1.048458032754881
R_101,RH_Vis_1,13.1,13.1,10.0,1.0472017610989484
R_101,RH_Vis_1,13.1,13.3,10.0,1.0472017610989484
R_101,RH_Vis_1,13.1,13.5,15.0,1.0454636219066111
R_101,RH_Vis_1,13.1,13.700000000000001,14.0,1.0459097381896822
R_101,RH_Vis_1,13.1,13.9,19.0,1.0472587992949203
R_101,RH_Vis_1,13.1,14.1,17.0,1.046367422514247
R_101,RH_Vis_1,13.1,14.3,22.0,1.0493772119902367
R_101,RH_Vis_1,13.1,14.5,19.0,1.0497073402663595
R_101,RH_Vis_1,13.1,14.700000000000001,24.0,1.0530361098039627
R_101,RH_Vis_1,13.1,14.9,20.0,1.054579861041745
R_101,RH_Vis_1,13.1,15.1,25.0,1.0582634463985428
R_101,RH_Vis_1,13.1,15.3,20.0,1.0623324721176939
R_101,RH_Vis_1,13.1,15.5,25.0,1.064021921790918
R_101,RH_Vis_1,13.1,15.700000000000001,25.0,1.0702735625409734
R_101,RH_Vis_1,13.1,15.9,20.0,1.0729393291240663
R_101,RH_Vis_1,13.1,16.1,25.0,1.0773417046252465
R_101,RH_Vis_1,13.1,16.3,20.0,1.0802557722698445
R_101,RH_Vis_1,13.1,16.5,25.0,1.0855821570125026
R_101,RH_Vis_1,13.1,16.700000000000003,20.0,1.0887282493091954
R_101,RH_Vis_1,13.1,16.9,25.0,1.0904081643849
R_101,RH_Vis_1,13.1,17.1,20.0,1.0953152753601711
R_101,RH_Vis_1,13.1,17.3,25.0,1.0979567577808187
R_101,RH_Vis_1,13.1,17.5,20.0,1.1018723536910573
R_101,RH_Vis_1,13.1,17.700000000000003,20.0,1.1018723536910573
R_101,RH_Vis_1,13.1,17.9,15.0,1.1041794027114207
R_101,RH_Vis_1,13.3,8.1,0.0,
R_101,RH_Vis_1,13.3,8.3,0.0,
R_101,RH_Vis_1,13.3,8.5,0.0,
R_101,RH_Vis_1,13.3,8.7,0.0,
R_101,RH_Vis_1,13.3,8.9,0.0,
R_101,RH_Vis_1,13.3,9.1,0.0,
R_101,RH_Vis_1,13.3,9.3,0.0,
R_101,RH_Vis_1,13.3,9.5,0.0,
R_101,RH_Vis_1,13.3,9.7,0.0,
R_101,RH_Vis_1,13.3,9.9,0.0,
R_101,RH_Vis_1,13.3,10.1,0.0,
R_101,RH_Vis_1,13.3,10.3,0.0,
R_101,RH_Vis_1,13.3,10.5,0.0,
R_101,RH_Vis_1,13.3,10.7,0.0,
R_101,RH_Vis_1,13.3,10.9,0.0,
R_101,RH_Vis_1,13.3,11.1,0.0,
R_101,RH_Vis_1,13.3,11.3,0.0,
R_101,RH_Vis_1,13.3,11.5,0.0,
R_101,RH_Vis_1,13.3,11.7,0.0,
R_101,RH_Vis_1,13.3,11.9,0.0,
R_101,RH_Vis_1,13.3,12.1,0.0,
R_101,RH_Vis_1,13.3,12.3,0.0,
R_101,RH_Vis_1,13.3,12.5,1.0,
R_101,RH_Vis_1,13.3,12.700000000000001,1.0,
R_101,RH_Vis_1,13.3,12.9,3.0,1.0484335907594462
R_101,RH_Vis_1,13.3,13.1,6.0,1.0471714498110396
R_101,RH_Vis_1,13.3,13.3,6.0,1.0471714498110396
R_101,RH_Vis_1,13.3,13.5,10.0,1.0438269445787425
R_101,RH_Vis_1,13.3,13.700000000000001,10.0,1.0438269445787425
R_101,RH_Vis_1,13.3,13.9,14.0,1.045327210309643
R_101,RH_Vis_1,13.3,14.1,13.0,1.0440344172620393
R_101,RH_Vis_1,13.3,14.3,17.0,1.0485511963754872
R_101,RH_Vis_1,13.3,14.5,15.0,1.0494802057355626
R_101,RH_Vis_1,13.3,14.700000000000001,19.0,1.0533675419719908
R_101,RH_Vis_1,13.3,14.9,16.0,1.0547659606799955
R_101,RH_Vis_1,13.3,15.1,20.0,1.0596843814755785
R_101,RH_Vis_1,13.3,15.3,16.0,1.064902930161899
R_101,RH_Vis_1,13.3,15.5,20.0,1.0674524058855663
R_101,RH_Vis_1,13.3,15.700000000000001,20.0,1.0760428272460376
R_101,RH_Vis_1,13.3,15.9,16.0,1.0792458519339987
R_101,RH_Vis_1,13.3,16.1,20.0,1.085223850194397
R_101,RH_Vis_1,13.3,16.3,16.0,1.0895435495283468
R_101,RH_Vis_1,13.3,16.5,20.0,1.095727829566949
R_101,RH_Vis_1,13.3,16.700000000000003,16.0,1.0998202707942084
R_101,RH_Vis_1,13.3,16.9,20.0,1.1025557203868015
R_101,RH_Vis_1,13.3,17.1,16.0,1.1087820732884432
R_101,RH_Vis_1,13.3,17.3,20.0,1.1124196426012367
R_101,RH_Vis_1,13.3,17.5,16.0,1.1175170578917326
R_101,RH_Vis_1,13.3,17.700000000000003,16.0,1.1175170578917326
R_101,RH_Vis_1,13.3,17.9,12.0,1.1203107961103136
R_101,RH_Vis_1,13.5,8.1,0.0,
R_101,RH_Vis_1,13.5,8.3,0.0,
R_101,RH_Vis_1,13.5,8.5,0.0,
R_101,RH_Vis_1,13.5,8.7,0.0,
R_101,RH_Vis_1,13.5,8.9,0.0,
R_101,RH_Vis_1,13.5,9.1,0.0,
R_101,RH_Vis_1,13.5,9.3,0.0,
R_101,RH_Vis_1,13.5,9.5,0.0,
R_101,RH_Vis_1,13.5,9.7,0.0,
R_101,RH_Vis_1,13.5,9.9,0.0,
R_101,RH_Vis_1,13.5,10.1,0.0,
R_101,RH_Vis_1,13.5,10.3,0.0,
R_101,RH_Vis_1,13.5,10.5,0.0,
R_101,RH_Vis_1,13.5,10.7,0.0,
R_101,RH_Vis_1,13.5,10.9,0.0,
R_101,RH_Vis_1,13.5,11.1,0.0,
R_101,RH_Vis_1,13.5,11.3,0.0,
R_101,RH_Vis_1,13.5,11.5,0.0,
R_101,RH_Vis_1,13.5,11.7,0.0,
R_101,RH_Vis_1,13.5,11.9,0.0,
R_101,RH_Vis_1,13.5,12.1,0.0,
R_101,RH_Vis_1,13.5,12.3,0.0,
R_101,RH_Vis_1,13.5,12.5,1.0,
R_101,RH_Vis_1,13.5,12.700000000000001,1.0,
R_101,RH_Vis_1,13.5,12.9,3.0,1.0484335907594462
R_101,RH_Vis_1,13.5,13.1,6.0,1.0471714498110396
R_101,RH_Vis_1,13.5,13.3,6.0,1.0471714498110396
R_101,RH_Vis_1,13.5,13.5,10.0,1.0438269445787425
R_101,RH_Vis_1,13.5,13.700000000000001,10.0,1.0438269445787425
R_101,RH_Vis_1,13.5,13.9,15.0,1.043886076088865
R_101,RH_Vis_1,13.5,14.1,14.0,1.0425826872431776
R_101,RH_Vis_1,13.5,14.3,19.0,1.0467115616547904
R_101,RH_Vis_1,13.5,14.5,17.0,1.0473148481818335
R_101,RH_Vis_1,13.5,14.700000000000001,22.0,1.0509009181646904
R_101,RH_Vis_1,13.5,14.9,19.0,1.0516890670018575
R_101,RH_Vis_1,13.5,15.1,24.0,1.056976463617376
R_101,RH_Vis_1,13.5,15.3,20.0,1.060609718994792
R_101,RH_Vis_1,13.5,15.5,25.0,1.0648618990745773
R_101,RH_Vis_1,13.5,15.700000000000001,25.0,1.0750603311587534
R_101,RH_Vis_1,13.5,15.9,20.0,1.0792573114466155
R_101,RH_Vis_1,13.5,16.1,25.0,1.086440514027264
R_101,RH_Vis_1,13.5,16.3,20.0,1.0922772535074787
R_101,RH_Vis_1,13.5,16.5,25.0,1.0993157994093676
R_101,RH_Vis_1,13.5,16.700000000000003,20.0,1.104877606572623
R_101,RH_Vis_1,13.5,16.9,25.0,1.1081673468734554
R_101,RH_Vis_1,13.5,17.1,20.0,1.1147415287433895
R_101,RH_Vis_1,13.5,17.3,25.0,1.119325969857431
R_101,RH_Vis_1,13.5,17.5,20.0,1.125408337439291
R_101,RH_Vis_1,13.5,17.700000000000003,20.0,1.125408337439291
R_101,RH_Vis_1,13.5,17.9,15.0,1.1288200084691018
R_101,RH_Vis_1,13.700000000000001,8.1,0.0,
R_101,RH_Vis_1,13.700000000000001,8.3,0.0,
R_101,RH_Vis_1,13.700000000000001,8.5,0.0,
R_101,RH_Vis_1,13.700000000000001,8.7,0.0,
R_101,RH_Vis_1,13.700000000000001,8.9,0.0,
R_101,RH_Vis_1,13.700000000000001,9.1,0.0,
R_101,RH_Vis_1,13.700000000000001,9.3,0.0,
R_101,RH_Vis_1,13.700000000000001,9.5,0.0,
R_101,RH_Vis_1,13.700000000000001,9.7,0.0,
R_101,RH_Vis_1,13.700000000000001,9.9,0.0,
R_101,RH_Vis_1,13.700000000000001,10.1,0.0,
R_101,RH_Vis_1,13.700000000000001,10.3,0.0,
R_101,RH_Vis_1,13.700000000000001,10.5,0.0,
R_101,RH_Vis_1,13.700000000000001,10.7,0.0,
R_101,RH_Vis_1,13.700000000000001,10.9,0.0,
R_101,RH_Vis_1,13.700000000000001,11.1,0.0,
R_101,RH_Vis_1,13.700000000000001,11.3,0.0,
R_101,RH_Vis_1,13.700000000000001,11.5,0.0,
R_101,RH_Vis_1,13.700000000000001,11.7,0.0,
R_101,RH_Vis_1,13.700000000000001,11.9,0.0,
R_101,RH_Vis_1,13.700000000000001,12.1,0.0,
R_101,RH_Vis_1,13.700000000000001,12.3,0.0,
R_101,RH_Vis_1,13.700000000000001,12.5,0.0,
R_101,RH_Vis_1,13.700000000000001,12.700000000000001,0.0,
R_101,RH_Vis_1,13.700000000000001,12.9,1.0,
R_101,RH_Vis_1,13.700000000000001,13.1,3.0,1.0350775604704914
R_101,RH_Vis_1,13.700000000000001,13.3,3.0,1.0350775604704914
R_101,RH_Vis_1,13.700000000000001,13.5,6.0,1.0335646157129887
R_101,RH_Vis_1,13.700000000000001,13.700000000000001,6.0,1.0335646157129887
R_101,RH_Vis_1,13.700000000000001,13.9,10.0,1.0361012548891693
R_101,RH_Vis_1,13.700000000000001,14.1,10.0,1.0361012548891693
R_101,RH_Vis_1,13.700000000000001,14.3,14.0,1.0418454061439557
R_101,RH_Vis_1,13.700000000000001,14.5,13.0,1.043670679772954
R_101,RH_Vis_1,13.700000000000001,14.700000000000001,17.0,1.0470550861824282
R_101,RH_Vis_1,13.700000000000001,14.9,15.0,1.0475213755104522
R_101,RH_Vis_1,13.700000000000001,15.1,19.0,1.05358408326237
R_101,RH_Vis_1,13.700000000000001,15.3,16.0,1.0576214105699102
R_101,RH_Vis_1,13.700000000000001,15.5,20.0,1.0633113034670194
R_101,RH_Vis_1,13.700000000000001,15.700000000000001,20.0,1.074927999838446
R_101,RH_Vis_1,13.700000000000001,15.9,16.0,1.0796085537278266
R_101,RH_Vis_1,13.700000000000001,16.1,20.0,1.0882278255837359
R_101,RH_Vis_1,13.700000000000001,16.3,16.0,1.0957711802263652
R_101,RH_Vis_1,13.700000000000001,16.5,20.0,1.1036659783772833
R_101,RH_Vis_1,13.700000000000001,16.700000000000003,16.0,1.1105026636385888
R_101,RH_Vis_1,13.700000000000001,16.9,20.0,1.1143620505945158
R_101,RH_Vis_1,13.700000000000001,17.1,16.0,1.1214348444792814
R_101,RH_Vis_1,13.700000000000001,17.3,20.0,1.1273241477752483
R_101,RH_Vis_1,13.700000000000001,17.5,16.0,1.1346577608414166
R_101,RH_Vis_1,13.700000000000001,17.700000000000003,16.0,1.1346577608414166
R_101,RH_Vis_1,13.700000000000001,17.9,12.0,1.1386420434527647
R_101,RH_Vis_1,13.9,8.1,0.0,
R_101,RH_Vis_1,13.9,8.3,0.0,
R_101,RH_Vis_1,13.9,8.5,0.0,
R_101,RH_Vis_1,13.9,8.7,0.0,
R_101,RH_Vis_1,13.9,8.9,0.0,
R_101,RH_Vis_1,13.9,9.1,0.0,
R_101,RH_Vis_1,13.9,9.3,0.0,
R_101,RH_Vis_1,13.9,9.5,0.0,
R_101,RH_Vis_1,13.9,9.7,0.0,
R_101,RH_Vis_1,13.9,9.9,0.0,
R_101,RH_Vis_1,13.9,10.1,0.0,
R_101,RH_Vis_1,13.9,10.3,0.0,
R_101,RH_Vis_1,13.9,10.5,0.0,
R_101,RH_Vis_1,13.9,10.7,0.0,
R_101,RH_Vis_1,13.9,10.9,0.0,
R_101,RH_Vis_1,13.9,11.1,0.0,
R_101,RH_Vis_1,13.9,11.3,0.0,
R_101,RH_Vis_1,13.9,11.5,0.0,
R_101,RH_Vis_1,13.9,11.7,0.0,
R_101,RH_Vis_1,13.9,11.9,0.0,
R_101,RH_Vis_1,13.9,12.1,0.0,
R_101,RH_Vis_1,13.9,12.3,0.0,
R_101,RH_Vis_1,13.9,12.5,0.0,
R_101,RH_Vis_1,13.9,12.700000000000001,0.0,
R_101,RH_Vis_1,13.9,12.9,1.0,
R_101,RH_Vis_1,13.9,13.1,3.0,1.0350775604704914
R_101,RH_Vis_1,13.9,13.3,3.0,1.0350775604704914
R_101,RH_Vis_1,13.9,13.5,6.0,1.0335646157129887
R_101,RH_Vis_1,13.9,13.700000000000001,6.0,1.0335646157129887
R_101,RH_Vis_1,13.9,13.9,10.0,1.0361012548891693
R_101,RH_Vis_1,13.9,14.1,10.0,1.0361012548891693
R_101,RH_Vis_1,13.9,14.3,15.0,1.0379591532202785
R_101,RH_Vis_1,13.9,14.5,14.0,1.039376460666943
R_101,RH_Vis_1,13.9,14.700000000000001,19.0,1.0427770519870945
R_101,RH_Vis_1,13.9,14.9,17.0,1.0426851856064883
R_101,RH_Vis_1,13.9,15.1,22.0,1.0489664332932418
R_101,RH_Vis_1,13.9,15.3,19.0,1.0516371852413082
R_101,RH_Vis_1,13.9,15.5,24.0,1.0572163202173668
R_101,RH_Vis_1,13.9,15.700000000000001,25.0,1.0681195592108894
R_101,RH_Vis_1,13.9,15.9,20.0,1.0747307115429874
R_101,RH_Vis_1,13.9,16.1,25.0,1.0838765595986115
R_101,RH_Vis_1,13.9,16.3,20.0,1.0917710225773845
R_101,RH_Vis_1,13.9,16.5,25.0,1.10120741002379
R_101,RH_Vis_1,13.9,16.700000000000003,20.0,1.1089285936726865
R_101,RH_Vis_1,13.9,16.9,25.0,1.1136689877047579
R_101,RH_Vis_1,13.9,17.1,20.0,1.1224819763493499
R_101,RH_Vis_1,13.9,17.3,25.0,1.1290469353242159
R_101,RH_Vis_1,13.9,17.5,20.0,1.13683756167181
R_101,RH_Vis_1,13.9,17.700000000000003,20.0,1.13683756167181
R_101,RH_Vis_1,13.9,17.9,15.0,1.1422967649553777
R_101,RH_Vis_1,14.1,8.1,0.0,
R_101,RH_Vis_1,14.1,8.3,0.0,
R_101,RH_Vis_1,14.1,8.5,0.0,
R_101,RH_Vis_1,14.1,8.7,0.0,
R_101,RH_Vis_1,14.1,8.9,0.0,
R_101,RH_Vis_1,14.1,9.1,0.0,
R_101,RH_Vis_1,14.1,9.3,0.0,
R_101,RH_Vis_1,14.1,9.5,0.0,
R_101,RH_Vis_1,14.1,9.7,0.0,
R_101,RH_Vis_1,14.1,9.9,0.0,
R_101,RH_Vis_1,14.1,10.1,0.0,
R_101,RH_Vis_1,14.1,10.3,0.0,
R_101,RH_Vis_1,14.1,10.5,0.0,
R_101,RH_Vis_1,14.1,10.7,0.0,
R_101,RH_Vis_1,14.1,10.9,0.0,
R_101,RH_Vis_1,14.1,11.1,0.0,
R_101,RH_Vis_1,14.1,11.3,0.0,
R_101,RH_Vis_1,14.1,11.5,0.0,
R_101,RH_Vis_1,14.1,11.7,0.0,
R_101,RH_Vis_1,14.1,11.9,0.0,
R_101,RH_Vis_1,14.1,12.1,0.0,
R_101,RH_Vis_1,14.1,12.3,0.0,
R_101,RH_Vis_1,14.1,12.5,0.0,
R_101,RH_Vis_1,14.1,12.700000000000001,0.0,
R_101,RH_Vis_1,14.1,12.9,0.0,
R_101,RH_Vis_1,14.1,13.1,1.0,
R_101,RH_Vis_1,14.1,13.3,1.0,
R_101,RH_Vis_1,14.1,13.5,3.0,1.0285920768680725
R_101,RH_Vis_1,14.1,13.700000000000001,3.0,1.0285920768680725
R_101,RH_Vis_1,14.1,13.9,6.0,1.0309259837054152
R_101,RH_Vis_1,14.1,14.1,6.0,1.0309259837054152
R_101,RH_Vis_1,14.1,14.3,10.0,1.0324899668711853
R_101,RH_Vis_1,14.1,14.5,10.0,1.0324899668711853
R_101,RH_Vis_1,14.1,14.700000000000001,14.0,1.0373594445588725
R_101,RH_Vis_1,14.1,14.9,13.0,1.0372313963293451
R_101,RH_Vis_1,14.1,15.1,17.0,1.0449614649473635
R_101,RH_Vis_1,14.1,15.3,15.0,1.0478395163362462
R_101,RH_Vis_1,14.1,15.5,19.0,1.0544998973737685
R_101,RH_Vis_1,14.1,15.700000000000001,20.0,1.0671781048161924
R_101,RH_Vis_1,14.1,15.9,16.0,1.0752636456152804
R_101,RH_Vis_1,14.1,16.1,20.0,1.085250844370249
R_101,RH_Vis_1,14.1,16.3,16.0,1.0941802707682884
R_101,RH_Vis_1,14.1,16.5,20.0,1.1049062325040018
R_101,RH_Vis_1,14.1,16.700000000000003,16.0,1.1136117436410213
R_101,RH_Vis_1,14.1,16.9,20.0,1.1191745038096825
R_101,RH_Vis_1,14.1,17.1,16.0,1.1290990481959842
R_101,RH_Vis_1,14.1,17.3,20.0,1.1364166631565729
R_101,RH_Vis_1,14.1,17.5,16.0,1.1450305965800585
R_101,RH_Vis_1,14.1,17.700000000000003,16.0,1.1450305965800585
R_101,RH_Vis_1,14.1,17.9,12.0,1.1516409156433698
R_101,RH_Vis_1,14.3,8.1,0.0,
R_101,RH_Vis_1,14.3,8.3,0.0,
R_101,RH_Vis_1,14.3,8.5,0.0,
R_101,RH_Vis_1,14.3,8.7,0.0,
R_101,RH_Vis_1,14.3,8.9,0.0,
R_101,RH_Vis_1,14.3,9.1,0.0,
R_101,RH_Vis_1,14.3,9.3,0.0,
R_101,RH_Vis_1,14.3,9.5,0.0,
R_101,RH_Vis_1,14.3,9.7,0.0,
R_101,RH_Vis_1,14.3,9.9,0.0,
R_101,RH_Vis_1,14.3,10.1,0.0,
R_101,RH_Vis_1,14.3,10.3,0.0,
R_101,RH_Vis_1,14.3,10.5,0.0,
R_101,RH_Vis_1,14.3,10.7,0.0,
R_101,RH_Vis_1,14.3,10.9,0.0,
R_101,RH_Vis_1,14.3,11.1,0.0,
R_101,RH_Vis_1,14.3,11.3,0.0,
R_101,RH_Vis_1,14.3,11.5,0.0,
R_101,RH_Vis_1,14.3,11.7,0.0,
R_101,RH_Vis_1,14.3,11.9,0.0,
R_101,RH_Vis_1,14.3,12.1,0.0,
R_101,RH_Vis_1,14.3,12.3,0.0,
R_101,RH_Vis_1,14.3,12.5,0.0,
R_101,RH_Vis_1,14.3,12.700000000000001,0.0,
R_101,RH_Vis_1,14.3,12.9,0.0,
R_101,RH_Vis_1,14.3,13.1,1.0,
R_101,RH_Vis_1,14.3,13.3,1.0,
R_101,RH_Vis_1,14.3,13.5,3.0,1.0285920768680725
R_101,RH_Vis_1,14.3,13.700000000000001,3.0,1.0285920768680725
R_101,RH_Vis_1,14.3,13.9,6.0,1.0309259837054152
R_101,RH_Vis_1,14.3,14.1,6.0,1.0309259837054152
R_101,RH_Vis_1,14.3,14.3,10.0,1.0324899668711853
R_101,RH_Vis_1,14.3,14.5,10.0,1.0324899668711853
R_101,RH_Vis_1,14.3,14.700000000000001,15.0,1.0354232861596737
R_101,RH_Vis_1,14.3,14.9,14.0,1.0351660872037411
R_101,RH_Vis_1,14.3,15.1,19.0,1.0420865951390614
R_101,RH_Vis_1,14.3,15.3,17.0,1.044287832269452
R_101,RH_Vis_1,14.3,15.5,22.0,1.0510325914511156
R_101,RH_Vis_1,14.3,15.700000000000001,24.0,1.0630345279953775
R_101,RH_Vis_1,14.3,15.9,20.0,1.068674245270485
R_101,RH_Vis_1,14.3,16.1,25.0,1.0791719034533311
R_101,RH_Vis_1,14.3,16.3,20.0,1.0886423981325009
R_101,RH_Vis_1,14.3,16.5,25.0,1.100736047790672
R_101,RH_Vis_1,14.3,16.700000000000003,20.0,1.1105540553988509
R_101,RH_Vis_1,14.3,16.9,25.0,1.1172516514756976
R_101,RH_Vis_1,14.3,17.1,20.0,1.128073371177429
R_101,RH_Vis_1,14.3,17.3,25.0,1.1363971213812738
R_101,RH_Vis_1,14.3,17.5,20.0,1.146001835146953
R_101,RH_Vis_1,14.3,17.700000000000003,20.0,1.146001835146953
R_101,RH_Vis_1,14.3,17.9,15.0,1.1542816014676982
R_101,RH_Vis_1,14.5,8.1,0.0,
R_101,RH_Vis_1,14.5,8.3,0.0,
R_101,RH_Vis_1,14.5,8.5,0.0,
R_101,RH_Vis_1,14.5,8.7,0.0,
R_101,RH_Vis_1,14.5,8.9,0.0,
R_101,RH_Vis_1,14.5,9.1,0.0,
R_101,RH_Vis_1,14.5,9.3,0.0,
R_101,RH_Vis_1,14.5,9.5,0.0,
R_101,RH_Vis_1,14.5,9.7,0.0,
R_101,RH_Vis_1,14.5,9.9,0.0,
R_101,RH_Vis_1,14.5,10.1,0.0,
R_101,RH_Vis_1,14.5,10.3,0.0,
R_101,RH_Vis_1,14.5,10.5,0.0,
R_101,RH_Vis_1,14.5,10.7,0.0,
R_101,RH_Vis_1,14.5,10.9,0.0,
R_101,RH_Vis_1,14.5,11.1,0.0,
R_101,RH_Vis_1,14.5,11.3,0.0,
R_101,RH_Vis_1,14.5,11.5,0.0,
R_101,RH_Vis_1,14.5,11.7,0.0,
R_101,RH_Vis_1,14.5,11.9,0.0,
R_101,RH_Vis_1,14.5,12.1,0.0,
R_101,RH_Vis_1,14.5,12.3,0.0,
R_101,RH_Vis_1,14.5,12.5,0.0,
R_101,RH_Vis_1,14.5,12.700000000000001,0.0,
R_101,RH_Vis_1,14.5,12.9,0.0,
R_101,RH_Vis_1,14.5,13.1,0.0,
R_101,RH_Vis_1,14.5,13.3,0.0,
R_101,RH_Vis_1,14.5,13.5,1.0,
R_101,RH_Vis_1,14.5,13.700000000000001,1.0,
R_101,RH_Vis_1,14.5,13.9,3.0,1.0178213718399662
R_101,RH_Vis_1,14.5,14.1,3.0,1.0178213718399662
R_101,RH_Vis_1,14.5,14.3,6.0,1.020560684862727
R_101,RH_Vis_1,14.5,14.5,6.0,1.020560684862727
R_101,RH_Vis_1,14.5,14.700000000000001,10.0,1.025709018949294
R_101,RH_Vis_1,14.5,14.9,10.0,1.025709018949294
R_101,RH_Vis_1,14.5,15.1,14.0,1.0338380439234662
R_101,RH_Vis_1,14.5,15.3,13.0,1.036070878497314
R_101,RH_Vis_1,14.5,15.5,17.0,1.043538353296772
R_101,RH_Vis_1,14.5,15.700000000000001,19.0,1.0565903743590068
R_101,RH_Vis_1,14.5,15.9,16.0,1.0628323199477914
R_101,RH_Vis_1,14.5,16.1,20.0,1.0742872919026505
R_101,RH_Vis_1,14.5,16.3,16.0,1.0845012348585268
R_101,RH_Vis_1,14.5,16.5,20.0,1.097676138595158
R_101,RH_Vis_1,14.5,16.700000000000003,16.0,1.108555021654223
R_101,RH_Vis_1,14.5,16.9,20.0,1.1163403678493342
R_101,RH_Vis_1,14.5,17.1,16.0,1.1284735482129153
R_101,RH_Vis_1,14.5,17.3,20.0,1.1376650365124579
R_101,RH_Vis_1,14.5,17.5,16.0,1.148098918901044
R_101,RH_Vis_1,14.5,17.700000000000003,16.0,1.148098918901044
R_101,RH_Vis_1,14.5,17.9,12.0,1.157429498627363
R_101,RH_Vis_1,14.700000000000001,8.1,0.0,
R_101,RH_Vis_1,14.700000000000001,8.3,0.0,
R_101,RH_Vis_1,14.700000000000001,8.5,0.0,
R_101,RH_Vis_1,14.700000000000001,8.7,0.0,
R_101,RH_Vis_1,14.700000000000001,8.9,0.0,
R_101,RH_Vis_1,14.700000000000001,9.1,0.0,
R_101,RH_Vis_1,14.700000000000001,9.3,0.0,
R_101,RH_Vis_1,14.700000000000001,9.5,0.0,
R_101,RH_Vis_1,14.700000000000001,9.7,0.0,
R_101,RH_Vis_1,14.700000000000001,9.9,0.0,
R_101,RH_Vis_1,14.700000000000001,10.1,0.0,
R_101,RH_Vis_1,14.700000000000001,10.3,0.0,
R_101,RH_Vis_1,14.700000000000001,10.5,0.0,
R_101,RH_Vis_1,14.700000000000001,10.7,0.0,
R_101,RH_Vis_1,14.700000000000001,10.9,0.0,
R_101,RH_Vis_1,14.700000000000001,11.1,0.0,
R_101,RH_Vis_1,14.700000000000001,11.3,0.0,
R_101,RH_Vis_1,14.700000000000001,11.5,0.0,
R_101,RH_Vis_1,14.700000000000001,11.7,0.0,
R_101,RH_Vis_1,14.700000000000001,11.9,0.0,
R_101,RH_Vis_1,14.700000000000001,12.1,0.0,
R_101,RH_Vis_1,14.700000000000001,12.3,0.0,
R_101,RH_Vis_1,14.700000000000001,12.5,0.0,
R_101,RH_Vis_1,14.700000000000001,12.700000000000001,0.0,
R_101,RH_Vis_1,14.700000000000001,12.9,0.0,
R_101,RH_Vis_1,14.700000000000001,13.1,0.0,
R_101,RH_Vis_1,14.700000000000001,13.3,0.0,
R_101,RH_Vis_1,14.700000000000001,13.5,1.0,
R_101,RH_Vis_1,14.700000000000001,13.700000000000001,1.0,
R_101,RH_Vis_1,14.700000000000001,13.9,3.0,1.0178213718399662
R_101,RH_Vis_1,14.700000000000001,14.1,3.0,1.0178213718399662
R_101,RH_Vis_1,14.700000000000001,14.3,6.0,1.020560684862727
R_101,RH_Vis_1,14.700000000000001,14.5,6.0,1.020560684862727
R_101,RH_Vis_1,14.700000000000001,14.700000000000001,10.0,1.025709018949294
R_101,RH_Vis_1,14.700000000000001,14.9,10.0,1.025709018949294
R_101,RH_Vis_1,14.700000000000001,15.1,15.0,1.030112999682814
R_101,RH_Vis_1,14.700000000000001,15.3,14.0,1.0319202714841975
R_101,RH_Vis_1,14.700000000000001,15.5,19.0,1.037881865805445
R_101,RH_Vis_1,14.700000000000001,15.700000000000001,22.0,1.0503354436599948
R_101,RH_Vis_1,14.700000000000001,15.9,19.0,1.0546041982559693
R_101,RH_Vis_1,14.700000000000001,16.1,24.0,1.0667735613467249
R_101,RH_Vis_1,14.700000000000001,16.3,20.0,1.0734419696002406
R_101,RH_Vis_1,14.700000000000001,16.5,25.0,1.0872761302119158
R_101,RH_Vis_1,14.700000000000001,16.700000000000003,20.0,1.0993649224774311
R_101,RH_Vis_1,14.700000000000001,16.9,25.0,1.1080752861386949
R_101,RH_Vis_1,14.700000000000001,17.1,20.0,1.1214505251971336
R_101,RH_Vis_1,14.700000000000001,17.3,25.0,1.1316690596503007
R_101,RH_Vis_1,14.700000000000001,17.5,20.0,1.1427724629992322
R_101,RH_Vis_1,14.700000000000001,17.700000000000003,20.0,1.1427724629992322
R_101,RH_Vis_1,14.700000000000001,17.9,15.0,1.1526909036351112
R_101,RH_Vis_1,14.9,8.1,0.0,
R_101,RH_Vis_1,14.9,8.3,0.0,
R_101,RH_Vis_1,14.9,8.5,0.0,
R_101,RH_Vis_1,14.9,8.7,0.0,
R_101,RH_Vis_1,14.9,8.9,0.0,
R_101,RH_Vis_1,14.9,9.1,0.0,
R_101,RH_Vis_1,14.9,9.3,0.0,
R_101,RH_Vis_1,14.9,9.5,0.0,
R_101,RH_Vis_1,14.9,9.7,0.0,
R_101,RH_Vis_1,14.9,9.9,0.0,
R_101,RH_Vis_1,14.9,10.1,0.0,
R_101,RH_Vis_1,14.9,10.3,0.0,
R_101,RH_Vis_1,14.9,10.5,0.0,
R_101,RH_Vis_1,14.9,10.7,0.0,
R_101,RH_Vis_1,14.9,10.9,0.0,
R_101,RH_Vis_1,14.9,11.1,0.0,
R_101,RH_Vis_1,14.9,11.3,0.0,
R_101,RH_Vis_1,14.9,11.5,0.0,
R_101,RH_Vis_1,14.9,11.7,0.0,
R_101,RH_Vis_1,14.9,11.9,0.0,
R_101,RH_Vis_1,14.9,12.1,0.0,
R_101,RH_Vis_1,14.9,12.3,0.0,
R_101,RH_Vis_1,14.9,12.5,0.0,
R_101,RH_Vis_1,14.9,12.700000000000001,0.0,
R_101,RH_Vis_1,14.9,12.9,0.0,
R_101,RH_Vis_1,14.9,13.1,0.0,
R_101,RH_Vis_1,14.9,13.3,0.0,
R_101,RH_Vis_1,14.9,13.5,0.0,
R_101,RH_Vis_1,14.9,13.700000000000001,0.0,
R_101,RH_Vis_1,14.9,13.9,1.0,
R_101,RH_Vis_1,14.9,14.1,1.0,
R_101,RH_Vis_1,14.9,14.3,3.0,1.0152336484488425
R_101,RH_Vis_1,14.9,14.5,3.0,1.0152336484488425
R_101,RH_Vis_1,14.9,14.700000000000001,6.0,1.0211635822299614
R_101,RH_Vis_1,14.9,14.9,6.0,1.0211635822299614
R_101,RH_Vis_1,14.9,15.1,10.0,1.0246174231622411
R_101,RH_Vis_1,14.9,15.3,10.0,1.0246174231622411
R_101,RH_Vis_1,14.9,15.5,14.0,1.0318776700793435
R_101,RH_Vis_1,14.9,15.700000000000001,17.0,1.044794702400904
R_101,RH_Vis_1,14.9,15.9,15.0,1.0493012794977878
R_101,RH_Vis_1,14.9,16.1,19.0,1.0621049293832057
R_101,RH_Vis_1,14.9,16.3,16.0,1.0686695693904793
R_101,RH_Vis_1,14.9,16.5,20.0,1.0836930552512902
R_101,RH_Vis_1,14.9,16.700000000000003,16.0,1.0971667729239476
R_101,RH_Vis_1,14.9,16.9,20.0,1.1065214476004226
R_101,RH_Vis_1,14.9,17.1,16.0,1.1206447376575035
R_101,RH_Vis_1,14.9,17.3,20.0,1.1317233677210117
R_101,RH_Vis_1,14.9,17.5,16.0,1.1434709123573559
R_101,RH_Vis_1,14.9,17.700000000000003,16.0,1.1434709123573559
R_101,RH_Vis_1,14.9,17.9,12.0,1.1545883443253002
R_101,RH_Vis_1,15.1,8.1,0.0,
R_101,RH_Vis_1,15.1,8.3,0.0,
R_101,RH_Vis_1,15.1,8.5,0.0,
R_101,RH_Vis_1,15.1,8.7,0.0,
R_101,RH_Vis_1,15.1,8.9,0.0,
R_101,RH_Vis_1,15.1,9.1,0.0,
R_101,RH_Vis_1,15.1,9.3,0.0,
R_101,RH_Vis_1,15.1,9.5,0.0,
R_101,RH_Vis_1,15.1,9.7,0.0,
R_101,RH_Vis_1,15.1,9.9,0.0,
R_101,RH_Vis_1,15.1,10.1,0.0,
R_101,RH_Vis_1,15.1,10.3,0.0,
R_101,RH_Vis_1,15.1,10.5,0.0,
R_101,RH_Vis_1,15.1,10.7,0.0,
R_101,RH_Vis_1,15.1,10.9,0.0,
R_101,RH_Vis_1,15.1,11.1,0.0,
R_101,RH_Vis_1,15.1,11.3,0.0,
R_101,RH_Vis_1,15.1,11.5,0.0,
R_101,RH_Vis_1,15.1,11.7,0.0,
R_101,RH_Vis_1,15.1,11.9,0.0,
R_101,RH_Vis_1,15.1,12.1,0.0,
R_101,RH_Vis_1,15.1,12.3,0.0,
R_101,RH_Vis_1,15.1,12.5,0.0,
R_101,RH_Vis_1,15.1,12.700000000000001,0.0,
R_101,RH_Vis_1,15.1,12.9,0.0,
R_101,RH_Vis_1,15.1,13.1,0.0,
R_101,RH_Vis_1,15.1,13.3,0.0,
R_101,RH_Vis_1,15.1,13.5,0.0,
R_101,RH_Vis_1,15.1,13.700000000000001,0.0,
R_101,RH_Vis_1,15.1,13.9,1.0,
R_101,RH_Vis_1,15.1,14.1,1.0,
R_101,RH_Vis_1,15.1,14.3,3.0,1.0152336484488425
R_101,RH_Vis_1,15.1,14.5,3.0,1.0152336484488425
R_101,RH_Vis_1,15.1,14.700000000000001,6.0,1.0211635822299614
R_101,RH_Vis_1,15.1,14.9,6.0,1.0211635822299614
R_101,RH_Vis_1,15.1,15.1,10.0,1.0246174231622411
R_101,RH_Vis_1,15.1,15.3,10.0,1.0246174231622411
R_101,RH_Vis_1,15.1,15.5,15.0,1.0278653470819152
R_101,RH_Vis_1,15.1,15.700000000000001,19.0,1.0399207708528357
R_101,RH_Vis_1,15.1,15.9,17.0,1.0433237586973723
R_101,RH_Vis_1,15.1,16.1,22.0,1.0558715496601305
R_101,RH_Vis_1,15.1,16.3,19.0,1.0604154497099807
R_101,RH_Vis_1,15.1,16.5,24.0,1.076664007118348
R_101,RH_Vis_1,15.1,16.700000000000003,20.0,1.0860371716298853
R_101,RH_Vis_1,15.1,16.9,25.0,1.097174271292196
R_101,RH_Vis_1,15.1,17.1,20.0,1.1128775403849291
R_101,RH_Vis_1,15.1,17.3,25.0,1.1249728510109365
R_101,RH_Vis_1,15.1,17.5,20.0,1.1380048319150142
R_101,RH_Vis_1,15.1,17.700000000000003,20.0,1.1380048319150142
R_101,RH_Vis_1,15.1,17.9,15.0,1.151161762908849
R_101,RH_Vis_1,15.3,8.1,0.0,
R_101,RH_Vis_1,15.3,8.3,0.0,
R_101,RH_Vis_1,15.3,8.5,0.0,
R_101,RH_Vis_1,15.3,8.7,0.0,
R_101,RH_Vis_1,15.3,8.9,0.0,
R_101,RH_Vis_1,15.3,9.1,0.0,
R_101,RH_Vis_1,15.3,9.3,0.0,
R_101,RH_Vis_1,15.3,9.5,0.0,
R_101,RH_Vis_1,15.3,9.7,0.0,
R_101,RH_Vis_1,15.3,9.9,0.0,
R_101,RH_Vis_1,15.3,10.1,0.0,
R_101,RH_Vis_1,15.3,10.3,0.0,
R_101,RH_Vis_1,15.3,10.5,0.0,
R_101,RH_Vis_1,15.3,10.7,0.0,
R_101,RH_Vis_1,15.3,10.9,0.0,
R_101,RH_Vis_1,15.3,11.1,0.0,
R_101,RH_Vis_1,15.3,11.3,0.0,
R_101,RH_Vis_1,15.3,11.5,0.0,
R_101,RH_Vis_1,15.3,11.7,0.0,
R_101,RH_Vis_1,15.3,11.9,0.0,
R_101,RH_Vis_1,15.3,12.1,0.0,
R_101,RH_Vis_1,15.3,12.3,0.0,
R_101,RH_Vis_1,15.3,12.5,0.0,
R_101,RH_Vis_1,15.3,12.700000000000001,0.0,
R_101,RH_Vis_1,15.3,12.9,0.0,
R_101,RH_Vis_1,15.3,13.1,0.0,
R_101,RH_Vis_1,15.3,13.3,0.0,
R_101,RH_Vis_1,15.3,13.5,0.0,
R_101,RH_Vis_1,15.3,13.700000000000001,0.0,
R_101,RH_Vis_1,15.3,13.9,0.0,
R_101,RH_Vis_1,15.3,14.1,0.0,
R_101,RH_Vis_1,15.3,14.3,1.0,
R_101,RH_Vis_1,15.3,14.5,1.0,
R_101,RH_Vis_1,15.3,14.700000000000001,3.0,1.0070481970748024
R_101,RH_Vis_1,15.3,14.9,3.0,1.0070481970748024
R_101,RH_Vis_1,15.3,15.1,6.0,1.0120711223861598
R_101,RH_Vis_1,15.3,15.3,6.0,1.0120711223861598
R_101,RH_Vis_1,15.3,15.5,10.0,1.0145480847075619
R_101,RH_Vis_1,15.3,15.700000000000001,14.0,1.0287744937254142
R_101,RH_Vis_1,15.3,15.9,13.0,1.0322531769128462
R_101,RH_Vis_1,15.3,16.1,17.0,1.045449308572307
R_101,RH_Vis_1,15.3,16.3,15.0,1.0490030177862404
R_101,RH_Vis_1,15.3,16.5,19.0,1.0669261987865863
R_101,RH_Vis_1,15.3,16.700000000000003,16.0,1.0762697271157868
R_101,RH_Vis_1,15.3,16.9,20.0,1.0888143759102271
R_101,RH_Vis_1,15.3,17.1,16.0,1.1064520878403679
R_101,RH_Vis_1,15.3,17.3,20.0,1.1194782440431184
R_101,RH_Vis_1,15.3,17.5,16.0,1.1332626759863869
R_101,RH_Vis_1,15.3,17.700000000000003,16.0,1.1332626759863869
R_101,RH_Vis_1,15.3,17.9,12.0,1.1482379891599979
R_101,RH_Vis_1,15.5,8.1,0.0,
R_101,RH_Vis_1,15.5,8.3,0.0,
R_101,RH_Vis_1,15.5,8.5,0.0,
R_101,RH_Vis_1,15.5,8.7,0.0,
R_101,RH_Vis_1,15.5,8.9,0.0,
R_101,RH_Vis_1,15.5,9.1,0.0,
R_101,RH_Vis_1,15.5,9.3,0.0,
R_101,RH_Vis_1,15.5,9.5,0.0,
R_101,RH_Vis_1,15.5,9.7,0.0,
R_101,RH_Vis_1,15.5,9.9,0.0,
R_101,RH_Vis_1,15.5,10.1,0.0,
R_101,RH_Vis_1,15.5,10.3,0.0,
R_101,RH_Vis_1,15.5,10.5,0.0,
R_101,RH_Vis_1,15.5,10.7,0.0,
R_101,RH_Vis_1,15.5,10.9,0.0,
R_101,RH_Vis_1,15.5,11.1,0.0,
R_101,RH_Vis_1,15.5,11.3,0.0,
R_101,RH_Vis_1,15.5,11.5,0.0,
R_101,RH_Vis_1,15.5,11.7,0.0,
R_101,RH_Vis_1,15.5,11.9,0.0,
R_101,RH_Vis_1,15.5,12.1,0.0,
R_101,RH_Vis_1,15.5,12.3,0.0,
R_101,RH_Vis_1,15.5,12.5,0.0,
R_101,RH_Vis_1,15.5,12.700000000000001,0.0,
R_101,RH_Vis_1,15.5,12.9,0.0,
R_101,RH_Vis_1,15.5,13.1,0.0,
R_101,RH_Vis_1,15.5,13.3,0.0,
R_101,RH_Vis_1,15.5,13.5,0.0,
R_101,RH_Vis_1,15.5,13.700000000000001,0.0,
R_101,RH_Vis_1,15.5,13.9,0.0,
R_101,RH_Vis_1,15.5,14.1,0.0,
R_101,RH_Vis_1,15.5,14.3,1.0,
R_101,RH_Vis_1,15.5,14.5,1.0,
R_101,RH_Vis_1,15.5,14.700000000000001,3.0,1.0070481970748024
R_101,RH_Vis_1,15.5,14.9,3.0,1.0070481970748024
R_101,RH_Vis_1,15.5,15.1,6.0,1.0120711223861598
R_101,RH_Vis_1,15.5,15.3,6.0,1.0120711223861598
R_101,RH_Vis_1,15.5,15.5,10.0,1.0145480847075619
R_101,RH_Vis_1,15.5,15.700000000000001,15.0,1.0270754768549963
R_101,RH_Vis_1,15.5,15.9,14.0,1.0301843243240107
R_101,RH_Vis_1,15.5,16.1,19.0,1.0422010708630853
R_101,RH_Vis_1,15.5,16.3,17.0,1.0449545510272358
R_101,RH_Vis_1,15.5,16.5,22.0,1.0630163270522932
R_101,RH_Vis_1,15.5,16.700000000000003,19.0,1.0702672132662052
R_101,RH_Vis_1,15.5,16.9,24.0,1.0829871995275353
R_101,RH_Vis_1,15.5,17.1,20.0,1.0959319337951094
R_101,RH_Vis_1,15.5,17.3,25.0,1.1097731990455615
R_101,RH_Vis_1,15.5,17.5,20.0,1.1241839335194854
R_101,RH_Vis_1,15.5,17.700000000000003,20.0,1.1241839335194854
R_101,RH_Vis_1,15.5,17.9,15.0,1.140295924301816
R_101,RH_Vis_1,15.700000000000001,8.1,0.0,
R_101,RH_Vis_1,15.700000000000001,8.3,0.0,
R_101,RH_Vis_1,15.700000000000001,8.5,0.0,
R_101,RH_Vis_1,15.700000000000001,8.7,0.0,
R_101,RH_Vis_1,15.700000000000001,8.9,0.0,
R_101,RH_Vis_1,15.700000000000001,9.1,0.0,
R_101,RH_Vis_1,15.700000000000001,9.3,0.0,
R_101,RH_Vis_1,15.700000000000001,9.5,0.0,
R_101,RH_Vis_1,15.700000000000001,9.7,0.0,
R_101,RH_Vis_1,15.700000000000001,9.9,0.0,
R_101,RH_Vis_1,15.700000000000001,10.1,0.0,
R_101,RH_Vis_1,15.700000000000001,10.3,0.0,
R_101,RH_Vis_1,15.700000000000001,10.5,0.0,
R_101,RH_Vis_1,15.700000000000001,10.7,0.0,
R_101,RH_Vis_1,15.700000000000001,10.9,0.0,
R_101,RH_Vis_1,15.700000000000001,11.1,0.0,
R_101,RH_Vis_1,15.700000000000001,11.3,0.0,
R_101,RH_Vis_1,15.700000000000001,11.5,0.0,
R_101,RH_Vis_1,15.700000000000001,11.7,0.0,
R_101,RH_Vis_1,15.700000000000001,11.9,0.0,
R_101,RH_Vis_1,15.700000000000001,12.1,0.0,
R_101,RH_Vis_1,15.700000000000001,12.3,0.0,
R_101,RH_Vis_1,15.700000000000001,12.5,0.0,
R_101,RH_Vis_1,15.700000000000001,12.700000000000001,0.0,
R_101,RH_Vis_1,15.700000000000001,12.9,0.0,
R_101,RH_Vis_1,15.700000000000001,13.1,0.0,
R_101,RH_Vis_1,15.700000000000001,13.3,0.0,
R_101,RH_Vis_1,15.700000000000001,13.5,0.0,
R_101,RH_Vis_1,15.700000000000001,13.700000000000001,0.0,
R_101,RH_Vis_1,15.700000000000001,13.9,0.0,
R_101,RH_Vis_1,15.700000000000001,14.1,0.0,
R_101,RH_Vis_1,15.700000000000001,14.3,0.0,
R_101,RH_Vis_1,15.700000000000001,14.5,0.0,
R_101,RH_Vis_1,15.700000000000001,14.700000000000001,1.0,
R_101,RH_Vis_1,15.700000000000001,14.9,1.0,
R_101,RH_Vis_1,15.700000000000001,15.1,3.0,1.0044209279502228
R_101,RH_Vis_1,15.700000000000001,15.3,3.0,1.0044209279502228
R_101,RH_Vis_1,15.700000000000001,15.5,6.0,1.0064192051998662
R_101,RH_Vis_1,15.700000000000001,15.700000000000001,10.0,1.0201703169321625
R_101,RH_Vis_1,15.700000000000001,15.9,10.0,1.0201703169321625
R_101,RH_Vis_1,15.700000000000001,16.1,15.0,1.030833708332616
R_101,RH_Vis_1,15.700000000000001,16.3,14.0,1.032442039744168
R_101,RH_Vis_1,15.700000000000001,16.5,19.0,1.0499997212632928
R_101,RH_Vis_1,15.700000000000001,16.700000000000003,17.0,1.0555911169836931
R_101,RH_Vis_1,15.700000000000001,16.9,22.0,1.0692674860658606
R_101,RH_Vis_1,15.700000000000001,17.1,19.0,1.0788753813737055
R_101,RH_Vis_1,15.700000000000001,17.3,24.0,1.0942249716001167
R_101,RH_Vis_1,15.700000000000001,17.5,20.0,1.1049105690140189
R_101,RH_Vis_1,15.700000000000001,17.700000000000003,20.0,1.1049105690140189
R_101,RH_Vis_1,15.700000000000001,17.9,15.0,1.1224939283075173
R_101,RH_Vis_1,15.9,8.1,0.0,
R_101,RH_Vis_1,15.9,8.3,0.0,
R_101,RH_Vis_1,15.9,8.5,0.0,
R_101,RH_Vis_1,15.9,8.7,0.0,
R_101,RH_Vis_1,15.9,8.9,0.0,
R_101,RH_Vis_1,15.9,9.1,0.0,
R_101,RH_Vis_1,15.9,9.3,0.0,
R_101,RH_Vis_1,15.9,9.5,0.0,
R_101,RH_Vis_1,15.9,9.7,0.0,
R_101,RH_Vis_1,15.9,9.9,0.0,
R_101,RH_Vis_1,15.9,10.1,0.0,
R_101,RH_Vis_1,15.9,10.3,0.0,
R_101,RH_Vis_1,15.9,10.5,0.0,
R_101,RH_Vis_1,15.9,10.7,0.0,
R_101,RH_Vis_1,15.9,10.9,0.0,
R_101,RH_Vis_1,15.9,11.1,0.0,
R_101,RH_Vis_1,15.9,11.3,0.0,
R_101,RH_Vis_1,15.9,11.5,0.0,
R_101,RH_Vis_1,15.9,11.7,0.0,
R_101,RH_Vis_1,15.9,11.9,0.0,
R_101,RH_Vis_1,15.9,12.1,0.0,
R_101,RH_Vis_1,15.9,12.3,0.0,
R_101,RH_Vis_1,15.9,12.5,0.0,
R_101,RH_Vis_1,15.9,12.700000000000001,0.0,
R_101,RH_Vis_1,15.9,12.9,0.0,
R_101,RH_Vis_1,15.9,13.1,0.0,
R_101,RH_Vis_1,15.9,13.3,0.0,
R_101,RH_Vis_1,15.9,13.5,0.0,
R_101,RH_Vis_1,15.9,13.700000000000001,0.0,
R_101,RH_Vis_1,15.9,13.9,0.0,
R_101,RH_Vis_1,15.9,14.1,0.0,
R_101,RH_Vis_1,15.9,14.3,0.0,
R_101,RH_Vis_1,15.9,14.5,0.0,
R_101,RH_Vis_1,15.9,14.700000000000001,0.0,
R_101,RH_Vis_1,15.9,14.9,0.0,
R_101,RH_Vis_1,15.9,15.1,1.0,
R_101,RH_Vis_1,15.9,15.3,1.0,
R_101,RH_Vis_1,15.9,15.5,3.0,0.9837654231254188
R_101,RH_Vis_1,15.9,15.700000000000001,6.0,1.0054060989594025
R_101,RH_Vis_1,15.9,15.9,6.0,1.0054060989594025
R_101,RH_Vis_1,15.9,16.1,10.0,1.0188224926060947
R_101,RH_Vis_1,15.9,16.3,10.0,1.0188224926060947
R_101,RH_Vis_1,15.9,16.5,14.0,1.0378370113796993
R_101,RH_Vis_1,15.9,16.700000000000003,13.0,1.0424427522309314
R_101,RH_Vis_1,15.9,16.9,17.0,1.0574166754558914
R_101,RH_Vis_1,15.9,17.1,15.0,1.066849972912505
R_101,RH_Vis_1,15.9,17.3,19.0,1.0831476077369688
R_101,RH_Vis_1,15.9,17.5,16.0,1.0936665139138908
R_101,RH_Vis_1,15.9,17.700000000000003,16.0,1.0936665139138908
R_101,RH_Vis_1,15.9,17.9,12.0,1.1119063241931435
R_101,RH_Vis_1,16.1,8.1,0.0,
R_101,RH_Vis_1,16.1,8.3,0.0,
R_101,RH_Vis_1,16.1,8.5,0.0,
R_101,RH_Vis_1,16.1,8.7,0.0,
R_101,RH_Vis_1,16.1,8.9,0.0,
R_101,RH_Vis_1,16.1,9.1,0.0,
R_101,RH_Vis_1,16.1,9.3,0.0,
R_101,RH_Vis_1,16.1,9.5,0.0,
R_101,RH_Vis_1,16.1,9.7,0.0,
R_101,RH_Vis_1,16.1,9.9,0.0,
R_101,RH_Vis_1,16.1,10.1,0.0,
R_101,RH_Vis_1,16.1,10.3,0.0,
R_101,RH_Vis_1,16.1,10.5,0.0,
R_101,RH_Vis_1,16.1,10.7,0.0,
R_101,RH_Vis_1,16.1,10.9,0.0,
R_101,RH_Vis_1,16.1,11.1,0.0,
R_101,RH_Vis_1,16.1,11.3,0.0,
R_101,RH_Vis_1,16.1,11.5,0.0,
R_101,RH_Vis_1,16.1,11.7,0.0,
R_101,RH_Vis_1,16.1,11.9,0.0,
R_101,RH_Vis_1,16.1,12.1,0.0,
R_101,RH_Vis_1,16.1,12.3,0.0,
R_101,RH_Vis_1,16.1,12.5,0.0,
R_101,RH_Vis_1,16.1,12.700000000000001,0.0,
R_101,RH_Vis_1,16.1,12.9,0.0,
R_101,RH_Vis_1,16.1,13.1,0.0,
R_101,RH_Vis_1,16.1,13.3,0.0,
R_101,RH_Vis_1,16.1,13.5,0.0,
R_101,RH_Vis_1,16.1,13.700000000000001,0.0,
R_101,RH_Vis_1,16.1,13.9,0.0,
R_101,RH_Vis_1,16.1,14.1,0.0,
R_101,RH_Vis_1,16.1,14.3,0.0,
R_101,RH_Vis_1,16.1,14.5,0.0,
R_101,RH_Vis_1,16.1,14.700000000000001,0.0,
R_101,RH_Vis_1,16.1,14.9,0.0,
R_101,RH_Vis_1,16.1,15.1,1.0,
R_101,RH_Vis_1,16.1,15.3,1.0,
R_101,RH_Vis_1,16.1,15.5,3.0,0.9837654231254188
R_101,RH_Vis_1,16.1,15.700000000000001,6.0,1.0054060989594025
R_101,RH_Vis_1,16.1,15.9,6.0,1.0054060989594025
R_101,RH_Vis_1,16.1,16.1,10.0,1.0188224926060947
R_101,RH_Vis_1,16.1,16.3,10.0,1.0188224926060947
R_101,RH_Vis_1,16.1,16.5,15.0,1.0348881580983533
R_101,RH_Vis_1,16.1,16.700000000000003,14.0,1.0389542850829725
R_101,RH_Vis_1,16.1,16.9,19.0,1.0511434009382699
R_101,RH_Vis_1,16.1,17.1,17.0,1.0587288663979146
R_101,RH_Vis_1,16.1,17.3,22.0,1.0749130685987331
R_101,RH_Vis_1,16.1,17.5,19.0,1.0824709044627354
R_101,RH_Vis_1,16.1,17.700000000000003,19.0,1.0824709044627354
R_101,RH_Vis_1,16.1,17.9,15.0,1.094077256832496
R_101,RH_Vis_1,16.3,8.1,0.0,
R_101,RH_Vis_1,16.3,8.3,0.0,
R_101,RH_Vis_1,16.3,8.5,0.0,
R_101,RH_Vis_1,16.3,8.7,0.0,
R_101,RH_Vis_1,16.3,8.9,0.0,
R_101,RH_Vis_1,16.3,9.1,0.0,
R_101,RH_Vis_1,16.3,9.3,0.0,
R_101,RH_Vis_1,16.3,9.5,0.0,
R_101,RH_Vis_1,16.3,9.7,0.0,
R_101,RH_Vis_1,16.3,9.9,0.0,
R_101,RH_Vis_1,16.3,10.1,0.0,
R_101,RH_Vis_1,16.3,10.3,0.0,
R_101,RH_Vis_1,16.3,10.5,0.0,
R_101,RH_Vis_1,16.3,10.7,0.0,
R_101,RH_Vis_1,16.3,10.9,0.0,
R_101,RH_Vis_1,16.3,11.1,0.0,
R_101,RH_Vis_1,16.3,11.3,0.0,
R_101,RH_Vis_1,16.3,11.5,0.0,
R_101,RH_Vis_1,16.3,11.7,0.0,
R_101,RH_Vis_1,16.3,11.9,0.0,
R_101,RH_Vis_1,16.3,12.1,0.0,
R_101,RH_Vis_1,16.3,12.3,0.0,
R_101,RH_Vis_1,16.3,12.5,0.0,
R_101,RH_Vis_1,16.3,12.700000000000001,0.0,
R_101,RH_Vis_1,16.3,12.9,0.0,
R_101,RH_Vis_1,16.3,13.1,0.0,
R_101,RH_Vis_1,16.3,13.3,0.0,
R_101,RH_Vis_1,16.3,13.5,0.0,
R_101,RH_Vis_1,16.3,13.700000000000001,0.0,
R_101,RH_Vis_1,16.3,13.9,0.0,
R_101,RH_Vis_1,16.3,14.1,0.0,
R_101,RH_Vis_1,16.3,14.3,0.0,
R_101,RH_Vis_1,16.3,14.5,0.0,
R_101,RH_Vis_1,16.3,14.700000000000001,0.0,
R_101,RH_Vis_1,16.3,14.9,0.0,
R_101,RH_Vis_1,16.3,15.1,0.0,
R_101,RH_Vis_1,16.3,15.3,0.0,
R_101,RH_Vis_1,16.3,15.5,1.0,
R_101,RH_Vis_1,16.3,15.700000000000001,3.0,1.0000913153525521
R_101,RH_Vis_1,16.3,15.9,3.0,1.0000913153525521
R_101,RH_Vis_1,16.3,16.1,6.0,1.0119008819654263
R_101,RH_Vis_1,16.3,16.3,6.0,1.0119008819654263
R_101,RH_Vis_1,16.3,16.5,10.0,1.0294941888080562
R_101,RH_Vis_1,16.3,16.700000000000003,10.0,1.0294941888080562
R_101,RH_Vis_1,16.3,16.9,14.0,1.0426178443818885
R_101,RH_Vis_1,16.3,17.1,13.0,1.0480736150945016
R_101,RH_Vis_1,16.3,17.3,17.0,1.0652742204802215
R_101,RH_Vis_1,16.3,17.5,15.0,1.0720720418149354
R_101,RH_Vis_1,16.3,17.700000000000003,15.0,1.0720720418149354
R_101,RH_Vis_1,16.3,17.9,12.0,1.084162440124094
R_101,RH_Vis_1,16.5,8.1,0.0,
R_101,RH_Vis_1,16.5,8.3,0.0,
R_101,RH_Vis_1,16.5,8.5,0.0,
R_101,RH_Vis_1,16.5,8.7,0.0,
R_101,RH_Vis_1,16.5,8.9,0.0,
R_101,RH_Vis_1,16.5,9.1,0.0,
R_101,RH_Vis_1,16.5,9.3,0.0,
R_101,RH_Vis_1,16.5,9.5,0.0,
R_101,RH_Vis_1,16.5,9.7,0.0,
R_101,RH_Vis_1,16.5,9.9,0.0,
R_101,RH_Vis_1,16.5,10.1,0.0,
R_101,RH_Vis_1,16.5,10.3,0.0,
R_101,RH_Vis_1,16.5,10.5,0.0,
R_101,RH_Vis_1,16.5,10.7,0.0,
R_101,RH_Vis_1,16.5,10.9,0.0,
R_101,RH_Vis_1,16.5,11.1,0.0,
R_101,RH_Vis_1,16.5,11.3,0.0,
R_101,RH_Vis_1,16.5,11.5,0.0,
R_101,RH_Vis_1,16.5,11.7,0.0,
R_101,RH_Vis_1,16.5,11.9,0.0,
R_101,RH_Vis_1,16.5,12.1,0.0,
R_101,RH_Vis_1,16.5,12.3,0.0,
R_101,RH_Vis_1,16.5,12.5,0.0,
R_101,RH_Vis_1,16.5,12.700000000000001,0.0,
R_101,RH_Vis_1,16.5,12.9,0.0,
R_101,RH_Vis_1,16.5,13.1,0.0,
R_101,RH_Vis_1,16.5,13.3,0.0,
R_101,RH_Vis_1,16.5,13.5,0.0,
R_101,RH_Vis_1,16.5,13.700000000000001,0.0,
R_101,RH_Vis_1,16.5,13.9,0.0,
R_101,RH_Vis_1,16.5,14.1,0.0,
R_101,RH_Vis_1,16.5,14.3,0.0,
R_101,RH_Vis_1,16.5,14.5,0.0,
R_101,RH_Vis_1,16.5,14.700000000000001,0.0,
R_101,RH_Vis_1,16.5,14.9,0.0,
R_101,RH_Vis_1,16.5,15.1,0.0,
R_101,RH_Vis_1,16.5,15.3,0.0,
R_101,RH_Vis_1,16.5,15.5,1.0,
R_101,RH_Vis_1,16.5,15.700000000000001,3.0,1.0000913153525521
R_101,RH_Vis_1,16.5,15.9,3.0,1.0000913153525521
R_101,RH_Vis_1,16.5,16.1,6.0,1.0119008819654263
R_101,RH_Vis_1,16.5,16.3,6.0,1.0119008819654263
R_101,RH_Vis_1,16.5,16.5,10.0,1.0294941888080562
R_101,RH_Vis_1,16.5,16.700000000000003,10.0,1.0294941888080562
R_101,RH_Vis_1,16.5,16.9,15.0,1.0373856432168522
R_101,RH_Vis_1,16.5,17.1,14.0,1.042077987366776
R_101,RH_Vis_1,16.5,17.3,19.0,1.0568067459904729
R_101,RH_Vis_1,16.5,17.5,17.0,1.0618086501693673
R_101,RH_Vis_1,16.5,17.700000000000003,17.0,1.0618086501693673
R_101,RH_Vis_1,16.5,17.9,14.0,1.0699725505103106
R_101,RH_Vis_1,16.700000000000003,8.1,0.0,
R_101,RH_Vis_1,16.700000000000003,8.3,0.0,
R_101,RH_Vis_1,16.700000000000003,8.5,0.0,
R_101,RH_Vis_1,16.700000000000003,8.7,0.0,
R_101,RH_Vis_1,16.700000000000003,8.9,0.0,
R_101,RH_Vis_1,16.700000000000003,9.1,0.0,
R_101,RH_Vis_1,16.700000000000003,9.3,0.0,
R_101,RH_Vis_1,16.700000000000003,9.5,0.0,
R_101,RH_Vis_1,16.700000000000003,9.7,0.0,
R_101,RH_Vis_1,16.700000000000003,9.9,0.0,
R_101,RH_Vis_1,16.700000000000003,10.1,0.0,
R_101,RH_Vis_1,16.700000000000003,10.3,0.0,
R_101,RH_Vis_1,16.700000000000003,10.5,0.0,
R_101,RH_Vis_1,16.700000000000003,10.7,0.0,
R_101,RH_Vis_1,16.700000000000003,10.9,0.0,
R_101,RH_Vis_1,16.700000000000003,11.1,0.0,
R_101,RH_Vis_1,16.700000000000003,11.3,0.0,
R_101,RH_Vis_1,16.700000000000003,11.5,0.0,
R_101,RH_Vis_1,16.700000000000003,11.7,0.0,
R_101,RH_Vis_1,16.700000000000003,11.9,0.0,
R_101,RH_Vis_1,16.700000000000003,12.1,0.0,
R_101,RH_Vis_1,16.700000000000003,12.3,0.0,
R_101,RH_Vis_1,16.700000000000003,12.5,0.0,
R_101,RH_Vis_1,16.700000000000003,12.700000000000001,0.0,
R_101,RH_Vis_1,16.700000000000003,12.9,0.0,
R_101,RH_Vis_1,16.700000000000003,13.1,0.0,
R_101,RH_Vis_1,16.700000000000003,13.3,0.0,
R_101,RH_Vis_1,16.700000000000003,13.5,0.0,
R_101,RH_Vis_1,16.700000000000003,13.700000000000001,0.0,
R_101,RH_Vis_1,16.700000000000003,13.9,0.0,
R_101,RH_Vis_1,16.700000000000003,14.1,0.0,
R_101,RH_Vis_1,16.700000000000003,14.3,0.0,
R_101,RH_Vis_1,16.700000000000003,14.5,0.0,
R_101,RH_Vis_1,16.700000000000003,14.700000000000001,0.0,
R_101,RH_Vis_1,16.700000000000003,14.9,0.0,
R_101,RH_Vis_1,16.700000000000003,15.1,0.0,
R_101,RH_Vis_1,16.700000000000003,15.3,0.0,
R_101,RH_Vis_1,16.700000000000003,15.5,0.0,
R_101,RH_Vis_1,16.700000000000003,15.700000000000001,1.0,
R_101,RH_Vis_1,16.700000000000003,15.9,1.0,
R_101,RH_Vis_1,16.700000000000003,16.1,3.0,1.0074082858501976
R_101,RH_Vis_1,16.700000000000003,16.3,3.0,1.0074082858501976
R_101,RH_Vis_1,16.700000000000003,16.5,6.0,1.021477803711002
R_101,RH_Vis_1,16.700000000000003,16.700000000000003,6.0,1.021477803711002
R_101,RH_Vis_1,16.700000000000003,16.9,10.0,1.0261856817956336
R_101,RH_Vis_1,16.700000000000003,17.1,10.0,1.0261856817956336
R_101,RH_Vis_1,16.700000000000003,17.3,14.0,1.0421053037832717
R_101,RH_Vis_1,16.700000000000003,17.5,13.0,1.0450911547920505
R_101,RH_Vis_1,16.700000000000003,17.700000000000003,13.0,1.0450911547920505
R_101,RH_Vis_1,16.700000000000003,17.9,11.0,1.0515681268559285
R_101,RH_Vis_1,16.9,8.1,0.0,
R_101,RH_Vis_1,16.9,8.3,0.0,
R_101,RH_Vis_1,16.9,8.5,0.0,
R_101,RH_Vis_1,16.9,8.7,0.0,
R_101,RH_Vis_1,16.9,8.9,0.0,
R_101,RH_Vis_1,16.9,9.1,0.0,
R_101,RH_Vis_1,16.9,9.3,0.0,
R_101,RH_Vis_1,16.9,9.5,0.0,
R_101,RH_Vis_1,16.9,9.7,0.0,
R_101,RH_Vis_1,16.9,9.9,0.0,
R_101,RH_Vis_1,16.9,10.1,0.0,
R_101,RH_Vis_1,16.9,10.3,0.0,
R_101,RH_Vis_1,16.9,10.5,0.0,
R_101,RH_Vis_1,16.9,10.7,0.0,
R_101,RH_Vis_1,16.9,10.9,0.0,
R_101,RH_Vis_1,16.9,11.1,0.0,
R_101,RH_Vis_1,16.9,11.3,0.0,
R_101,RH_Vis_1,16.9,11.5,0.0,
R_101,RH_Vis_1,16.9,11.7,0.0,
R_101,RH_Vis_1,16.9,11.9,0.0,
R_101,RH_Vis_1,16.9,12.1,0.0,
R_101,RH_Vis_1,16.9,12.3,0.0,
R_101,RH_Vis_1,16.9,12.5,0.0,
R_101,RH_Vis_1,16.9,12.700000000000001,0.0,
R_101,RH_Vis_1,16.9,12.9,0.0,
R_101,RH_Vis_1,16.9,13.1,0.0,
R_101,RH_Vis_1,16.9,13.3,0.0,
R_101,RH_Vis_1,16.9,13.5,0.0,
R_101,RH_Vis_1,16.9,13.700000000000001,0.0,
R_101,RH_Vis_1,16.9,13.9,0.0,
R_101,RH_Vis_1,16.9,14.1,0.0,
R_101,RH_Vis_1,16.9,14.3,0.0,
R_101,RH_Vis_1,16.9,14.5,0.0,
R_101,RH_Vis_1,16.9,14.700000000000001,0.0,
R_101,RH_Vis_1,16.9,14.9,0.0,
R_101,RH_Vis_1,16.9,15.1,0.0,
R_101,RH_Vis_1,16.9,15.3,0.0,
R_101,RH_Vis_1,16.9,15.5,0.0,
R_101,RH_Vis_1,16.9,15.700000000000001,1.0,
R_101,RH_Vis_1,16.9,15.9,1.0,
R_101,RH_Vis_1,16.9,16.1,3.0,1.0074082858501976
R_101,RH_Vis_1,16.9,16.3,3.0,1.0074082858501976
R_101,RH_Vis_1,16.9,16.5,6.0,1.021477803711002
R_101,RH_Vis_1,16.9,16.700000000000003,6.0,1.021477803711002
R_101,RH_Vis_1,16.9,16.9,10.0,1.0261856817956336
R_101,RH_Vis_1,16.9,17.1,10.0,1.0261856817956336
R_101,RH_Vis_1,16.9,17.3,15.0,1.0388771744291931
R_101,RH_Vis_1,16.9,17.5,14.0,1.0414191696977677
R_101,RH_Vis_1,16.9,17.700000000000003,14.0,1.0414191696977677
R_101,RH_Vis_1,16.9,17.9,12.0,1.0467443965739422
R_101,RH_Vis_1,17.1,8.1,0.0,
R_101,RH_Vis_1,17.1,8.3,0.0,
R_101,RH_Vis_1,17.1,8.5,0.0,
R_101,RH_Vis_1,17.1,8.7,0.0,
R_101,RH_Vis_1,17.1,8.9,0.0,
R_101,RH_Vis_1,17.1,9.1,0.0,
R_101,RH_Vis_1,17.1,9.3,0.0,
R_101,RH_Vis_1,17.1,9.5,0.0,
R_101,RH_Vis_1,17.1,9.7,0.0,
R_101,RH_Vis_1,17.1,9.9,0.0,
R_101,RH_Vis_1,17.1,10.1,0.0,
R_101,RH_Vis_1,17.1,10.3,0.0,
R_101,RH_Vis_1,17.1,10.5,0.0,
R_101,RH_Vis_1,17.1,10.7,0.0,
R_101,RH_Vis_1,17.1,10.9,0.0,
R_101,RH_Vis_1,17.1,11.1,0.0,
R_101,RH_Vis_1,17.1,11.3,0.0,
R_101,RH_Vis_1,17.1,11.5,0.0,
R_101,RH_Vis_1,17.1,11.7,0.0,
R_101,RH_Vis_1,17.1,11.9,0.0,
R_101,RH_Vis_1,17.1,12.1,0.0,
R_101,RH_Vis_1,17.1,12.3,0.0,
R_101,RH_Vis_1,17.1,12.5,0.0,
R_101,RH_Vis_1,17.1,12.700000000000001,0.0,
R_101,RH_Vis_1,17.1,12.9,0.0,
R_101,RH_Vis_1,17.1,13.1,0.0,
R_101,RH_Vis_1,17.1,13.3,0.0,
R_101,RH_Vis_1,17.1,13.5,0.0,
R_101,RH_Vis_1,17.1,13.700000000000001,0.0,
R_101,RH_Vis_1,17.1,13.9,0.0,
R_101,RH_Vis_1,17.1,14.1,0.0,
R_101,RH_Vis_1,17.1,14.3,0.0,
R_101,RH_Vis_1,17.1,14.5,0.0,
R_101,RH_Vis_1,17.1,14.700000000000001,0.0,
R_101,RH_Vis_1,17.1,14.9,0.0,
R_101,RH_Vis_1,17.1,15.1,0.0,
R_101,RH_Vis_1,17.1,15.3,0.0,
R_101,RH_Vis_1,17.1,15.5,0.0,
R_101,RH_Vis_1,17.1,15.700000000000001,0.0,
R_101,RH_Vis_1,17.1,15.9,0.0,
R_101,RH_Vis_1,17.1,16.1,1.0,
R_101,RH_Vis_1,17.1,16.3,1.0,
R_101,RH_Vis_1,17.1,16.5,3.0,1.004701801353567
R_101,RH_Vis_1,17.1,16.700000000000003,3.0,1.004701801353567
R_101,RH_Vis_1,17.1,16.9,6.0,1.0077419245833383
R_101,RH_Vis_1,17.1,17.1,6.0,1.0077419245833383
R_101,RH_Vis_1,17.1,17.3,10.0,1.0228392521161231
R_101,RH_Vis_1,17.1,17.5,10.0,1.0228392521161231
R_101,RH_Vis_1,17.1,17.700000000000003,10.0,1.0228392521161231
R_101,RH_Vis_1,17.1,17.9,9.0,1.0261499738088933
R_101,RH_Vis_1,17.3,8.1,0.0,
R_101,RH_Vis_1,17.3,8.3,0.0,
R_101,RH_Vis_1,17.3,8.5,0.0,
R_101,RH_Vis_1,17.3,8.7,0.0,
R_101,RH_Vis_1,17.3,8.9,0.0,
R_101,RH_Vis_1,17.3,9.1,0.0,
R_101,RH_Vis_1,17.3,9.3,0.0,
R_101,RH_Vis_1,17.3,9.5,0.0,
R_101,RH_Vis_1,17.3,9.7,0.0,
R_101,RH_Vis_1,17.3,9.9,0.0,
R_101,RH_Vis_1,17.3,10.1,0.0,
R_101,RH_Vis_1,17.3,10.3,0.0,
R_101,RH_Vis_1,17.3,10.5,0.0,
R_101,RH_Vis_1,17.3,10.7,0.0,
R_101,RH_Vis_1,17.3,10.9,0.0,
R_101,RH_Vis_1,17.3,11.1,0.0,
R_101,RH_Vis_1,17.3,11.3,0.0,
R_101,RH_Vis_1,17.3,11.5,0.0,
R_101,RH_Vis_1,17.3,11.7,0.0,
R_101,RH_Vis_1,17.3,11.9,0.0,
R_101,RH_Vis_1,17.3,12.1,0.0,
R_101,RH_Vis_1,17.3,12.3,0.0,
R_101,RH_Vis_1,17.3,12.5,0.0,
R_101,RH_Vis_1,17.3,12.700000000000001,0.0,
R_101,RH_Vis_1,17.3,12.9,0.0,
R_101,RH_Vis_1,17.3,13.1,0.0,
R_101,RH_Vis_1,17.3,13.3,0.0,
R_101,RH_Vis_1,17.3,13.5,0.0,
R_101,RH_Vis_1,17.3,13.700000000000001,0.0,
R_101,RH_Vis_1,17.3,13.9,0.0,
R_101,RH_Vis_1,17.3,14.1,0.0,
R_101,RH_Vis_1,17.3,14.3,0.0,
R_101,RH_Vis_1,17.3,14.5,0.0,
R_101,RH_Vis_1,17.3,14.700000000000001,0.0,
R_101,RH_Vis_1,17.3,14.9,0.0,
R_101,RH_Vis_1,17.3,15.1,0.0,
R_101,RH_Vis_1,17.3,15.3,0.0,
R_101,RH_Vis_1,17.3,15.5,0.0,
R_101,RH_Vis_1,17.3,15.700000000000001,0.0,
R_101,RH_Vis_1,17.3,15.9,0.0,
R_101,RH_Vis_1,17.3,16.1,1.0,
R_101,RH_Vis_1,17.3,16.3,1.0,
R_101,RH_Vis_1,17.3,16.5,3.0,1.004701801353567
R_101,RH_Vis_1,17.3,16.700000000000003,3.0,1.004701801353567
R_101,RH_Vis_1,17.3,16.9,6.0,1.0077419245833383
R_101,RH_Vis_1,17.3,17.1,6.0,1.0077419245833383
R_101,RH_Vis_1,17.3,17.3,10.0,1.0228392521161231
R_101,RH_Vis_1,17.3,17.5,10.0,1.0228392521161231
R_101,RH_Vis_1,17.3,17.700000000000003,10.0,1.0228392521161231
R_101,RH_Vis_1,17.3,17.9,9.0,1.0261499738088933
R_101,RH_Vis_1,17.5,8.1,0.0,
R_101,RH_Vis_1,17.5,8.3,0.0,
R_101,RH_Vis_1,17.5,8.5,0.0,
R_101,RH_Vis_1,17.5,8.7,0.0,
R_101,RH_Vis_1,17.5,8.9,0.0,
R_101,RH_Vis_1,17.5,9.1,0.0,
R_101,RH_Vis_1,17.5,9.3,0.0,
R_101,RH_Vis_1,17.5,9.5,0.0,
R_101,RH_Vis_1,17.5,9.7,0.0,
R_101,RH_Vis_1,17.5,9.9,0.0,
R_101,RH_Vis_1,17.5,10.1,0.0,
R_101,RH_Vis_1,17.5,10.3,0.0,
R_101,RH_Vis_1,17.5,10.5,0.0,
R_101,RH_Vis_1,17.5,10.7,0.0,
R_101,RH_Vis_1,17.5,10.9,0.0,
R_101,RH_Vis_1,17.5,11.1,0.0,
R_101,RH_Vis_1,17.5,11.3,0.0,
R_101,RH_Vis_1,17.5,11.5,0.0,
R_101,RH_Vis_1,17.5,11.7,0.0,
R_101,RH_Vis_1,17.5,11.9,0.0,
R_101,RH_Vis_1,17.5,12.1,0.0,
R_101,RH_Vis_1,17.5,12.3,0.0,
R_101,RH_Vis_1,17.5,12.5,0.0,
R_101,RH_Vis_1,17.5,12.700000000000001,0.0,
R_101,RH_Vis_1,17.5,12.9,0.0,
R_101,RH_Vis_1,17.5,13.1,0.0,
R_101,RH_Vis_1,17.5,13.3,0.0,
R_101,RH_Vis_1,17.5,13.5,0.0,
R_101,RH_Vis_1,17.5,13.700000000000001,0.0,
R_101,RH_Vis_1,17.5,13.9,0.0,
R_101,RH_Vis_1,17.5,14.1,0.0,
R_101,RH_Vis_1,17.5,14.3,0.0,
R_101,RH_Vis_1,17.5,14.5,0.0,
R_101,RH_Vis_1,17.5,14.700000000000001,0.0,
R_101,RH_Vis_1,17.5,14.9,0.0,
R_101,RH_Vis_1,17.5,15.1,0.0,
R_101,RH_Vis_1,17.5,15.3,0.0,
R_101,RH_Vis_1,17.5,15.5,0.0,
R_101,RH_Vis_1,17.5,15.700000000000001,0.0,
R_101,RH_Vis_1,17.5,15.9,0.0,
R_101,RH_Vis_1,17.5,16.1,0.0,
R_101,RH_Vis_1,17.5,16.3,0.0,
R_101,RH_Vis_1,17.5,16.5,1.0,
R_101,RH_Vis_1,17.5,16.700000000000003,1.0,
R_101,RH_Vis_1,17.5,16.9,3.0,0.9865919873277726
R_101,RH_Vis_1,17.5,17.1,3.0,0.9865919873277726
R_101,RH_Vis_1,17.5,17.3,6.0,1.0052721252161714
R_101,RH_Vis_1,17.5,17.5,6.0,1.0052721252161714
R_101,RH_Vis_1,17.5,17.700000000000003,6.0,1.0052721252161714
R_101,RH_Vis_1,17.5,17.9,6.0,1.0052721252161714
R_101,RH_Vis_1,17.700000000000003,8.1,0.0,
R_101,RH_Vis_1,17.700000000000003,8.3,0.0,
R_101,RH_Vis_1,17.700000000000003,8.5,0.0,
R_101,RH_Vis_1,17.700000000000003,8.7,0.0,
R_101,RH_Vis_1,17.700000000000003,8.9,0.0,
R_101,RH_Vis_1,17.700000000000003,9.1,0.0,
R_101,RH_Vis_1,17.700000000000003,9.3,0.0,
R_101,RH_Vis_1,17.700000000000003,9.5,0.0,
R_101,RH_Vis_1,17.700000000000003,9.7,0.0,
R_101,RH_Vis_1,17.700000000000003,9.9,0.0,
R_101,RH_Vis_1,17.700000000000003,10.1,0.0,
R_101,RH_Vis_1,17.700000000000003,10.3,0.0,
R_101,RH_Vis_1,17.700000000000003,10.5,0.0,
R_101,RH_Vis_1,17.700000000000003,10.7,0.0,
R_101,RH_Vis_1,17.700000000000003,10.9,0.0,
R_101,RH_Vis_1,17.700000000000003,11.1,0.0,
R_101,RH_Vis_1,17.700000000000003,11.3,0.0,
R_101,RH_Vis_1,17.700000000000003,11.5,0.0,
R_101,RH_Vis_1,17.700000000000003,11.7,0.0,
R_101,RH_Vis_1,17.700000000000003,11.9,0.0,
R_101,RH_Vis_1,17.700000000000003,12.1,0.0,
R_101,RH_Vis_1,17.700000000000003,12.3,0.0,
R_101,RH_Vis_1,17.700000000000003,12.5,0.0,
R_101,RH_Vis_1,17.700000000000003,12.700000000000001,0.0,
R_101,RH_Vis_1,17.700000000000003,12.9,0.0,
R_101,RH_Vis_1,17.700000000000003,13.1,0.0,
R_101,RH_Vis_1,17.700000000000003,13.3,0.0,
R_101,RH_Vis_1,17.700000000000003,13.5,0.0,
R_101,RH_Vis_1,17.700000000000003,13.700000000000001,0.0,
R_101,RH_Vis_1,17.700000000000003,13.9,0.0,
R_101,RH_Vis_1,17.700000000000003,14.1,0.0,
R_101,RH_Vis_1,17.700000000000003,14.3,0.0,
R_101,RH_Vis_1,17.700000000000003,14.5,0.0,
R_101,RH_Vis_1,17.700000000000003,14.700000000000001,0.0,
R_101,RH_Vis_1,17.700000000000003,14.9,0.0,
R_101,RH_Vis_1,17.700000000000003,15.1,0.0,
R_101,RH_Vis_1,17.700000000000003,15.3,0.0,
R_101,RH_Vis_1,17.700000000000003,15.5,0.0,
R_101,RH_Vis_1,17.700000000000003,15.700000000000001,0.0,
R_101,RH_Vis_1,17.700000000000003,15.9,0.0,
R_101,RH_Vis_1,17.700000000000003,16.1,0.0,
R_101,RH_Vis_1,17.700000000000003,16.3,0.0,
R_101,RH_Vis_1,17.700000000000003,16.5,1.0,
R_101,RH_Vis_1,17.700000000000003,16.700000000000003,1.0,
R_101,RH_Vis_1,17.700000000000003,16.9,3.0,0.9865919873277726
R_101,RH_Vis_1,17.700000000000003,17.1,3.0,0.9865919873277726
R_101,RH_Vis_1,17.700000000000003,17.3,6.0,1.0052721252161714
R_101,RH_Vis_1,17.700000000000003,17.5,6.0,1.0052721252161714
R_101,RH_Vis_1,17.700000000000003,17.700000000000003,6.0,1.0052721252161714
R_101,RH_Vis_1,17.700000000000003,17.9,6.0,1.0052721252161714
R_101,RH_Vis_1,17.9,8.1,0.0,
R_101,RH_Vis_1,17.9,8.3,0.0,
R_101,RH_Vis_1,17.9,8.5,0.0,
R_101,RH_Vis_1,17.9,8.7,0.0,
R_101,RH_Vis_1,17.9,8.9,0.0,
R_101,RH_Vis_1,17.9,9.1,0.0,
R_101,RH_Vis_1,17.9,9.3,0.0,
R_101,RH_Vis_1,17.9,9.5,0.0,
R_101,RH_Vis_1,17.9,9.7,0.0,
R_101,RH_Vis_1,17.9,9.9,0.0,
R_101,RH_Vis_1,17.9,10.1,0.0,
R_101,RH_Vis_1,17.9,10.3,0.0,
R_101,RH_Vis_1,17.9,10.5,0.0,
R_101,RH_Vis_1,17.9,10.7,0.0,
R_101,RH_Vis_1,17.9,10.9,0.0,
R_101,RH_Vis_1,17.9,11.1,0.0,
R_101,RH_Vis_1,17.9,11.3,0.0,
R_101,RH_Vis_1,17.9,11.5,0.0,
R_101,RH_Vis_1,17.9,11.7,0.0,
R_101,RH_Vis_1,17.9,11.9,0.0,
R_101,RH_Vis_1,17.9,12.1,0.0,
R_101,RH_Vis_1,17.9,12.3,0.0,
R_101,RH_Vis_1,17.9,12.5,0.0,
R_101,RH_Vis_1,17.9,12.700000000000001,0.0,
R_101,RH_Vis_1,17.9,12.9,0.0,
R_101,RH_Vis_1,17.9,13.1,0.0,
R_101,RH_Vis_1,17.9,13.3,0.0,
R_101,RH_Vis_1,17.9,13.5,0.0,
R_101,RH_Vis_1,17.9,13.700000000000001,0.0,
R_101,RH_Vis_1,17.9,13.9,0.0,
R_101,RH_Vis_1,17.9,14.1,0.0,
R_101,RH_Vis_1,17.9,14.3,0.0,
R_101,RH_Vis_1,17.9,14.5,0.0,
R_101,RH_Vis_1,17.9,14.700000000000001,0.0,
R_101,RH_Vis_1,17.9,14.9,0.0,
R_101,RH_Vis_1,17.9,15.1,0.0,
R_101,RH_Vis_1,17.9,15.3,0.0,
R_101,RH_Vis_1,17.9,15.5,0.0,
R_101,RH_Vis_1,17.9,15.700000000000001,0.0,
R_101,RH_Vis_1,17.9,15.9,0.0,
R_101,RH_Vis_1,17.9,16.1,0.0,
R_101,RH_Vis_1,17.9,16.3,0.0,
R_101,RH_Vis_1,17.9,16.5,0.0,
R_101,RH_Vis_1,17.9,16.700000000000003,0.0,
R_101,RH_Vis_1,17.9,16.9,1.0,
R_101,RH_Vis_1,17.9,17.1,1.0,
R_101,RH_Vis_1,17.9,17.3,3.0,0.9877832630424367
R_101,RH_Vis_1,17.9,17.5,3.0,0.9877832630424367
R_101,RH_Vis_1,17.9,17.700000000000003,3.0,0.9877832630424367
R_101,RH_Vis_1,17.9,17.9,3.0,0.9877832630424367
V_1,Tian_1,8.1,8.1,3.0,0.044289974318750515
V_1,Tian_1,8.1,8.3,6.0,0.11187330745364492
V_1,Tian_1,8.1,8.5,6.0,0.11187330745364492
V_1,Tian_1,8.1,8.7,9.0,0.14999937533796615
V_1,Tian_1,8.1,8.9,9.0,0.14999937533796615
V_1,Tian_1,8.1,9.1,12.0,0.17877643281219094
V_1,Tian_1,8.1,9.3,11.0,0.1990542779016173
V_1,Tian_1,8.1,9.5,14.0,0.22091397012659258
V_1,Tian_1,8.1,9.7,12.0,0.2429704829703788
V_1,Tian_1,8.1,9.9,15.0,0.26022491885027255
V_1,Tian_1,8.1,10.1,12.0,0.2804169884157059
V_1,Tian_1,8.1,10.3,15.0,0.2969051535773293
V_1,Tian_1,8.1,10.5,15.0,0.32745601047455963
V_1,Tian_1,8.1,10.7,12.0,0.34304311178448305
V_1,Tian_1,8.1,10.9,15.0,0.35508209975991306
V_1,Tian_1,8.1,11.1,12.0,0.368586080962016
V_1,Tian_1,8.1,11.3,15.0,0.3777419213650424
V_1,Tian_1,8.1,11.5,12.0,0.3898667361138411
V_1,Tian_1,8.1,11.7,15.0,0.39806692799370497
V_1,Tian_1,8.1,11.9,12.0,0.40686920643617547
V_1,Tian_1,8.1,12.1,15.0,0.4118692576258735
V_1,Tian_1,8.1,12.3,12.0,0.4200851231341518
V_1,Tian_1,8.1,12.5,15.0,0.42470698449422445
V_1,Tian_1,8.1,12.700000000000001,12.0,0.43007421770237214
V_1,Tian_1,8.1,12.9,15.0,0.4311287549438966
V_1,Tian_1,8.1,13.1,15.0,0.4352783960155448
V_1,Tian_1,8.1,13.3,12.0,0.4363810711411409
V_1,Tian_1,8.1,13.5,15.0,0.4343196090545475
V_1,Tian_1,8.1,13.700000000000001,12.0,0.4349321457220181
V_1,Tian_1,8.1,13.9,15.0,0.43003640083679356
V_1,Tian_1,8.1,14.1,12.0,0.4267468935623633
V_1,Tian_1,8.1,14.3,15.0,0.42093134202031346
V_1,Tian_1,8.1,14.5,12.0,0.41732745154789325
V_1,Tian_1,8.1,14.700000000000001,15.0,0.40898099360918233
V_1,Tian_1,8.1,14.9,12.0,0.40244786992763065
V_1,Tian_1,8.1,15.1,15.0,0.39185728275502546
V_1,Tian_1,8.1,15.3,12.0,0.3833031632667383
V_1,Tian_1,8.1,15.5,15.0,0.37182149903664236
V_1,Tian_1,8.1,15.700000000000001,15.0,0.34763105287421325
V_1,Tian_1,8.1,15.9,12.0,0.3351215321297381
V_1,Tian_1,8.1,16.1,15.0,0.3184217082874594
V_1,Tian_1,8.1,16.3,12.0,0.30412834489573953
V_1,Tian_1,8.1,16.5,15.0,0.2841539248364148
V_1,Tian_1,8.1,16.700000000000003,12.0,0.26781867252936736
V_1,Tian_1,8.1,16.9,15.0,0.24927754303693478
V_1,Tian_1,8.1,17.1,12.0,0.23012321826710383
V_1,Tian_1,8.1,17.3,15.0,0.2092714412005847
V_1,Tian_1,8.1,17.5,12.0,0.18921400387979337
V_1,Tian_1,8.1,17.700000000000003,12.0,0.18921400387979337
V_1,Tian_1,8.1,17.9,9.0,0.16841120086694297
V_1,Tian_1,8.3,8.1,3.0,0.044289974318750515
V_1,Tian_1,8.3,8.3,6.0,0.11187330745364492
V_1,Tian_1,8.3,8.5,6.0,0.11187330745364492
V_1,Tian_1,8.3,8.7,10.0,0.17977609489401541
V_1,Tian_1,8.3,8.9,10.0,0.17977609489401541
V_1,Tian_1,8.3,9.1,14.0,0.21929016623825603
V_1,Tian_1,8.3,9.3,13.0,0.23956478388516028
V_1,Tian_1,8.3,9.5,17.0,0.2662328789513396
V_1,Tian_1,8.3,9.7,15.0,0.28992061040300154
V_1,Tian_1,8.3,9.9,19.0,0.3096489512519595
V_1,Tian_1,8.3,10.1,16.0,0.3340600095013508
V_1,Tian_1,8.3,10.3,20.0,0.35010974428874003
V_1,Tian_1,8.3,10.5,20.0,0.38058783219192927
V_1,Tian_1,8.3,10.7,16.0,0.39621595409019705
V_1,Tian_1,8.3,10.9,20.0,0.4086761550916256
V_1,Tian_1,8.3,11.1,16.0,0.42261914688542634
V_1,Tian_1,8.3,11.3,20.0,0.4316810436205728
V_1,Tian_1,8.3,11.5,16.0,0.44369374716682797
V_1,Tian_1,8.3,11.7,20.0,0.45211733682150107
V_1,Tian_1,8.3,11.9,16.0,0.46156950016730214
V_1,Tian_1,8.3,12.1,20.0,0.46643470262008313
V_1,Tian_1,8.3,12.3,16.0,0.47453819938247455
V_1,Tian_1,8.3,12.5,20.0,0.47915935767636597
V_1,Tian_1,8.3,12.700000000000001,16.0,0.48431995732112254
V_1,Tian_1,8.3,12.9,20.0,0.4858059494485336
V_1,Tian_1,8.3,13.1,20.0,0.49025727741426667
V_1,Tian_1,8.3,13.3,16.0,0.49136867290778496
V_1,Tian_1,8.3,13.5,20.0,0.4894275966094437
V_1,Tian_1,8.3,13.700000000000001,16.0,0.4903106176540029
V_1,Tian_1,8.3,13.9,20.0,0.48550988436221176
V_1,Tian_1,8.3,14.1,16.0,0.48247635773978187
V_1,Tian_1,8.3,14.3,20.0,0.4761510766325083
V_1,Tian_1,8.3,14.5,16.0,0.4722513663010909
V_1,Tian_1,8.3,14.700000000000001,20.0,0.4638643249208683
V_1,Tian_1,8.3,14.9,16.0,0.4572840885536295
V_1,Tian_1,8.3,15.1,20.0,0.4465506758981294
V_1,Tian_1,8.3,15.3,16.0,0.4377725220186421
V_1,Tian_1,8.3,15.5,20.0,0.42588090089523367
V_1,Tian_1,8.3,15.700000000000001,20.0,0.4019006281987328
V_1,Tian_1,8.3,15.9,16.0,0.38966329719756254
V_1,Tian_1,8.3,16.1,20.0,0.3731551069141587
V_1,Tian_1,8.3,16.3,16.0,0.3588648437927039
V_1,Tian_1,8.3,16.5,20.0,0.3387345132509999
V_1,Tian_1,8.3,16.700000000000003,16.0,0.3225138852447175
V_1,Tian_1,8.3,16.9,20.0,0.30481936570635343
V_1,Tian_1,8.3,17.1,16.0,0.28644560303254163
V_1,Tian_1,8.3,17.3,20.0,0.2657012674403354
V_1,Tian_1,8.3,17.5,16.0,0.24552518737228357
V_1,Tian_1,8.3,17.700000000000003,16.0,0.24552518737228357
V_1,Tian_1,8.3,17.9,12.0,0.22499280123619705
V_1,Tian_1,8.5,8.1,3.0,0.044289974318750515
V_1,Tian_1,8.5,8.3,6.0,0.11187330745364492
V_1,Tian_1,8.5,8.5,6.0,0.11187330745364492
V_1,Tian_1,8.5,8.7,10.0,0.17977609489401541
V_1,Tian_1,8.5,8.9,10.0,0.17977609489401541
V_1,Tian_1,8.5,9.1,14.0,0.21929016623825603
V_1,Tian_1,8.5,9.3,13.0,0.23956478388516028
V_1,Tian_1,8.5,9.5,17.0,0.2662328789513396
V_1,Tian_1,8.5,9.7,15.0,0.28992061040300154
V_1,Tian_1,8.5,9.9,19.0,0.3096489512519595
V_1,Tian_1,8.5,10.1,16.0,0.3340600095013508
V_1,Tian_1,8.5,10.3,20.0,0.35010974428874003
V_1,Tian_1,8.5,10.5,20.0,0.38058783219192927
V_1,Tian_1,8.5,10.7,16.0,0.39621595409019705
V_1,Tian_1,8.5,10.9,20.0,0.4086761550916256
V_1,Tian_1,8.5,11.1,16.0,0.42261914688542634
V_1,Tian_1,8.5,11.3,20.0,0.4316810436205728
V_1,Tian_1,8.5,11.5,16.0,0.44369374716682797
V_1,Tian_1,8.5,11.7,20.0,0.45211733682150107
V_1,Tian_1,8.5,11.9,16.0,0.46156950016730214
V_1,Tian_1,8.5,12.1,20.0,0.46643470262008313
V_1,Tian_1,8.5,12.3,16.0,0.47453819938247455
V_1,Tian_1,8.5,12.5,20.0,0.47915935767636597
V_1,Tian_1,8.5,12.700000000000001,16.0,0.48431995732112254
V_1,Tian_1,8.5,12.9,20.0,0.4858059494485336
V_1,Tian_1,8.5,13.1,20.0,0.49025727741426667
V_1,Tian_1,8.5,13.3,16.0,0.49136867290778496
V_1,Tian_1,8.5,13.5,20.0,0.4894275966094437
V_1,Tian_1,8.5,13.700000000000001,16.0,0.4903106176540029
V_1,Tian_1,8.5,13.9,20.0,0.48550988436221176
V_1,Tian_1,8.5,14.1,16.0,0.48247635773978187
V_1,Tian_1,8.5,14.3,20.0,0.4761510766325083
V_1,Tian_1,8.5,14.5,16.0,0.4722513663010909
V_1,Tian_1,8.5,14.700000000000001,20.0,0.4638643249208683
V_1,Tian_1,8.5,14.9,16.0,0.4572840885536295
V_1,Tian_1,8.5,15.1,20.0,0.4465506758981294
V_1,Tian_1,8.5,15.3,16.0,0.4377725220186421
V_1,Tian_1,8.5,15.5,20.0,0.42588090089523367
V_1,Tian_1,8.5,15.700000000000001,20.0,0.4019006281987328
V_1,Tian_1,8.5,15.9,16.0,0.38966329719756254
V_1,Tian_1,8.5,16.1,20.0,0.3731551069141587
V_1,Tian_1,8.5,16.3,16.0,0.3588648437927039
V_1,Tian_1,8.5,16.5,20.0,0.3387345132509999
V_1,Tian_1,8.5,16.700000000000003,16.0,0.3225138852447175
V_1,Tian_1,8.5,16.9,20.0,0.30481936570635343
V_1,Tian_1,8.5,17.1,16.0,0.28644560303254163
V_1,Tian_1,8.5,17.3,20.0,0.2657012674403354
V_1,Tian_1,8.5,17.5,16.0,0.24552518737228357
V_1,Tian_1,8.5,17.700000000000003,16.0,0.24552518737228357
V_1,Tian_1,8.5,17.9,12.0,0.22499280123619705
V_1,Tian_1,8.7,8.1,3.0,0.044289974318750515
V_1,Tian_1,8.7,8.3,6.0,0.11187330745364492
V_1,Tian_1,8.7,8.5,6.0,0.11187330745364492
V_1,Tian_1,8.7,8.7,10.0,0.17977609489401541
V_1,Tian_1,8.7,8.9,10.0,0.17977609489401541
V_1,Tian_1,8.7,9.1,15.0,0.2410512124023308
V_1,Tian_1,8.7,9.3,14.0,0.2614320035147472
V_1,Tian_1,8.7,9.5,19.0,0.2982570471557005
V_1,Tian_1,8.7,9.7,17.0,0.3229255358723858
V_1,Tian_1,8.7,9.9,22.0,0.34776880848996705
V_1,Tian_1,8.7,10.1,19.0,0.37434441394808726
V_1,Tian_1,8.7,10.3,24.0,0.3924790781134031
V_1,Tian_1,8.7,10.5,25.0,0.42833217251743966
V_1,Tian_1,8.7,10.7,20.0,0.44451485379205924
V_1,Tian_1,8.7,10.9,25.0,0.45697769838689395
V_1,Tian_1,8.7,11.1,20.0,0.4708803306460251
V_1,Tian_1,8.7,11.3,25.0,0.4797942328961101
V_1,Tian_1,8.7,11.5,20.0,0.49168380727270183
V_1,Tian_1,8.7,11.7,25.0,0.500185575963275
V_1,Tian_1,8.7,11.9,20.0,0.5098842694686929
V_1,Tian_1,8.7,12.1,25.0,0.514700241283636
V_1,Tian_1,8.7,12.3,20.0,0.5226089244829148
V_1,Tian_1,8.7,12.5,25.0,0.5269804680889042
V_1,Tian_1,8.7,12.700000000000001,20.0,0.5320183159195719
V_1,Tian_1,8.7,12.9,25.0,0.5335346980741831
V_1,Tian_1,8.7,13.1,25.0,0.5378983664669443
V_1,Tian_1,8.7,13.3,20.0,0.5388247954022887
V_1,Tian_1,8.7,13.5,25.0,0.5369188948427375
V_1,Tian_1,8.7,13.700000000000001,20.0,0.5376575864175698
V_1,Tian_1,8.7,13.9,25.0,0.5333346627077914
V_1,Tian_1,8.7,14.1,20.0,0.530551667756524
V_1,Tian_1,8.7,14.3,25.0,0.5242089206993671
V_1,Tian_1,8.7,14.5,20.0,0.5203610942010519
V_1,Tian_1,8.7,14.700000000000001,25.0,0.5122939348872313
V_1,Tian_1,8.7,14.9,20.0,0.5060503726439748
V_1,Tian_1,8.7,15.1,25.0,0.4954813500513242
V_1,Tian_1,8.7,15.3,20.0,0.4870278644130219
V_1,Tian_1,8.7,15.5,25.0,0.4753110716702843
V_1,Tian_1,8.7,15.700000000000001,25.0,0.45115307887645095
V_1,Tian_1,8.7,15.9,20.0,0.4392318654778788
V_1,Tian_1,8.7,16.1,25.0,0.42234060771046494
V_1,Tian_1,8.7,16.3,20.0,0.407919435230094
V_1,Tian_1,8.7,16.5,25.0,0.38872075502140435
V_1,Tian_1,8.7,16.700000000000003,20.0,0.37259962885657505
V_1,Tian_1,8.7,16.9,25.0,0.35500195374521326
V_1,Tian_1,8.7,17.1,20.0,0.33664146700668307
V_1,Tian_1,8.7,17.3,25.0,0.31664882974311626
V_1,Tian_1,8.7,17.5,20.0,0.2969977862040174
V_1,Tian_1,8.7,17.700000000000003,20.0,0.2969977862040174
V_1,Tian_1,8.7,17.9,15.0,0.2777385227250868
V_1,Tian_1,8.9,8.1,1.0,
V_1,Tian_1,8.9,8.3,3.0,0.20794742964484605
V_1,Tian_1,8.9,8.5,3.0,0.20794742964484605
V_1,Tian_1,8.9,8.7,6.0,0.27347646347850446
V_1,Tian_1,8.9,8.9,6.0,0.27347646347850446
V_1,Tian_1,8.9,9.1,10.0,0.33083503611834625
V_1,Tian_1,8.9,9.3,10.0,0.33083503611834625
V_1,Tian_1,8.9,9.5,14.0,0.36632310691346476
V_1,Tian_1,8.9,9.7,13.0,0.3827499821482739
V_1,Tian_1,8.9,9.9,17.0,0.407617376874147
V_1,Tian_1,8.9,10.1,15.0,0.43056178978579385
V_1,Tian_1,8.9,10.3,19.0,0.4484447840298142
V_1,Tian_1,8.9,10.5,20.0,0.48299978394679083
V_1,Tian_1,8.9,10.7,16.0,0.49953150616396136
V_1,Tian_1,8.9,10.9,20.0,0.51216108997135
V_1,Tian_1,8.9,11.1,16.0,0.5264405414888722
V_1,Tian_1,8.9,11.3,20.0,0.5353070181196454
V_1,Tian_1,8.9,11.5,16.0,0.547024670216248
V_1,Tian_1,8.9,11.7,20.0,0.5557729690559228
V_1,Tian_1,8.9,11.9,16.0,0.565839708208681
V_1,Tian_1,8.9,12.1,20.0,0.5704824151530159
V_1,Tian_1,8.9,12.3,16.0,0.5783179392971551
V_1,Tian_1,8.9,12.5,20.0,0.5825667310575099
V_1,Tian_1,8.9,12.700000000000001,16.0,0.5875385575216612
V_1,Tian_1,8.9,12.9,20.0,0.5890750595774713
V_1,Tian_1,8.9,13.1,20.0,0.5933080813431589
V_1,Tian_1,8.9,13.3,16.0,0.5939435605752932
V_1,Tian_1,8.9,13.5,20.0,0.5922444208750604
V_1,Tian_1,8.9,13.700000000000001,16.0,0.5930422153612365
V_1,Tian_1,8.9,13.9,20.0,0.5889698232384987
V_1,Tian_1,8.9,14.1,16.0,0.5863218045233911
V_1,Tian_1,8.9,14.3,20.0,0.5799513209897134
V_1,Tian_1,8.9,14.5,16.0,0.576133884286964
V_1,Tian_1,8.9,14.700000000000001,20.0,0.5684033987606382
V_1,Tian_1,8.9,14.9,16.0,0.5625197400830035
V_1,Tian_1,8.9,15.1,20.0,0.5517171968235132
V_1,Tian_1,8.9,15.3,16.0,0.5432845305108591
V_1,Tian_1,8.9,15.5,20.0,0.531674867661483
V_1,Tian_1,8.9,15.700000000000001,20.0,0.5075123927520583
V_1,Tian_1,8.9,15.9,16.0,0.4957731442263222
V_1,Tian_1,8.9,16.1,20.0,0.47850462589433274
V_1,Tian_1,8.9,16.3,16.0,0.4637604182040821
V_1,Tian_1,8.9,16.5,20.0,0.44525749112435786
V_1,Tian_1,8.9,16.700000000000003,16.0,0.42944510795905955
V_1,Tian_1,8.9,16.9,20.0,0.4116387071221258
V_1,Tian_1,8.9,17.1,16.0,0.39323932983666265
V_1,Tian_1,8.9,17.3,20.0,0.37364229174545294
V_1,Tian_1,8.9,17.5,16.0,0.3540858946317101
V_1,Tian_1,8.9,17.700000000000003,16.0,0.3540858946317101
V_1,Tian_1,8.9,17.9,12.0,0.33563767532015526
V_1,Tian_1,9.1,8.1,1.0,
V_1,Tian_1,9.1,8.3,3.0,0.20794742964484605
V_1,Tian_1,9.1,8.5,3.0,0.20794742964484605
V_1,Tian_1,9.1,8.7,6.0,0.27347646347850446
V_1,Tian_1,9.1,8.9,6.0,0.27347646347850446
V_1,Tian_1,9.1,9.1,10.0,0.33083503611834625
V_1,Tian_1,9.1,9.3,10.0,0.33083503611834625
V_1,Tian_1,9.1,9.5,15.0,0.3875790679963708
V_1,Tian_1,9.1,9.7,14.0,0.4043508779346154
V_1,Tian_1,9.1,9.9,19.0,0.43826937745172845
V_1,Tian_1,9.1,10.1,17.0,0.46212056538289703
V_1,Tian_1,9.1,10.3,22.0,0.4840260751493377
V_1,Tian_1,9.1,10.5,24.0,0.5226497194822414
V_1,Tian_1,9.1,10.7,20.0,0.5438050843630677
V_1,Tian_1,9.1,10.9,25.0,0.5560899302903587
V_1,Tian_1,9.1,11.1,20.0,0.5698456299248433
V_1,Tian_1,9.1,11.3,25.0,0.5788974994713919
V_1,Tian_1,9.1,11.5,20.0,0.5903115803143286
V_1,Tian_1,9.1,11.7,25.0,0.5994041354471424
V_1,Tian_1,9.1,11.9,20.0,0.6096289672201191
V_1,Tian_1,9.1,12.1,25.0,0.6148311471502087
V_1,Tian_1,9.1,12.3,20.0,0.6229371286265184
V_1,Tian_1,9.1,12.5,25.0,0.6273509245561302
V_1,Tian_1,9.1,12.700000000000001,20.0,0.6328813271952822
V_1,Tian_1,9.1,12.9,25.0,0.6345815191969753
V_1,Tian_1,9.1,13.1,25.0,0.6391433186323225
V_1,Tian_1,9.1,13.3,20.0,0.6399855592958039
V_1,Tian_1,9.1,13.5,25.0,0.6378423280216294
V_1,Tian_1,9.1,13.700000000000001,20.0,0.638392943309395
V_1,Tian_1,9.1,13.9,25.0,0.6343030848161645
V_1,Tian_1,9.1,14.1,20.0,0.6316273289515613
V_1,Tian_1,9.1,14.3,25.0,0.6250855381615298
V_1,Tian_1,9.1,14.5,20.0,0.6210113509009754
V_1,Tian_1,9.1,14.700000000000001,25.0,0.6134452553029041
V_1,Tian_1,9.1,14.9,20.0,0.6073280754200495
V_1,Tian_1,9.1,15.1,25.0,0.5970002910089562
V_1,Tian_1,9.1,15.3,20.0,0.5889330130299623
V_1,Tian_1,9.1,15.5,25.0,0.5767796278426122
V_1,Tian_1,9.1,15.700000000000001,25.0,0.5528775336719943
V_1,Tian_1,9.1,15.9,20.0,0.5413673233396417
V_1,Tian_1,9.1,16.1,25.0,0.5244577556030554
V_1,Tian_1,9.1,16.3,20.0,0.5097769762761647
V_1,Tian_1,9.1,16.5,25.0,0.49206033826975437
V_1,Tian_1,9.1,16.700000000000003,20.0,0.47615313449604724
V_1,Tian_1,9.1,16.9,25.0,0.4594045624592337
V_1,Tian_1,9.1,17.1,20.0,0.4422141813007391
V_1,Tian_1,9.1,17.3,25.0,0.4231638423454877
V_1,Tian_1,9.1,17.5,20.0,0.4043465079343214
V_1,Tian_1,9.1,17.700000000000003,20.0,0.4043465079343214
V_1,Tian_1,9.1,17.9,15.0,0.38685551569352483
V_1,Tian_1,9.3,8.1,0.0,
V_1,Tian_1,9.3,8.3,1.0,
V_1,Tian_1,9.3,8.5,1.0,
V_1,Tian_1,9.3,8.7,3.0,0.3559294641964004
V_1,Tian_1,9.3,8.9,3.0,0.3559294641964004
V_1,Tian_1,9.3,9.1,6.0,0.4110418956765418
V_1,Tian_1,9.3,9.3,6.0,0.4110418956765418
V_1,Tian_1,9.3,9.5,10.0,0.46672902096308233
V_1,Tian_1,9.3,9.7,10.0,0.46672902096308233
V_1,Tian_1,9.3,9.9,14.0,0.4997772006523075
V_1,Tian_1,9.3,10.1,13.0,0.5167207182025201
V_1,Tian_1,9.3,10.3,17.0,0.5373288222248538
V_1,Tian_1,9.3,10.5,19.0,0.5718621530296559
V_1,Tian_1,9.3,10.7,16.0,0.5916823703808383
V_1,Tian_1,9.3,10.9,20.0,0.6038078447307301
V_1,Tian_1,9.3,11.1,16.0,0.6171948786901894
V_1,Tian_1,9.3,11.3,20.0,0.6261502757302956
V_1,Tian_1,9.3,11.5,16.0,0.6370884321940267
V_1,Tian_1,9.3,11.7,20.0,0.6464857988926936
V_1,Tian_1,9.3,11.9,16.0,0.6570309585415074
V_1,Tian_1,9.3,12.1,20.0,0.6625035957932524
V_1,Tian_1,9.3,12.3,16.0,0.6706877541271526
V_1,Tian_1,9.3,12.5,20.0,0.6751870880121341
V_1,Tian_1,9.3,12.700000000000001,16.0,0.6809064244825933
V_1,Tian_1,9.3,12.9,20.0,0.682900218103905
V_1,Tian_1,9.3,13.1,20.0,0.6876806411054821
V_1,Tian_1,9.3,13.3,16.0,0.6885819849600123
V_1,Tian_1,9.3,13.5,20.0,0.6861915747292777
V_1,Tian_1,9.3,13.700000000000001,16.0,0.6866409322115392
V_1,Tian_1,9.3,13.9,20.0,0.6826029575934719
V_1,Tian_1,9.3,14.1,16.0,0.6799575911038249
V_1,Tian_1,9.3,14.3,20.0,0.6731590496718667
V_1,Tian_1,9.3,14.5,16.0,0.6687299639425456
V_1,Tian_1,9.3,14.700000000000001,20.0,0.6614885361314011
V_1,Tian_1,9.3,14.9,16.0,0.6553921754395999
V_1,Tian_1,9.3,15.1,20.0,0.6454297790256792
V_1,Tian_1,9.3,15.3,16.0,0.637629740330514
V_1,Tian_1,9.3,15.5,20.0,0.6248663326075887
V_1,Tian_1,9.3,15.700000000000001,20.0,0.6014270157572943
V_1,Tian_1,9.3,15.9,16.0,0.5902925487106092
V_1,Tian_1,9.3,16.1,20.0,0.5733055674075049
V_1,Tian_1,9.3,16.3,16.0,0.5585012530376753
V_1,Tian_1,9.3,16.5,20.0,0.5417543969197447
V_1,Tian_1,9.3,16.700000000000003,16.0,0.5257979478071818
V_1,Tian_1,9.3,16.9,20.0,0.5101548229180464
V_1,Tian_1,9.3,17.1,16.0,0.4942403532185862
V_1,Tian_1,9.3,17.3,20.0,0.47529007701729037
V_1,Tian_1,9.3,17.5,16.0,0.4567989775541802
V_1,Tian_1,9.3,17.700000000000003,16.0,0.4567989775541802
V_1,Tian_1,9.3,17.9,12.0,0.44061275600721106
V_1,Tian_1,9.5,8.1,0.0,
V_1,Tian_1,9.5,8.3,1.0,
V_1,Tian_1,9.5,8.5,1.0,
V_1,Tian_1,9.5,8.7,3.0,0.3559294641964004
V_1,Tian_1,9.5,8.9,3.0,0.3559294641964004
V_1,Tian_1,9.5,9.1,6.0,0.4110418956765418
V_1,Tian_1,9.5,9.3,6.0,0.4110418956765418
V_1,Tian_1,9.5,9.5,10.0,0.46672902096308233
V_1,Tian_1,9.5,9.7,10.0,0.46672902096308233
V_1,Tian_1,9.5,9.9,15.0,0.5167456094904103
V_1,Tian_1,9.5,10.1,14.0,0.5336909049897578
V_1,Tian_1,9.5,10.3,19.0,0.562572701783616
V_1,Tian_1,9.5,10.5,22.0,0.6018006504676123
V_1,Tian_1,9.5,10.7,19.0,0.6232184909903906
V_1,Tian_1,9.5,10.9,24.0,0.6371449432146056
V_1,Tian_1,9.5,11.1,20.0,0.6545219900789482
V_1,Tian_1,9.5,11.3,25.0,0.6638216434984181
V_1,Tian_1,9.5,11.5,20.0,0.675582357736756
V_1,Tian_1,9.5,11.7,25.0,0.6844272281250532
V_1,Tian_1,9.5,11.9,20.0,0.6946736019547116
V_1,Tian_1,9.5,12.1,25.0,0.6999695307451078
V_1,Tian_1,9.5,12.3,20.0,0.7080114186069637
V_1,Tian_1,9.5,12.5,25.0,0.712244360638289
V_1,Tian_1,9.5,12.700000000000001,20.0,0.7177890853812057
V_1,Tian_1,9.5,12.9,25.0,0.7197145058797875
V_1,Tian_1,9.5,13.1,25.0,0.7244142120754382
V_1,Tian_1,9.5,13.3,20.0,0.7255660876747376
V_1,Tian_1,9.5,13.5,25.0,0.7231582111344989
V_1,Tian_1,9.5,13.700000000000001,20.0,0.7236594524414504
V_1,Tian_1,9.5,13.9,25.0,0.7199413604113406
V_1,Tian_1,9.5,14.1,20.0,0.7176326683232781
V_1,Tian_1,9.5,14.3,25.0,0.7109985162391332
V_1,Tian_1,9.5,14.5,20.0,0.7068940983303881
V_1,Tian_1,9.5,14.700000000000001,25.0,0.699144629806321
V_1,Tian_1,9.5,14.9,20.0,0.6928010902192631
V_1,Tian_1,9.5,15.1,25.0,0.6828977982773662
V_1,Tian_1,9.5,15.3,20.0,0.6752405716033218
V_1,Tian_1,9.5,15.5,25.0,0.6629104192500255
V_1,Tian_1,9.5,15.700000000000001,25.0,0.6393595984501436
V_1,Tian_1,9.5,15.9,20.0,0.6280840210870408
V_1,Tian_1,9.5,16.1,25.0,0.6122224825897044
V_1,Tian_1,9.5,16.3,20.0,0.5982414143096173
V_1,Tian_1,9.5,16.5,25.0,0.5817679816167378
V_1,Tian_1,9.5,16.700000000000003,20.0,0.5663888193934776
V_1,Tian_1,9.5,16.9,25.0,0.5512246102329483
V_1,Tian_1,9.5,17.1,20.0,0.5356333103319754
V_1,Tian_1,9.5,17.3,25.0,0.5181042518761122
V_1,Tian_1,9.5,17.5,20.0,0.5008015927722672
V_1,Tian_1,9.5,17.700000000000003,20.0,0.5008015927722672
V_1,Tian_1,9.5,17.9,15.0,0.48481001416290337
V_1,Tian_1,9.7,8.1,0.0,
V_1,Tian_1,9.7,8.3,0.0,
V_1,Tian_1,9.7,8.5,0.0,
V_1,Tian_1,9.7,8.7,1.0,
V_1,Tian_1,9.7,8.9,1.0,
V_1,Tian_1,9.7,9.1,3.0,0.4901503307628901
V_1,Tian_1,9.7,9.3,3.0,0.4901503307628901
V_1,Tian_1,9.7,9.5,6.0,0.5432084728905116
V_1,Tian_1,9.7,9.7,6.0,0.5432084728905116
V_1,Tian_1,9.7,9.9,10.0,0.5899466101971378
V_1,Tian_1,9.7,10.1,10.0,0.5899466101971378
V_1,Tian_1,9.7,10.3,14.0,0.617738191703349
V_1,Tian_1,9.7,10.5,17.0,0.650252655716446
V_1,Tian_1,9.7,10.7,15.0,0.668774048385958
V_1,Tian_1,9.7,10.9,19.0,0.682766271770608
V_1,Tian_1,9.7,11.1,16.0,0.698984957411697
V_1,Tian_1,9.7,11.3,20.0,0.7083779849586775
V_1,Tian_1,9.7,11.5,16.0,0.7204590271590776
V_1,Tian_1,9.7,11.7,20.0,0.7292122104754429
V_1,Tian_1,9.7,11.9,16.0,0.7397109767270844
V_1,Tian_1,9.7,12.1,20.0,0.7449881948080173
V_1,Tian_1,9.7,12.3,16.0,0.7528773038705744
V_1,Tian_1,9.7,12.5,20.0,0.7569356341638419
V_1,Tian_1,9.7,12.700000000000001,16.0,0.7623602653390411
V_1,Tian_1,9.7,12.9,20.0,0.764466560049384
V_1,Tian_1,9.7,13.1,20.0,0.769372352008082
V_1,Tian_1,9.7,13.3,16.0,0.7706592040748763
V_1,Tian_1,9.7,13.5,20.0,0.7682235901033334
V_1,Tian_1,9.7,13.700000000000001,16.0,0.7687552208462296
V_1,Tian_1,9.7,13.9,20.0,0.765373803459555
V_1,Tian_1,9.7,14.1,16.0,0.7634250154902156
V_1,Tian_1,9.7,14.3,20.0,0.7565573416982228
V_1,Tian_1,9.7,14.5,16.0,0.7524737424000897
V_1,Tian_1,9.7,14.700000000000001,20.0,0.7444770948966442
V_1,Tian_1,9.7,14.9,16.0,0.7379766048857828
V_1,Tian_1,9.7,15.1,20.0,0.7281843612565969
V_1,Tian_1,9.7,15.3,16.0,0.7206101680164556
V_1,Tian_1,9.7,15.5,20.0,0.708344073907099
V_1,Tian_1,9.7,15.700000000000001,20.0,0.6845750655832235
V_1,Tian_1,9.7,15.9,16.0,0.6734471703464664
V_1,Tian_1,9.7,16.1,20.0,0.6581495828615986
V_1,Tian_1,9.7,16.3,16.0,0.644564352356283
V_1,Tian_1,9.7,16.5,20.0,0.6280590119634571
V_1,Tian_1,9.7,16.700000000000003,16.0,0.6128199182693581
V_1,Tian_1,9.7,16.9,20.0,0.5982872207288708
V_1,Tian_1,9.7,17.1,16.0,0.5830391015436702
V_1,Tian_1,9.7,17.3,20.0,0.5665102052927133
V_1,Tian_1,9.7,17.5,16.0,0.5498869835425222
V_1,Tian_1,9.7,17.700000000000003,16.0,0.5498869835425222
V_1,Tian_1,9.7,17.9,12.0,0.5341962337493203
V_1,Tian_1,9.9,8.1,0.0,
V_1,Tian_1,9.9,8.3,0.0,
V_1,Tian_1,9.9,8.5,0.0,
V_1,Tian_1,9.9,8.7,1.0,
V_1,Tian_1,9.9,8.9,1.0,
V_1,Tian_1,9.9,9.1,3.0,0.4901503307628901
V_1,Tian_1,9.9,9.3,3.0,0.4901503307628901
V_1,Tian_1,9.9,9.5,6.0,0.5432084728905116
V_1,Tian_1,9.9,9.7,6.0,0.5432084728905116
V_1,Tian_1,9.9,9.9,10.0,0.5899466101971378
V_1,Tian_1,9.9,10.1,10.0,0.5899466101971378
V_1,Tian_1,9.9,10.3,15.0,0.634219748379382
V_1,Tian_1,9.9,10.5,19.0,0.6735850571250745
V_1,Tian_1,9.9,10.7,17.0,0.6926724508227179
V_1,Tian_1,9.9,10.9,22.0,0.7096074988744803
V_1,Tian_1,9.9,11.1,19.0,0.7275034279044298
V_1,Tian_1,9.9,11.3,24.0,0.7386766446909299
V_1,Tian_1,9.9,11.5,20.0,0.7544012103977005
V_1,Tian_1,9.9,11.7,25.0,0.7627809418576806
V_1,Tian_1,9.9,11.9,20.0,0.7727846711361332
V_1,Tian_1,9.9,12.1,25.0,0.7785439929514485
V_1,Tian_1,9.9,12.3,20.0,0.7865506696601033
V_1,Tian_1,9.9,12.5,25.0,0.7909341137616182
V_1,Tian_1,9.9,12.700000000000001,20.0,0.7968709766394048
V_1,Tian_1,9.9,12.9,25.0,0.7987040359112982
V_1,Tian_1,9.9,13.1,25.0,0.8034901513347701
V_1,Tian_1,9.9,13.3,20.0,0.8052877222440623
V_1,Tian_1,9.9,13.5,25.0,0.802680801247501
V_1,Tian_1,9.9,13.700000000000001,20.0,0.8029556815061987
V_1,Tian_1,9.9,13.9,25.0,0.7997386537470426
V_1,Tian_1,9.9,14.1,20.0,0.7975563446418841
V_1,Tian_1,9.9,14.3,25.0,0.7911634302513896
V_1,Tian_1,9.9,14.5,20.0,0.7874452195645189
V_1,Tian_1,9.9,14.700000000000001,25.0,0.7795076761124876
V_1,Tian_1,9.9,14.9,20.0,0.7731182337413625
V_1,Tian_1,9.9,15.1,25.0,0.7634753228074621
V_1,Tian_1,9.9,15.3,20.0,0.7562808741940139
V_1,Tian_1,9.9,15.5,25.0,0.7445861210134669
V_1,Tian_1,9.9,15.700000000000001,25.0,0.7210966352714334
V_1,Tian_1,9.9,15.9,20.0,0.7099728509169388
V_1,Tian_1,9.9,16.1,25.0,0.6953827851300027
V_1,Tian_1,9.9,16.3,20.0,0.6822891058364127
V_1,Tian_1,9.9,16.5,25.0,0.6669164304815937
V_1,Tian_1,9.9,16.700000000000003,20.0,0.6524196183340267
V_1,Tian_1,9.9,16.9,25.0,0.638201793668183
V_1,Tian_1,9.9,17.1,20.0,0.6233004650124088
V_1,Tian_1,9.9,17.3,25.0,0.6080361197781522
V_1,Tian_1,9.9,17.5,20.0,0.5926893712226272
V_1,Tian_1,9.9,17.700000000000003,20.0,0.5926893712226272
V_1,Tian_1,9.9,17.9,15.0,0.5779116543027503
V_1,Tian_1,10.1,8.1,0.0,
V_1,Tian_1,10.1,8.3,0.0,
V_1,Tian_1,10.1,8.5,0.0,
V_1,Tian_1,10.1,8.7,0.0,
V_1,Tian_1,10.1,8.9,0.0,
V_1,Tian_1,10.1,9.1,1.0,
V_1,Tian_1,10.1,9.3,1.0,
V_1,Tian_1,10.1,9.5,3.0,0.6086958256475306
V_1,Tian_1,10.1,9.7,3.0,0.6086958256475306
V_1,Tian_1,10.1,9.9,6.0,0.6532516351563725
V_1,Tian_1,10.1,10.1,6.0,0.6532516351563725
V_1,Tian_1,10.1,10.3,10.0,0.696467864357587
V_1,Tian_1,10.1,10.5,14.0,0.7212999713325876
V_1,Tian_1,10.1,10.7,13.0,0.7348072107659115
V_1,Tian_1,10.1,10.9,17.0,0.7508278452826325
V_1,Tian_1,10.1,11.1,15.0,0.7655794501041024
V_1,Tian_1,10.1,11.3,19.0,0.7768814431919211
V_1,Tian_1,10.1,11.5,16.0,0.7917078179156785
V_1,Tian_1,10.1,11.7,20.0,0.7999090364958785
V_1,Tian_1,10.1,11.9,16.0,0.809563243579996
V_1,Tian_1,10.1,12.1,20.0,0.8156472317886326
V_1,Tian_1,10.1,12.3,16.0,0.8237139800432686
V_1,Tian_1,10.1,12.5,20.0,0.8280385228963251
V_1,Tian_1,10.1,12.700000000000001,16.0,0.8343244267549124
V_1,Tian_1,10.1,12.9,20.0,0.8359206616485118
V_1,Tian_1,10.1,13.1,20.0,0.8405642087658547
V_1,Tian_1,10.1,13.3,16.0,0.8425267832531487
V_1,Tian_1,10.1,13.5,20.0,0.8396631117408433
V_1,Tian_1,10.1,13.700000000000001,16.0,0.8395830935202591
V_1,Tian_1,10.1,13.9,20.0,0.8366907334491867
V_1,Tian_1,10.1,14.1,16.0,0.8345292432343457
V_1,Tian_1,10.1,14.3,20.0,0.8285017176969639
V_1,Tian_1,10.1,14.5,16.0,0.8250507468154776
V_1,Tian_1,10.1,14.700000000000001,20.0,0.8172560154266282
V_1,Tian_1,10.1,14.9,16.0,0.8109496060687966
V_1,Tian_1,10.1,15.1,20.0,0.8016864396774673
V_1,Tian_1,10.1,15.3,16.0,0.795055943173929
V_1,Tian_1,10.1,15.5,20.0,0.7837178746490817
V_1,Tian_1,10.1,15.700000000000001,20.0,0.760193455546219
V_1,Tian_1,10.1,15.9,16.0,0.7491439155459144
V_1,Tian_1,10.1,16.1,20.0,0.7348896557139394
V_1,Tian_1,10.1,16.3,16.0,0.7220927971746165
V_1,Tian_1,10.1,16.5,20.0,0.7080264684783033
V_1,Tian_1,10.1,16.700000000000003,16.0,0.6938746420698415
V_1,Tian_1,10.1,16.9,20.0,0.6798910336565764
V_1,Tian_1,10.1,17.1,16.0,0.6652723919332973
V_1,Tian_1,10.1,17.3,20.0,0.6512974631827932
V_1,Tian_1,10.1,17.5,16.0,0.6372470295658456
V_1,Tian_1,10.1,17.700000000000003,16.0,0.6372470295658456
V_1,Tian_1,10.1,17.9,12.0,0.623705167292448
V_1,Tian_1,10.3,8.1,0.0,
V_1,Tian_1,10.3,8.3,0.0,
V_1,Tian_1,10.3,8.5,0.0,
V_1,Tian_1,10.3,8.7,0.0,
V_1,Tian_1,10.3,8.9,0.0,
V_1,Tian_1,10.3,9.1,1.0,
V_1,Tian_1,10.3,9.3,1.0,
V_1,Tian_1,10.3,9.5,3.0,0.6086958256475306
V_1,Tian_1,10.3,9.7,3.0,0.6086958256475306
V_1,Tian_1,10.3,9.9,6.0,0.6532516351563725
V_1,Tian_1,10.3,10.1,6.0,0.6532516351563725
V_1,Tian_1,10.3,10.3,10.0,0.696467864357587
V_1,Tian_1,10.3,10.5,15.0,0.7335669026030002
V_1,Tian_1,10.3,10.7,14.0,0.7469855485961162
V_1,Tian_1,10.3,10.9,19.0,0.7686869330648773
V_1,Tian_1,10.3,11.1,17.0,0.7838041241170268
V_1,Tian_1,10.3,11.3,22.0,0.798061556628364
V_1,Tian_1,10.3,11.5,19.0,0.8138911532541243
V_1,Tian_1,10.3,11.7,24.0,0.8230972429019373
V_1,Tian_1,10.3,11.9,20.0,0.8354582498504429
V_1,Tian_1,10.3,12.1,25.0,0.8418673519535518
V_1,Tian_1,10.3,12.3,20.0,0.850392945168483
V_1,Tian_1,10.3,12.5,25.0,0.8548924159705693
V_1,Tian_1,10.3,12.700000000000001,20.0,0.8612528175688595
V_1,Tian_1,10.3,12.9,25.0,0.8626244876644057
V_1,Tian_1,10.3,13.1,25.0,0.8673187984416673
V_1,Tian_1,10.3,13.3,20.0,0.8696284021611774
V_1,Tian_1,10.3,13.5,25.0,0.8668255711351656
V_1,Tian_1,10.3,13.700000000000001,20.0,0.8666560238274602
V_1,Tian_1,10.3,13.9,25.0,0.8632556230329498
V_1,Tian_1,10.3,14.1,20.0,0.8608469539964588
V_1,Tian_1,10.3,14.3,25.0,0.8548785325714797
V_1,Tian_1,10.3,14.5,20.0,0.851570373702702
V_1,Tian_1,10.3,14.700000000000001,25.0,0.8435451706659352
V_1,Tian_1,10.3,14.9,20.0,0.8369293680691147
V_1,Tian_1,10.3,15.1,25.0,0.8278640905297532
V_1,Tian_1,10.3,15.3,20.0,0.820926551404412
V_1,Tian_1,10.3,15.5,25.0,0.8100504520771602
V_1,Tian_1,10.3,15.700000000000001,25.0,0.7879842323233252
V_1,Tian_1,10.3,15.9,20.0,0.7772290786862653
V_1,Tian_1,10.3,16.1,25.0,0.7645070449799891
V_1,Tian_1,10.3,16.3,20.0,0.7527727165952698
V_1,Tian_1,10.3,16.5,25.0,0.7395150233266723
V_1,Tian_1,10.3,16.700000000000003,20.0,0.7264930340652634
V_1,Tian_1,10.3,16.9,25.0,0.7137550715184467
V_1,Tian_1,10.3,17.1,20.0,0.7005573257060199
V_1,Tian_1,10.3,17.3,25.0,0.6875934594411417
V_1,Tian_1,10.3,17.5,20.0,0.6746610940299934
V_1,Tian_1,10.3,17.700000000000003,20.0,0.6746610940299934
V_1,Tian_1,10.3,17.9,15.0,0.6616751553216965
V_1,Tian_1,10.5,8.1,0.0,
V_1,Tian_1,10.5,8.3,0.0,
V_1,Tian_1,10.5,8.5,0.0,
V_1,Tian_1,10.5,8.7,0.0,
V_1,Tian_1,10.5,8.9,0.0,
V_1,Tian_1,10.5,9.1,0.0,
V_1,Tian_1,10.5,9.3,0.0,
V_1,Tian_1,10.5,9.5,1.0,
V_1,Tian_1,10.5,9.7,1.0,
V_1,Tian_1,10.5,9.9,3.0,0.7173086993153964
V_1,Tian_1,10.5,10.1,3.0,0.7173086993153964
V_1,Tian_1,10.5,10.3,6.0,0.757895942438166
V_1,Tian_1,10.5,10.5,10.0,0.7906955869947593
V_1,Tian_1,10.5,10.7,10.0,0.7906955869947593
V_1,Tian_1,10.5,10.9,15.0,0.8227530705393207
V_1,Tian_1,10.5,11.1,14.0,0.8325809667809112
V_1,Tian_1,10.5,11.3,19.0,0.8519083565381574
V_1,Tian_1,10.5,11.5,17.0,0.8658526587903446
V_1,Tian_1,10.5,11.7,22.0,0.8765478853439582
V_1,Tian_1,10.5,11.9,19.0,0.8888738905728566
V_1,Tian_1,10.5,12.1,24.0,0.8963090662440175
V_1,Tian_1,10.5,12.3,20.0,0.9075918687268911
V_1,Tian_1,10.5,12.5,25.0,0.9119516278228141
V_1,Tian_1,10.5,12.700000000000001,20.0,0.9182225253714069
V_1,Tian_1,10.5,12.9,25.0,0.9196747341884677
V_1,Tian_1,10.5,13.1,25.0,0.9245609080628318
V_1,Tian_1,10.5,13.3,20.0,0.9274732211719783
V_1,Tian_1,10.5,13.5,25.0,0.9250565973275521
V_1,Tian_1,10.5,13.700000000000001,20.0,0.9251800632108329
V_1,Tian_1,10.5,13.9,25.0,0.921726201817587
V_1,Tian_1,10.5,14.1,20.0,0.9198100862203571
V_1,Tian_1,10.5,14.3,25.0,0.9141020450799268
V_1,Tian_1,10.5,14.5,20.0,0.9112566639857308
V_1,Tian_1,10.5,14.700000000000001,25.0,0.9031199570834981
V_1,Tian_1,10.5,14.9,20.0,0.8962859670468057
V_1,Tian_1,10.5,15.1,25.0,0.8875002121397596
V_1,Tian_1,10.5,15.3,20.0,0.8805277396872379
V_1,Tian_1,10.5,15.5,25.0,0.8707081797630134
V_1,Tian_1,10.5,15.700000000000001,25.0,0.8504644267555161
V_1,Tian_1,10.5,15.9,20.0,0.8402630633148437
V_1,Tian_1,10.5,16.1,25.0,0.8300184944206862
V_1,Tian_1,10.5,16.3,20.0,0.819879835657216
V_1,Tian_1,10.5,16.5,25.0,0.8080451901189882
V_1,Tian_1,10.5,16.700000000000003,20.0,0.7969671895208416
V_1,Tian_1,10.5,16.9,25.0,0.7858336847492053
V_1,Tian_1,10.5,17.1,20.0,0.7744346209199775
V_1,Tian_1,10.5,17.3,25.0,0.7636221788410422
V_1,Tian_1,10.5,17.5,20.0,0.7528547257495236
V_1,Tian_1,10.5,17.700000000000003,20.0,0.7528547257495236
V_1,Tian_1,10.5,17.9,15.0,0.7407928947180128
V_1,Tian_1,10.7,8.1,0.0,
V_1,Tian_1,10.7,8.3,0.0,
V_1,Tian_1,10.7,8.5,0.0,
V_1,Tian_1,10.7,8.7,0.0,
V_1,Tian_1,10.7,8.9,0.0,
V_1,Tian_1,10.7,9.1,0.0,
V_1,Tian_1,10.7,9.3,0.0,
V_1,Tian_1,10.7,9.5,0.0,
V_1,Tian_1,10.7,9.7,0.0,
V_1,Tian_1,10.7,9.9,1.0,
V_1,Tian_1,10.7,10.1,1.0,
V_1,Tian_1,10.7,10.3,3.0,0.806417632636678
V_1,Tian_1,10.7,10.5,6.0,0.8372263802182699
V_1,Tian_1,10.7,10.7,6.0,0.8372263802182699
V_1,Tian_1,10.7,10.9,10.0,0.8682269600257845
V_1,Tian_1,10.7,11.1,10.0,0.8682269600257845
V_1,Tian_1,10.7,11.3,14.0,0.8871401178452215
V_1,Tian_1,10.7,11.5,13.0,0.8973583320468657
V_1,Tian_1,10.7,11.7,17.0,0.9067299689709988
V_1,Tian_1,10.7,11.9,15.0,0.916630660521386
V_1,Tian_1,10.7,12.1,19.0,0.9236993270611329
V_1,Tian_1,10.7,12.3,16.0,0.934136364422621
V_1,Tian_1,10.7,12.5,20.0,0.9383176101408649
V_1,Tian_1,10.7,12.700000000000001,16.0,0.9442150552418169
V_1,Tian_1,10.7,12.9,20.0,0.9454415783168366
V_1,Tian_1,10.7,13.1,20.0,0.9500800681312953
V_1,Tian_1,10.7,13.3,16.0,0.9533031379205115
V_1,Tian_1,10.7,13.5,20.0,0.9512622575074637
V_1,Tian_1,10.7,13.700000000000001,16.0,0.9515261152380339
V_1,Tian_1,10.7,13.9,20.0,0.9482487194902767
V_1,Tian_1,10.7,14.1,16.0,0.946550251109386
V_1,Tian_1,10.7,14.3,20.0,0.9412219546377095
V_1,Tian_1,10.7,14.5,16.0,0.938940525642908
V_1,Tian_1,10.7,14.700000000000001,20.0,0.9304967759863807
V_1,Tian_1,10.7,14.9,16.0,0.9237171046164488
V_1,Tian_1,10.7,15.1,20.0,0.9148420982370172
V_1,Tian_1,10.7,15.3,16.0,0.9077779388324535
V_1,Tian_1,10.7,15.5,20.0,0.8990855575619845
V_1,Tian_1,10.7,15.700000000000001,20.0,0.8794960091064608
V_1,Tian_1,10.7,15.9,16.0,0.869392819195325
V_1,Tian_1,10.7,16.1,20.0,0.8604555494163713
V_1,Tian_1,10.7,16.3,16.0,0.8513889924303962
V_1,Tian_1,10.7,16.5,20.0,0.8402385559359002
V_1,Tian_1,10.7,16.700000000000003,16.0,0.8304626767400525
V_1,Tian_1,10.7,16.9,20.0,0.8196751099845903
V_1,Tian_1,10.7,17.1,16.0,0.8085148793607108
V_1,Tian_1,10.7,17.3,20.0,0.7992152123648962
V_1,Tian_1,10.7,17.5,16.0,0.7897211669007129
V_1,Tian_1,10.7,17.700000000000003,16.0,0.7897211669007129
V_1,Tian_1,10.7,17.9,12.0,0.7780593991007653
V_1,Tian_1,10.9,8.1,0.0,
V_1,Tian_1,10.9,8.3,0.0,
V_1,Tian_1,10.9,8.5,0.0,
V_1,Tian_1,10.9,8.7,0.0,
V_1,Tian_1,10.9,8.9,0.0,
V_1,Tian_1,10.9,9.1,0.0,
V_1,Tian_1,10.9,9.3,0.0,
V_1,Tian_1,10.9,9.5,0.0,
V_1,Tian_1,10.9,9.7,0.0,
V_1,Tian_1,10.9,9.9,1.0,
V_1,Tian_1,10.9,10.1,1.0,
V_1,Tian_1,10.9,10.3,3.0,0.806417632636678
V_1,Tian_1,10.9,10.5,6.0,0.8372263802182699
V_1,Tian_1,10.9,10.7,6.0,0.8372263802182699
V_1,Tian_1,10.9,10.9,10.0,0.8682269600257845
V_1,Tian_1,10.9,11.1,10.0,0.8682269600257845
V_1,Tian_1,10.9,11.3,15.0,0.8945779516508814
V_1,Tian_1,10.9,11.5,14.0,0.9045975672528124
V_1,Tian_1,10.9,11.7,19.0,0.918010273685136
V_1,Tian_1,10.9,11.9,17.0,0.9280732726665528
V_1,Tian_1,10.9,12.1,22.0,0.9368125747706016
V_1,Tian_1,10.9,12.3,19.0,0.9476721716607183
V_1,Tian_1,10.9,12.5,24.0,0.9527288209961551
V_1,Tian_1,10.9,12.700000000000001,20.0,0.9603290192479748
V_1,Tian_1,10.9,12.9,25.0,0.9620098698264897
V_1,Tian_1,10.9,13.1,25.0,0.966765279545641
V_1,Tian_1,10.9,13.3,20.0,0.9695651365081407
V_1,Tian_1,10.9,13.5,25.0,0.9673762617189471
V_1,Tian_1,10.9,13.700000000000001,20.0,0.9675887766675919
V_1,Tian_1,10.9,13.9,25.0,0.9639540613138219
V_1,Tian_1,10.9,14.1,20.0,0.9619565545245738
V_1,Tian_1,10.9,14.3,25.0,0.9567225980433451
V_1,Tian_1,10.9,14.5,20.0,0.9537199295190438
V_1,Tian_1,10.9,14.700000000000001,25.0,0.9465675547276132
V_1,Tian_1,10.9,14.9,20.0,0.9404451975353088
V_1,Tian_1,10.9,15.1,25.0,0.9323710760412629
V_1,Tian_1,10.9,15.3,20.0,0.9258086544110358
V_1,Tian_1,10.9,15.5,25.0,0.9176500280957467
V_1,Tian_1,10.9,15.700000000000001,25.0,0.9004375296256731
V_1,Tian_1,10.9,15.9,20.0,0.8916002190024838
V_1,Tian_1,10.9,16.1,25.0,0.8833002527602893
V_1,Tian_1,10.9,16.3,20.0,0.8746358020598892
V_1,Tian_1,10.9,16.5,25.0,0.8654138510698894
V_1,Tian_1,10.9,16.700000000000003,20.0,0.8567486663210916
V_1,Tian_1,10.9,16.9,25.0,0.8471110318737474
V_1,Tian_1,10.9,17.1,20.0,0.8376349091335366
V_1,Tian_1,10.9,17.3,25.0,0.8289387388193766
V_1,Tian_1,10.9,17.5,20.0,0.8203352466371271
V_1,Tian_1,10.9,17.700000000000003,20.0,0.8203352466371271
V_1,Tian_1,10.9,17.9,15.0,0.8104135329189989
V_1,Tian_1,11.1,8.1,0.0,
V_1,Tian_1,11.1,8.3,0.0,
V_1,Tian_1,11.1,8.5,0.0,
V_1,Tian_1,11.1,8.7,0.0,
V_1,Tian_1,11.1,8.9,0.0,
V_1,Tian_1,11.1,9.1,0.0,
V_1,Tian_1,11.1,9.3,0.0,
V_1,Tian_1,11.1,9.5,0.0,
V_1,Tian_1,11.1,9.7,0.0,
V_1,Tian_1,11.1,9.9,0.0,
V_1,Tian_1,11.1,10.1,0.0,
V_1,Tian_1,11.1,10.3,1.0,
V_1,Tian_1,11.1,10.5,3.0,0.8830416261952035
V_1,Tian_1,11.1,10.7,3.0,0.8830416261952035
V_1,Tian_1,11.1,10.9,6.0,0.9111579762869854
V_1,Tian_1,11.1,11.1,6.0,0.9111579762869854
V_1,Tian_1,11.1,11.3,10.0,0.9346133701908677
V_1,Tian_1,11.1,11.5,10.0,0.9346133701908677
V_1,Tian_1,11.1,11.7,14.0,0.9472307481960806
V_1,Tian_1,11.1,11.9,13.0,0.9535591486847141
V_1,Tian_1,11.1,12.1,17.0,0.9623947230700343
V_1,Tian_1,11.1,12.3,15.0,0.9717697970299213
V_1,Tian_1,11.1,12.5,19.0,0.977006549904904
V_1,Tian_1,11.1,12.700000000000001,16.0,0.9840813418160547
V_1,Tian_1,11.1,12.9,20.0,0.9857694230372827
V_1,Tian_1,11.1,13.1,20.0,0.9906194754432354
V_1,Tian_1,11.1,13.3,16.0,0.9935807960017662
V_1,Tian_1,11.1,13.5,20.0,0.9914641379598379
V_1,Tian_1,11.1,13.700000000000001,16.0,0.9915525874942162
V_1,Tian_1,11.1,13.9,20.0,0.9876188337215736
V_1,Tian_1,11.1,14.1,16.0,0.9853624488554447
V_1,Tian_1,11.1,14.3,20.0,0.9803141519271316
V_1,Tian_1,11.1,14.5,16.0,0.9772622529283657
V_1,Tian_1,11.1,14.700000000000001,20.0,0.9707671922830163
V_1,Tian_1,11.1,14.9,16.0,0.964947309584657
V_1,Tian_1,11.1,15.1,20.0,0.95727137623055
V_1,Tian_1,11.1,15.3,16.0,0.9508398438401564
V_1,Tian_1,11.1,15.5,20.0,0.9432908436647404
V_1,Tian_1,11.1,15.700000000000001,20.0,0.9277744297267063
V_1,Tian_1,11.1,15.9,16.0,0.919687796104913
V_1,Tian_1,11.1,16.1,20.0,0.9121527801207359
V_1,Tian_1,11.1,16.3,16.0,0.9039942377255153
V_1,Tian_1,11.1,16.5,20.0,0.896311733736184
V_1,Tian_1,11.1,16.700000000000003,16.0,0.8887477564666992
V_1,Tian_1,11.1,16.9,20.0,0.8800128499690452
V_1,Tian_1,11.1,17.1,16.0,0.8717423517205376
V_1,Tian_1,11.1,17.3,20.0,0.8638331856963708
V_1,Tian_1,11.1,17.5,16.0,0.856216044885255
V_1,Tian_1,11.1,17.700000000000003,16.0,0.856216044885255
V_1,Tian_1,11.1,17.9,12.0,0.8476171544523305
V_1,Tian_1,11.3,8.1,0.0,
V_1,Tian_1,11.3,8.3,0.0,
V_1,Tian_1,11.3,8.5,0.0,
V_1,Tian_1,11.3,8.7,0.0,
V_1,Tian_1,11.3,8.9,0.0,
V_1,Tian_1,11.3,9.1,0.0,
V_1,Tian_1,11.3,9.3,0.0,
V_1,Tian_1,11.3,9.5,0.0,
V_1,Tian_1,11.3,9.7,0.0,
V_1,Tian_1,11.3,9.9,0.0,
V_1,Tian_1,11.3,10.1,0.0,
V_1,Tian_1,11.3,10.3,1.0,
V_1,Tian_1,11.3,10.5,3.0,0.8830416261952035
V_1,Tian_1,11.3,10.7,3.0,0.8830416261952035
V_1,Tian_1,11.3,10.9,6.0,0.9111579762869854
V_1,Tian_1,11.3,11.1,6.0,0.9111579762869854
V_1,Tian_1,11.3,11.3,10.0,0.9346133701908677
V_1,Tian_1,11.3,11.5,10.0,0.9346133701908677
V_1,Tian_1,11.3,11.7,15.0,0.9540723423788814
V_1,Tian_1,11.3,11.9,14.0,0.9604373995599556
V_1,Tian_1,11.3,12.1,19.0,0.9716272390757584
V_1,Tian_1,11.3,12.3,17.0,0.9809855415116263
V_1,Tian_1,11.3,12.5,22.0,0.9871095401013465
V_1,Tian_1,11.3,12.700000000000001,19.0,0.9946624685838592
V_1,Tian_1,11.3,12.9,24.0,0.9972219574961724
V_1,Tian_1,11.3,13.1,25.0,1.003219130923191
V_1,Tian_1,11.3,13.3,20.0,1.0057763419652619
V_1,Tian_1,11.3,13.5,25.0,1.0041274306384538
V_1,Tian_1,11.3,13.700000000000001,20.0,1.0044195908680653
V_1,Tian_1,11.3,13.9,25.0,1.0009736640168472
V_1,Tian_1,11.3,14.1,20.0,0.9992342961944605
V_1,Tian_1,11.3,14.3,25.0,0.9944248318334821
V_1,Tian_1,11.3,14.5,20.0,0.991294035951112
V_1,Tian_1,11.3,14.700000000000001,25.0,0.9857344743332057
V_1,Tian_1,11.3,14.9,20.0,0.980851236048587
V_1,Tian_1,11.3,15.1,25.0,0.9738989178930738
V_1,Tian_1,11.3,15.3,20.0,0.967990701033537
V_1,Tian_1,11.3,15.5,25.0,0.9609651847916253
V_1,Tian_1,11.3,15.700000000000001,25.0,0.9474128539824902
V_1,Tian_1,11.3,15.9,20.0,0.9404693238807204
V_1,Tian_1,11.3,16.1,25.0,0.9340725406347634
V_1,Tian_1,11.3,16.3,20.0,0.9267166188280592
V_1,Tian_1,11.3,16.5,25.0,0.9198939943509704
V_1,Tian_1,11.3,16.700000000000003,20.0,0.9133450816209576
V_1,Tian_1,11.3,16.9,25.0,0.9059053284371922
V_1,Tian_1,11.3,17.1,20.0,0.8991658805904958
V_1,Tian_1,11.3,17.3,25.0,0.8919480036797529
V_1,Tian_1,11.3,17.5,20.0,0.885077928958116
V_1,Tian_1,11.3,17.700000000000003,20.0,0.885077928958116
V_1,Tian_1,11.3,17.9,15.0,0.8772754360605094
V_1,Tian_1,11.5,8.1,0.0,
V_1,Tian_1,11.5,8.3,0.0,
V_1,Tian_1,11.5,8.5,0.0,
V_1,Tian_1,11.5,8.7,0.0,
V_1,Tian_1,11.5,8.9,0.0,
V_1,Tian_1,11.5,9.1,0.0,
V_1,Tian_1,11.5,9.3,0.0,
V_1,Tian_1,11.5,9.5,0.0,
V_1,Tian_1,11.5,9.7,0.0,
V_1,Tian_1,11.5,9.9,0.0,
V_1,Tian_1,11.5,10.1,0.0,
V_1,Tian_1,11.5,10.3,0.0,
V_1,Tian_1,11.5,10.5,1.0,
V_1,Tian_1,11.5,10.7,1.0,
V_1,Tian_1,11.5,10.9,3.0,0.9427140153749664
V_1,Tian_1,11.5,11.1,3.0,0.9427140153749664
V_1,Tian_1,11.5,11.3,6.0,0.9642423214166519
V_1,Tian_1,11.5,11.5,6.0,0.9642423214166519
V_1,Tian_1,11.5,11.7,10.0,0.9825805798750065
V_1,Tian_1,11.5,11.9,10.0,0.9825805798750065
V_1,Tian_1,11.5,12.1,14.0,0.9926486867723964
V_1,Tian_1,11.5,12.3,13.0,0.9993675134172902
V_1,Tian_1,11.5,12.5,17.0,1.0048099836156477
V_1,Tian_1,11.5,12.700000000000001,15.0,1.010595441048659
V_1,Tian_1,11.5,12.9,19.0,1.0134240675322819
V_1,Tian_1,11.5,13.1,20.0,1.019033576493608
V_1,Tian_1,11.5,13.3,16.0,1.0212699787263757
V_1,Tian_1,11.5,13.5,20.0,1.0200318768420247
V_1,Tian_1,11.5,13.700000000000001,16.0,1.0205851075485626
V_1,Tian_1,11.5,13.9,20.0,1.0169175662968108
V_1,Tian_1,11.5,14.1,16.0,1.0155224549309358
V_1,Tian_1,11.5,14.3,20.0,1.0106340936758382
V_1,Tian_1,11.5,14.5,16.0,1.007284762883331
V_1,Tian_1,11.5,14.700000000000001,20.0,1.0022605926725414
V_1,Tian_1,11.5,14.9,16.0,0.9976428577698134
V_1,Tian_1,11.5,15.1,20.0,0.9912138551136115
V_1,Tian_1,11.5,15.3,16.0,0.9852474515658594
V_1,Tian_1,11.5,15.5,20.0,0.978817903629797
V_1,Tian_1,11.5,15.700000000000001,20.0,0.9674703389720444
V_1,Tian_1,11.5,15.9,16.0,0.9615677615511933
V_1,Tian_1,11.5,16.1,20.0,0.9565117772425497
V_1,Tian_1,11.5,16.3,16.0,0.9500987435958412
V_1,Tian_1,11.5,16.5,20.0,0.944280966800178
V_1,Tian_1,11.5,16.700000000000003,16.0,0.9389767473780217
V_1,Tian_1,11.5,16.9,20.0,0.9329166391901325
V_1,Tian_1,11.5,17.1,16.0,0.9278708710162786
V_1,Tian_1,11.5,17.3,20.0,0.9214000601697142
V_1,Tian_1,11.5,17.5,16.0,0.9153726807118829
V_1,Tian_1,11.5,17.700000000000003,16.0,0.9153726807118829
V_1,Tian_1,11.5,17.9,12.0,0.9084009609465191
V_1,Tian_1,11.7,8.1,0.0,
V_1,Tian_1,11.7,8.3,0.0,
V_1,Tian_1,11.7,8.5,0.0,
V_1,Tian_1,11.7,8.7,0.0,
V_1,Tian_1,11.7,8.9,0.0,
V_1,Tian_1,11.7,9.1,0.0,
V_1,Tian_1,11.7,9.3,0.0,
V_1,Tian_1,11.7,9.5,0.0,
V_1,Tian_1,11.7,9.7,0.0,
V_1,Tian_1,11.7,9.9,0.0,
V_1,Tian_1,11.7,10.1,0.0,
V_1,Tian_1,11.7,10.3,0.0,
V_1,Tian_1,11.7,10.5,1.0,
V_1,Tian_1,11.7,10.7,1.0,
V_1,Tian_1,11.7,10.9,3.0,0.9427140153749664
V_1,Tian_1,11.7,11.1,3.0,0.9427140153749664
V_1,Tian_1,11.7,11.3,6.0,0.9642423214166519
V_1,Tian_1,11.7,11.5,6.0,0.9642423214166519
V_1,Tian_1,11.7,11.7,10.0,0.9825805798750065
V_1,Tian_1,11.7,11.9,10.0,0.9825805798750065
V_1,Tian_1,11.7,12.1,15.0,0.9955673541092261
V_1,Tian_1,11.7,12.3,14.0,1.002014740803544
V_1,Tian_1,11.7,12.5,19.0,1.008527701622502
V_1,Tian_1,11.7,12.700000000000001,17.0,1.0140698955936127
V_1,Tian_1,11.7,12.9,22.0,1.017705658490968
V_1,Tian_1,11.7,13.1,24.0,1.023088517521588
V_1,Tian_1,11.7,13.3,20.0,1.0256886275133983
V_1,Tian_1,11.7,13.5,25.0,1.0249383526366964
V_1,Tian_1,11.7,13.700000000000001,20.0,1.0257877151514543
V_1,Tian_1,11.7,13.9,25.0,1.023108667142331
V_1,Tian_1,11.7,14.1,20.0,1.0221948359490174
V_1,Tian_1,11.7,14.3,25.0,1.0179002610907568
V_1,Tian_1,11.7,14.5,20.0,1.0148585132779524
V_1,Tian_1,11.7,14.700000000000001,25.0,1.0110323703368183
V_1,Tian_1,11.7,14.9,20.0,1.0076948721164312
V_1,Tian_1,11.7,15.1,25.0,1.00226948873245
V_1,Tian_1,11.7,15.3,20.0,0.9973525476330899
V_1,Tian_1,11.7,15.5,25.0,0.9918348231083834
V_1,Tian_1,11.7,15.700000000000001,25.0,0.982079456557178
V_1,Tian_1,11.7,15.9,20.0,0.9774188302820436
V_1,Tian_1,11.7,16.1,25.0,0.9729666496611693
V_1,Tian_1,11.7,16.3,20.0,0.9672763624333912
V_1,Tian_1,11.7,16.5,25.0,0.9629515741314496
V_1,Tian_1,11.7,16.700000000000003,20.0,0.9585474788651809
V_1,Tian_1,11.7,16.9,25.0,0.9531778765482515
V_1,Tian_1,11.7,17.1,20.0,0.9490313644329251
V_1,Tian_1,11.7,17.3,25.0,0.9435660483658271
V_1,Tian_1,11.7,17.5,20.0,0.9385536498698313
V_1,Tian_1,11.7,17.700000000000003,20.0,0.9385536498698313
V_1,Tian_1,11.7,17.9,15.0,0.9330188907672178
V_1,Tian_1,11.9,8.1,0.0,
V_1,Tian_1,11.9,8.3,0.0,
V_1,Tian_1,11.9,8.5,0.0,
V_1,Tian_1,11.9,8.7,0.0,
V_1,Tian_1,11.9,8.9,0.0,
V_1,Tian_1,11.9,9.1,0.0,
V_1,Tian_1,11.9,9.3,0.0,
V_1,Tian_1,11.9,9.5,0.0,
V_1,Tian_1,11.9,9.7,0.0,
V_1,Tian_1,11.9,9.9,0.0,
V_1,Tian_1,11.9,10.1,0.0,
V_1,Tian_1,11.9,10.3,0.0,
V_1,Tian_1,11.9,10.5,0.0,
V_1,Tian_1,11.9,10.7,0.0,
V_1,Tian_1,11.9,10.9,1.0,
V_1,Tian_1,11.9,11.1,1.0,
V_1,Tian_1,11.9,11.3,3.0,0.9962823677741355
V_1,Tian_1,11.9,11.5,3.0,0.9962823677741355
V_1,Tian_1,11.9,11.7,6.0,1.0116087831701897
V_1,Tian_1,11.9,11.9,6.0,1.0116087831701897
V_1,Tian_1,11.9,12.1,10.0,1.0199771148572248
V_1,Tian_1,11.9,12.3,10.0,1.0199771148572248
V_1,Tian_1,11.9,12.5,14.0,1.025034742106415
V_1,Tian_1,11.9,12.700000000000001,13.0,1.02794790013791
V_1,Tian_1,11.9,12.9,17.0,1.0319015016565523
V_1,Tian_1,11.9,13.1,19.0,1.0359178228838697
V_1,Tian_1,11.9,13.3,16.0,1.0376020649434246
V_1,Tian_1,11.9,13.5,20.0,1.037304088617757
V_1,Tian_1,11.9,13.700000000000001,16.0,1.0384977076752517
V_1,Tian_1,11.9,13.9,20.0,1.0365070385859132
V_1,Tian_1,11.9,14.1,16.0,1.036214095675044
V_1,Tian_1,11.9,14.3,20.0,1.0322788783460601
V_1,Tian_1,11.9,14.5,16.0,1.0291609212845403
V_1,Tian_1,11.9,14.700000000000001,20.0,1.0266150150152318
V_1,Tian_1,11.9,14.9,16.0,1.0244064861279423
V_1,Tian_1,11.9,15.1,20.0,1.0196931874308384
V_1,Tian_1,11.9,15.3,16.0,1.0155884384597764
V_1,Tian_1,11.9,15.5,20.0,1.0109483384381104
V_1,Tian_1,11.9,15.700000000000001,20.0,1.0028124858385348
V_1,Tian_1,11.9,15.9,16.0,0.9993811050406373
V_1,Tian_1,11.9,16.1,20.0,0.9954641615654145
V_1,Tian_1,11.9,16.3,16.0,0.9902223544722684
V_1,Tian_1,11.9,16.5,20.0,0.987322156984275
V_1,Tian_1,11.9,16.700000000000003,16.0,0.9839426980697382
V_1,Tian_1,11.9,16.9,20.0,0.9791695399438325
V_1,Tian_1,11.9,17.1,16.0,0.9758649403419288
V_1,Tian_1,11.9,17.3,20.0,0.9712631993386504
V_1,Tian_1,11.9,17.5,16.0,0.967112724365643
V_1,Tian_1,11.9,17.700000000000003,16.0,0.967112724365643
V_1,Tian_1,11.9,17.9,12.0,0.9628848365993493
V_1,Tian_1,12.1,8.1,0.0,
V_1,Tian_1,12.1,8.3,0.0,
V_1,Tian_1,12.1,8.5,0.0,
V_1,Tian_1,12.1,8.7,0.0,
V_1,Tian_1,12.1,8.9,0.0,
V_1,Tian_1,12.1,9.1,0.0,
V_1,Tian_1,12.1,9.3,0.0,
V_1,Tian_1,12.1,9.5,0.0,
V_1,Tian_1,12.1,9.7,0.0,
V_1,Tian_1,12.1,9.9,0.0,
V_1,Tian_1,12.1,10.1,0.0,
V_1,Tian_1,12.1,10.3,0.0,
V_1,Tian_1,12.1,10.5,0.0,
V_1,Tian_1,12.1,10.7,0.0,
V_1,Tian_1,12.1,10.9,1.0,
V_1,Tian_1,12.1,11.1,1.0,
V_1,Tian_1,12.1,11.3,3.0,0.9962823677741355
V_1,Tian_1,12.1,11.5,3.0,0.9962823677741355
V_1,Tian_1,12.1,11.7,6.0,1.0116087831701897
V_1,Tian_1,12.1,11.9,6.0,1.0116087831701897
V_1,Tian_1,12.1,12.1,10.0,1.0199771148572248
V_1,Tian_1,12.1,12.3,10.0,1.0199771148572248
V_1,Tian_1,12.1,12.5,15.0,1.0272842433874827
V_1,Tian_1,12.1,12.700000000000001,14.0,1.0301499973653756
V_1,Tian_1,12.1,12.9,19.0,1.0348574864856541
V_1,Tian_1,12.1,13.1,22.0,1.0385950887810045
V_1,Tian_1,12.1,13.3,19.0,1.040436124078072
V_1,Tian_1,12.1,13.5,24.0,1.0402986686931823
V_1,Tian_1,12.1,13.700000000000001,20.0,1.041852479954263
V_1,Tian_1,12.1,13.9,25.0,1.0402588538667252
V_1,Tian_1,12.1,14.1,20.0,1.039848942221407
V_1,Tian_1,12.1,14.3,25.0,1.036955753879516
V_1,Tian_1,12.1,14.5,20.0,1.0341850783437867
V_1,Tian_1,12.1,14.700000000000001,25.0,1.0330362782776765
V_1,Tian_1,12.1,14.9,20.0,1.0318711915680903
V_1,Tian_1,12.1,15.1,25.0,1.0285548602289145
V_1,Tian_1,12.1,15.3,20.0,1.0257494907284925
V_1,Tian_1,12.1,15.5,25.0,1.0217100601639242
V_1,Tian_1,12.1,15.700000000000001,25.0,1.016000175441186
V_1,Tian_1,12.1,15.9,20.0,1.0136544691734943
V_1,Tian_1,12.1,16.1,25.0,1.0107609024937247
V_1,Tian_1,12.1,16.3,20.0,1.0063408586138478
V_1,Tian_1,12.1,16.5,25.0,1.0046833949682403
V_1,Tian_1,12.1,16.700000000000003,20.0,1.002031859992248
V_1,Tian_1,12.1,16.9,25.0,0.998381571898897
V_1,Tian_1,12.1,17.1,20.0,0.9965888803972088
V_1,Tian_1,12.1,17.3,25.0,0.992755000112279
V_1,Tian_1,12.1,17.5,20.0,0.9896100186646283
V_1,Tian_1,12.1,17.700000000000003,20.0,0.9896100186646283
V_1,Tian_1,12.1,17.9,15.0,0.9864178129612886
V_1,Tian_1,12.3,8.1,0.0,
V_1,Tian_1,12.3,8.3,0.0,
V_1,Tian_1,12.3,8.5,0.0,
V_1,Tian_1,12.3,8.7,0.0,
V_1,Tian_1,12.3,8.9,0.0,
V_1,Tian_1,12.3,9.1,0.0,
V_1,Tian_1,12.3,9.3,0.0,
V_1,Tian_1,12.3,9.5,0.0,
V_1,Tian_1,12.3,9.7,0.0,
V_1,Tian_1,12.3,9.9,0.0,
V_1,Tian_1,12.3,10.1,0.0,
V_1,Tian_1,12.3,10.3,0.0,
V_1,Tian_1,12.3,10.5,0.0,
V_1,Tian_1,12.3,10.7,0.0,
V_1,Tian_1,12.3,10.9,0.0,
V_1,Tian_1,12.3,11.1,0.0,
V_1,Tian_1,12.3,11.3,1.0,
V_1,Tian_1,12.3,11.5,1.0,
V_1,Tian_1,12.3,11.7,3.0,1.0258801294828996
V_1,Tian_1,12.3,11.9,3.0,1.0258801294828996
V_1,Tian_1,12.3,12.1,6.0,1.0327042296442308
V_1,Tian_1,12.3,12.3,6.0,1.0327042296442308
V_1,Tian_1,12.3,12.5,10.0,1.0391458805810834
V_1,Tian_1,12.3,12.700000000000001,10.0,1.0391458805810834
V_1,Tian_1,12.3,12.9,14.0,1.0438419726601411
V_1,Tian_1,12.3,13.1,17.0,1.0456309176038066
V_1,Tian_1,12.3,13.3,15.0,1.046452855716409
V_1,Tian_1,12.3,13.5,19.0,1.0461564186814287
V_1,Tian_1,12.3,13.700000000000001,16.0,1.0473991853456537
V_1,Tian_1,12.3,13.9,20.0,1.0460768998300825
V_1,Tian_1,12.3,14.1,16.0,1.045394035541013
V_1,Tian_1,12.3,14.3,20.0,1.0430552274721359
V_1,Tian_1,12.3,14.5,16.0,1.0399234836257238
V_1,Tian_1,12.3,14.700000000000001,20.0,1.0403237711369706
V_1,Tian_1,12.3,14.9,16.0,1.04036436348666
V_1,Tian_1,12.3,15.1,20.0,1.038347411607609
V_1,Tian_1,12.3,15.3,16.0,1.0366730695594482
V_1,Tian_1,12.3,15.5,20.0,1.033057476904967
V_1,Tian_1,12.3,15.700000000000001,20.0,1.029859255864413
V_1,Tian_1,12.3,15.9,16.0,1.0288990710313588
V_1,Tian_1,12.3,16.1,20.0,1.0267911635923623
V_1,Tian_1,12.3,16.3,16.0,1.0230077241949629
V_1,Tian_1,12.3,16.5,20.0,1.0230251046941499
V_1,Tian_1,12.3,16.700000000000003,16.0,1.021211479844836
V_1,Tian_1,12.3,16.9,20.0,1.01894562186001
V_1,Tian_1,12.3,17.1,16.0,1.0190332507532518
V_1,Tian_1,12.3,17.3,20.0,1.0157980811519132
V_1,Tian_1,12.3,17.5,16.0,1.0135484382986344
V_1,Tian_1,12.3,17.700000000000003,16.0,1.0135484382986344
V_1,Tian_1,12.3,17.9,12.0,1.011944739786054
V_1,Tian_1,12.5,8.1,0.0,
V_1,Tian_1,12.5,8.3,0.0,
V_1,Tian_1,12.5,8.5,0.0,
V_1,Tian_1,12.5,8.7,0.0,
V_1,Tian_1,12.5,8.9,0.0,
V_1,Tian_1,12.5,9.1,0.0,
V_1,Tian_1,12.5,9.3,0.0,
V_1,Tian_1,12.5,9.5,0.0,
V_1,Tian_1,12.5,9.7,0.0,
V_1,Tian_1,12.5,9.9,0.0,
V_1,Tian_1,12.5,10.1,0.0,
V_1,Tian_1,12.5,10.3,0.0,
V_1,Tian_1,12.5,10.5,0.0,
V_1,Tian_1,12.5,10.7,0.0,
V_1,Tian_1,12.5,10.9,0.0,
V_1,Tian_1,12.5,11.1,0.0,
V_1,Tian_1,12.5,11.3,1.0,
V_1,Tian_1,12.5,11.5,1.0,
V_1,Tian_1,12.5,11.7,3.0,1.0258801294828996
V_1,Tian_1,12.5,11.9,3.0,1.0258801294828996
V_1,Tian_1,12.5,12.1,6.0,1.0327042296442308
V_1,Tian_1,12.5,12.3,6.0,1.0327042296442308
V_1,Tian_1,12.5,12.5,10.0,1.0391458805810834
V_1,Tian_1,12.5,12.700000000000001,10.0,1.0391458805810834
V_1,Tian_1,12.5,12.9,15.0,1.0420227005753404
V_1,Tian_1,12.5,13.1,19.0,1.0440677677003785
V_1,Tian_1,12.5,13.3,17.0,1.0446091072228596
V_1,Tian_1,12.5,13.5,22.0,1.044743380225475
V_1,Tian_1,12.5,13.700000000000001,19.0,1.0455668092391457
V_1,Tian_1,12.5,13.9,24.0,1.0451833945828142
V_1,Tian_1,12.5,14.1,20.0,1.0444584021021046
V_1,Tian_1,12.5,14.3,25.0,1.0435167003226502
V_1,Tian_1,12.5,14.5,20.0,1.0424517902623491
V_1,Tian_1,12.5,14.700000000000001,25.0,1.04298871960923
V_1,Tian_1,12.5,14.9,20.0,1.043453164381177
V_1,Tian_1,12.5,15.1,25.0,1.0422214256928006
V_1,Tian_1,12.5,15.3,20.0,1.0414768050074086
V_1,Tian_1,12.5,15.5,25.0,1.0388711148748266
V_1,Tian_1,12.5,15.700000000000001,25.0,1.0370761836587032
V_1,Tian_1,12.5,15.9,20.0,1.0364077562721705
V_1,Tian_1,12.5,16.1,25.0,1.0358033603811163
V_1,Tian_1,12.5,16.3,20.0,1.033470091227207
V_1,Tian_1,12.5,16.5,25.0,1.0342721800226053
V_1,Tian_1,12.5,16.700000000000003,20.0,1.033516607293433
V_1,Tian_1,12.5,16.9,25.0,1.0319556127770397
V_1,Tian_1,12.5,17.1,20.0,1.0328324273851748
V_1,Tian_1,12.5,17.3,25.0,1.0309042504454082
V_1,Tian_1,12.5,17.5,20.0,1.0299423723547259
V_1,Tian_1,12.5,17.700000000000003,20.0,1.0299423723547259
V_1,Tian_1,12.5,17.9,15.0,1.0287945708673347
V_1,Tian_1,12.700000000000001,8.1,0.0,
V_1,Tian_1,12.700000000000001,8.3,0.0,
V_1,Tian_1,12.700000000000001,8.5,0.0,
V_1,Tian_1,12.700000000000001,8.7,0.0,
V_1,Tian_1,12.700000000000001,8.9,0.0,
V_1,Tian_1,12.700000000000001,9.1,0.0,
V_1,Tian_1,12.700000000000001,9.3,0.0,
V_1,Tian_1,12.700000000000001,9.5,0.0,
V_1,Tian_1,12.700000000000001,9.7,0.0,
V_1,Tian_1,12.700000000000001,9.9,0.0,
V_1,Tian_1,12.700000000000001,10.1,0.0,
V_1,Tian_1,12.700000000000001,10.3,0.0,
V_1,Tian_1,12.700000000000001,10.5,0.0,
V_1,Tian_1,12.700000000000001,10.7,0.0,
V_1,Tian_1,12.700000000000001,10.9,0.0,
V_1,Tian_1,12.700000000000001,11.1,0.0,
V_1,Tian_1,12.700000000000001,11.3,0.0,
V_1,Tian_1,12.700000000000001,11.5,0.0,
V_1,Tian_1,12.700000000000001,11.7,1.0,
V_1,Tian_1,12.700000000000001,11.9,1.0,
V_1,Tian_1,12.700000000000001,12.1,3.0,1.0455453156912242
V_1,Tian_1,12.700000000000001,12.3,3.0,1.0455453156912242
V_1,Tian_1,12.700000000000001,12.5,6.0,1.0487198841200684
V_1,Tian_1,12.700000000000001,12.700000000000001,6.0,1.0487198841200684
V_1,Tian_1,12.700000000000001,12.9,10.0,1.0488925329304588
V_1,Tian_1,12.700000000000001,13.1,14.0,1.0478397828780055
V_1,Tian_1,12.700000000000001,13.3,13.0,1.0476847922579986
V_1,Tian_1,12.700000000000001,13.5,17.0,1.0485407630668266
V_1,Tian_1,12.700000000000001,13.700000000000001,15.0,1.0492274457333646
V_1,Tian_1,12.700000000000001,13.9,19.0,1.0500275961551329
V_1,Tian_1,12.700000000000001,14.1,16.0,1.0496775605812991
V_1,Tian_1,12.700000000000001,14.3,20.0,1.0497145824868406
V_1,Tian_1,12.700000000000001,14.5,16.0,1.0498553515720397
V_1,Tian_1,12.700000000000001,14.700000000000001,20.0,1.0510232320884019
V_1,Tian_1,12.700000000000001,14.9,16.0,1.0524770631737843
V_1,Tian_1,12.700000000000001,15.1,20.0,1.052155035301439
V_1,Tian_1,12.700000000000001,15.3,16.0,1.05236312707792
V_1,Tian_1,12.700000000000001,15.5,20.0,1.0506119160358343
V_1,Tian_1,12.700000000000001,15.700000000000001,20.0,1.0502943266477485
V_1,Tian_1,12.700000000000001,15.9,16.0,1.0504022407824338
V_1,Tian_1,12.700000000000001,16.1,20.0,1.0510844339424048
V_1,Tian_1,12.700000000000001,16.3,16.0,1.0499318538895435
V_1,Tian_1,12.700000000000001,16.5,20.0,1.0513114671267947
V_1,Tian_1,12.700000000000001,16.700000000000003,16.0,1.0514226029554794
V_1,Tian_1,12.700000000000001,16.9,20.0,1.0507308361137055
V_1,Tian_1,12.700000000000001,17.1,16.0,1.0525117771752588
V_1,Tian_1,12.700000000000001,17.3,20.0,1.0516721018974358
V_1,Tian_1,12.700000000000001,17.5,16.0,1.0517300740477113
V_1,Tian_1,12.700000000000001,17.700000000000003,16.0,1.0517300740477113
V_1,Tian_1,12.700000000000001,17.9,12.0,1.0510356965361851
V_1,Tian_1,12.9,8.1,0.0,
V_1,Tian_1,12.9,8.3,0.0,
V_1,Tian_1,12.9,8.5,0.0,
V_1,Tian_1,12.9,8.7,0.0,
V_1,Tian_1,12.9,8.9,0.0,
V_1,Tian_1,12.9,9.1,0.0,
V_1,Tian_1,12.9,9.3,0.0,
V_1,Tian_1,12.9,9.5,0.0,
V_1,Tian_1,12.9,9.7,0.0,
V_1,Tian_1,12.9,9.9,0.0,
V_1,Tian_1,12.9,10.1,0.0,
V_1,Tian_1,12.9,10.3,0.0,
V_1,Tian_1,12.9,10.5,0.0,
V_1,Tian_1,12.9,10.7,0.0,
V_1,Tian_1,12.9,10.9,0.0,
V_1,Tian_1,12.9,11.1,0.0,
V_1,Tian_1,12.9,11.3,0.0,
V_1,Tian_1,12.9,11.5,0.0,
V_1,Tian_1,12.9,11.7,1.0,
V_1,Tian_1,12.9,11.9,1.0,
V_1,Tian_1,12.9,12.1,3.0,1.0455453156912242
V_1,Tian_1,12.9,12.3,3.0,1.0455453156912242
V_1,Tian_1,12.9,12.5,6.0,1.0487198841200684
V_1,Tian_1,12.9,12.700000000000001,6.0,1.0487198841200684
V_1,Tian_1,12.9,12.9,10.0,1.0488925329304588
V_1,Tian_1,12.9,13.1,15.0,1.047110649180101
V_1,Tian_1,12.9,13.3,14.0,1.0469146483402443
V_1,Tian_1,12.9,13.5,19.0,1.0474426699321957
V_1,Tian_1,12.9,13.700000000000001,17.0,1.0479193789750667
V_1,Tian_1,12.9,13.9,22.0,1.0488420668679541
V_1,Tian_1,12.9,14.1,19.0,1.0483601112341185
V_1,Tian_1,12.9,14.3,24.0,1.0493080792894556
V_1,Tian_1,12.9,14.5,20.0,1.0493393939181377
V_1,Tian_1,12.9,14.700000000000001,25.0,1.0510957442301379
V_1,Tian_1,12.9,14.9,20.0,1.052982959867826
V_1,Tian_1,12.9,15.1,25.0,1.0539183159603225
V_1,Tian_1,12.9,15.3,20.0,1.0551676123529883
V_1,Tian_1,12.9,15.5,25.0,1.05479931816452
V_1,Tian_1,12.9,15.700000000000001,25.0,1.0565967108409626
V_1,Tian_1,12.9,15.9,20.0,1.0575182990762693
V_1,Tian_1,12.9,16.1,25.0,1.0593154130011548
V_1,Tian_1,12.9,16.3,20.0,1.0596139798819089
V_1,Tian_1,12.9,16.5,25.0,1.0621836854603435
V_1,Tian_1,12.9,16.700000000000003,20.0,1.0633146717428523
V_1,Tian_1,12.9,16.9,25.0,1.0631858510193128
V_1,Tian_1,12.9,17.1,20.0,1.065650778421479
V_1,Tian_1,12.9,17.3,25.0,1.0658900336969588
V_1,Tian_1,12.9,17.5,20.0,1.0671209998497024
V_1,Tian_1,12.9,17.700000000000003,20.0,1.0671209998497024
V_1,Tian_1,12.9,17.9,15.0,1.0673267102327044
V_1,Tian_1,13.1,8.1,0.0,
V_1,Tian_1,13.1,8.3,0.0,
V_1,Tian_1,13.1,8.5,0.0,
V_1,Tian_1,13.1,8.7,0.0,
V_1,Tian_1,13.1,8.9,0.0,
V_1,Tian_1,13.1,9.1,0.0,
V_1,Tian_1,13.1,9.3,0.0,
V_1,Tian_1,13.1,9.5,0.0,
V_1,Tian_1,13.1,9.7,0.0,
V_1,Tian_1,13.1,9.9,0.0,
V_1,Tian_1,13.1,10.1,0.0,
V_1,Tian_1,13.1,10.3,0.0,
V_1,Tian_1,13.1,10.5,0.0,
V_1,Tian_1,13.1,10.7,0.0,
V_1,Tian_1,13.1,10.9,0.0,
V_1,Tian_1,13.1,11.1,0.0,
V_1,Tian_1,13.1,11.3,0.0,
V_1,Tian_1,13.1,11.5,0.0,
V_1,Tian_1,13.1,11.7,0.0,
V_1,Tian_1,13.1,11.9,0.0,
V_1,Tian_1,13.1,12.1,1.0,
V_1,Tian_1,13.1,12.3,1.0,
V_1,Tian_1,13.1,12.5,3.0,1.0463446235613205
V_1,Tian_1,13.1,12.700000000000001,3.0,1.0463446235613205
V_1,Tian_1,13.1,12.9,6.0,1.0451644683570183
V_1,Tian_1,13.1,13.1,10.0,1.0438570973486447
V_1,Tian_1,13.1,13.3,10.0,1.0438570973486447
V_1,Tian_1,13.1,13.5,15.0,1.042111541921334
V_1,Tian_1,13.1,13.700000000000001,14.0,1.0425174594282265
V_1,Tian_1,13.1,13.9,19.0,1.0436724313787646
V_1,Tian_1,13.1,14.1,17.0,1.0427747660198479
V_1,Tian_1,13.1,14.3,22.0,1.0455086528662145
V_1,Tian_1,13.1,14.5,19.0,1.0457493380841356
V_1,Tian_1,13.1,14.700000000000001,24.0,1.048764424358443
V_1,Tian_1,13.1,14.9,20.0,1.050138101062915
V_1,Tian_1,13.1,15.1,25.0,1.0535035110992044
V_1,Tian_1,13.1,15.3,20.0,1.0572242811073274
V_1,Tian_1,13.1,15.5,25.0,1.0586823205145757
V_1,Tian_1,13.1,15.700000000000001,25.0,1.0643469789451327
V_1,Tian_1,13.1,15.9,20.0,1.0667327566454503
V_1,Tian_1,13.1,16.1,25.0,1.0708024192442105
V_1,Tian_1,13.1,16.3,20.0,1.07344758600506
V_1,Tian_1,13.1,16.5,25.0,1.0784115812345045
V_1,Tian_1,13.1,16.700000000000003,20.0,1.0812731887320401
V_1,Tian_1,13.1,16.9,25.0,1.0827550948088294
V_1,Tian_1,13.1,17.1,20.0,1.0873152489751443
V_1,Tian_1,13.1,17.3,25.0,1.0897282051379622
V_1,Tian_1,13.1,17.5,20.0,1.0933528451741885
V_1,Tian_1,13.1,17.700000000000003,20.0,1.0933528451741885
V_1,Tian_1,13.1,17.9,15.0,1.0954434370191672
V_1,Tian_1,13.3,8.1,0.0,
V_1,Tian_1,13.3,8.3,0.0,
V_1,Tian_1,13.3,8.5,0.0,
V_1,Tian_1,13.3,8.7,0.0,
V_1,Tian_1,13.3,8.9,0.0,
V_1,Tian_1,13.3,9.1,0.0,
V_1,Tian_1,13.3,9.3,0.0,
V_1,Tian_1,13.3,9.5,0.0,
V_1,Tian_1,13.3,9.7,0.0,
V_1,Tian_1,13.3,9.9,0.0,
V_1,Tian_1,13.3,10.1,0.0,
V_1,Tian_1,13.3,10.3,0.0,
V_1,Tian_1,13.3,10.5,0.0,
V_1,Tian_1,13.3,10.7,0.0,
V_1,Tian_1,13.3,10.9,0.0,
V_1,Tian_1,13.3,11.1,0.0,
V_1,Tian_1,13.3,11.3,0.0,
V_1,Tian_1,13.3,11.5,0.0,
V_1,Tian_1,13.3,11.7,0.0,
V_1,Tian_1,13.3,11.9,0.0,
V_1,Tian_1,13.3,12.1,0.0,
V_1,Tian_1,13.3,12.3,0.0,
V_1,Tian_1,13.3,12.5,1.0,
V_1,Tian_1,13.3,12.700000000000001,1.0,
V_1,Tian_1,13.3,12.9,3.0,1.045506535484723
V_1,Tian_1,13.3,13.1,6.0,1.044186347140082
V_1,Tian_1,13.3,13.3,6.0,1.044186347140082
V_1,Tian_1,13.3,13.5,10.0,1.0408851849743082
V_1,Tian_1,13.3,13.700000000000001,10.0,1.0408851849743082
V_1,Tian_1,13.3,13.9,14.0,1.042172203112462
V_1,Tian_1,13.3,14.1,13.0,1.0408948909424642
V_1,Tian_1,13.3,14.3,17.0,1.045080335841445
V_1,Tian_1,13.3,14.5,15.0,1.0459082242781883
V_1,Tian_1,13.3,14.700000000000001,19.0,1.049460462085948
V_1,Tian_1,13.3,14.9,16.0,1.0506968939529178
V_1,Tian_1,13.3,15.1,20.0,1.0552563830720545
V_1,Tian_1,13.3,15.3,16.0,1.060087118408656
V_1,Tian_1,13.3,15.5,20.0,1.0623772753875373
V_1,Tian_1,13.3,15.700000000000001,20.0,1.0703047419569873
V_1,Tian_1,13.3,15.9,16.0,1.0732101695054515
V_1,Tian_1,13.3,16.1,20.0,1.078806489221351
V_1,Tian_1,13.3,16.3,16.0,1.0828127730604271
V_1,Tian_1,13.3,16.5,20.0,1.0886059756789968
V_1,Tian_1,13.3,16.700000000000003,16.0,1.0923838847115959
V_1,Tian_1,13.3,16.9,20.0,1.0948881620158546
V_1,Tian_1,13.3,17.1,16.0,1.1007257266940524
V_1,Tian_1,13.3,17.3,20.0,1.1041027561348828
V_1,Tian_1,13.3,17.5,16.0,1.1088716748423293
V_1,Tian_1,13.3,17.700000000000003,16.0,1.1088716748423293
V_1,Tian_1,13.3,17.9,12.0,1.111431643761456
V_1,Tian_1,13.5,8.1,0.0,
V_1,Tian_1,13.5,8.3,0.0,
V_1,Tian_1,13.5,8.5,0.0,
V_1,Tian_1,13.5,8.7,0.0,
V_1,Tian_1,13.5,8.9,0.0,
V_1,Tian_1,13.5,9.1,0.0,
V_1,Tian_1,13.5,9.3,0.0,
V_1,Tian_1,13.5,9.5,0.0,
V_1,Tian_1,13.5,9.7,0.0,
V_1,Tian_1,13.5,9.9,0.0,
V_1,Tian_1,13.5,10.1,0.0,
V_1,Tian_1,13.5,10.3,0.0,
V_1,Tian_1,13.5,10.5,0.0,
V_1,Tian_1,13.5,10.7,0.0,
V_1,Tian_1,13.5,10.9,0.0,
V_1,Tian_1,13.5,11.1,0.0,
V_1,Tian_1,13.5,11.3,0.0,
V_1,Tian_1,13.5,11.5,0.0,
V_1,Tian_1,13.5,11.7,0.0,
V_1,Tian_1,13.5,11.9,0.0,
V_1,Tian_1,13.5,12.1,0.0,
V_1,Tian_1,13.5,12.3,0.0,
V_1,Tian_1,13.5,12.5,1.0,
V_1,Tian_1,13.5,12.700000000000001,1.0,
V_1,Tian_1,13.5,12.9,3.0,1.045506535484723
V_1,Tian_1,13.5,13.1,6.0,1.044186347140082
V_1,Tian_1,13.5,13.3,6.0,1.044186347140082
V_1,Tian_1,13.5,13.5,10.0,1.0408851849743082
V_1,Tian_1,13.5,13.700000000000001,10.0,1.0408851849743082
V_1,Tian_1,13.5,13.9,15.0,1.0408618359569608
V_1,Tian_1,13.5,14.1,14.0,1.03958216271657
V_1,Tian_1,13.5,14.3,19.0,1.0434366805515067
V_1,Tian_1,13.5,14.5,17.0,1.0439737991380527
V_1,Tian_1,13.5,14.700000000000001,22.0,1.047260653992658
V_1,Tian_1,13.5,14.9,19.0,1.0479545216553765
V_1,Tian_1,13.5,15.1,24.0,1.0528845072260953
V_1,Tian_1,13.5,15.3,20.0,1.0562747203261844
V_1,Tian_1,13.5,15.5,25.0,1.060211455100052
V_1,Tian_1,13.5,15.700000000000001,25.0,1.069695690987522
V_1,Tian_1,13.5,15.9,20.0,1.07356228111207
V_1,Tian_1,13.5,16.1,25.0,1.0803246812800764
V_1,Tian_1,13.5,16.3,20.0,1.0857968614755165
V_1,Tian_1,13.5,16.5,25.0,1.0924161368477423
V_1,Tian_1,13.5,16.700000000000003,20.0,1.0976155579609717
V_1,Tian_1,13.5,16.9,25.0,1.1006558004694555
V_1,Tian_1,13.5,17.1,20.0,1.1068301520379389
V_1,Tian_1,13.5,17.3,25.0,1.111123399688877
V_1,Tian_1,13.5,17.5,20.0,1.1168451702711923
V_1,Tian_1,13.5,17.700000000000003,20.0,1.1168451702711923
V_1,Tian_1,13.5,17.9,15.0,1.1200021330442218
V_1,Tian_1,13.700000000000001,8.1,0.0,
V_1,Tian_1,13.700000000000001,8.3,0.0,
V_1,Tian_1,13.700000000000001,8.5,0.0,
V_1,Tian_1,13.700000000000001,8.7,0.0,
V_1,Tian_1,13.700000000000001,8.9,0.0,
V_1,Tian_1,13.700000000000001,9.1,0.0,
V_1,Tian_1,13.700000000000001,9.3,0.0,
V_1,Tian_1,13.700000000000001,9.5,0.0,
V_1,Tian_1,13.700000000000001,9.7,0.0,
V_1,Tian_1,13.700000000000001,9.9,0.0,
V_1,Tian_1,13.700000000000001,10.1,0.0,
V_1,Tian_1,13.700000000000001,10.3,0.0,
V_1,Tian_1,13.700000000000001,10.5,0.0,
V_1,Tian_1,13.700000000000001,10.7,0.0,
V_1,Tian_1,13.700000000000001,10.9,0.0,
V_1,Tian_1,13.700000000000001,11.1,0.0,
V_1,Tian_1,13.700000000000001,11.3,0.0,
V_1,Tian_1,13.700000000000001,11.5,0.0,
V_1,Tian_1,13.700000000000001,11.7,0.0,
V_1,Tian_1,13.700000000000001,11.9,0.0,
V_1,Tian_1,13.700000000000001,12.1,0.0,
V_1,Tian_1,13.700000000000001,12.3,0.0,
V_1,Tian_1,13.700000000000001,12.5,0.0,
V_1,Tian_1,13.700000000000001,12.700000000000001,0.0,
V_1,Tian_1,13.700000000000001,12.9,1.0,
V_1,Tian_1,13.700000000000001,13.1,3.0,1.0328215881506393
V_1,Tian_1,13.700000000000001,13.3,3.0,1.0328215881506393
V_1,Tian_1,13.700000000000001,13.5,6.0,1.0312942622436414
V_1,Tian_1,13.700000000000001,13.700000000000001,6.0,1.0312942622436414
V_1,Tian_1,13.700000000000001,13.9,10.0,1.0336596964404543
V_1,Tian_1,13.700000000000001,14.1,10.0,1.0336596964404543
V_1,Tian_1,13.700000000000001,14.3,14.0,1.0390700464579947
V_1,Tian_1,13.700000000000001,14.5,13.0,1.0408021353095227
V_1,Tian_1,13.700000000000001,14.700000000000001,17.0,1.043889866541248
V_1,Tian_1,13.700000000000001,14.9,15.0,1.0442810572091616
V_1,Tian_1,13.700000000000001,15.1,19.0,1.04995896928001
V_1,Tian_1,13.700000000000001,15.3,16.0,1.0537449754568913
V_1,Tian_1,13.700000000000001,15.5,20.0,1.0590750821082704
V_1,Tian_1,13.700000000000001,15.700000000000001,20.0,1.0699318802714548
V_1,Tian_1,13.700000000000001,15.9,16.0,1.074265869963857
V_1,Tian_1,13.700000000000001,16.1,20.0,1.0824188850483545
V_1,Tian_1,13.700000000000001,16.3,16.0,1.0895423580493544
V_1,Tian_1,13.700000000000001,16.5,20.0,1.0969880843336526
V_1,Tian_1,13.700000000000001,16.700000000000003,16.0,1.1034223205306428
V_1,Tian_1,13.700000000000001,16.9,20.0,1.1070123256570308
V_1,Tian_1,13.700000000000001,17.1,16.0,1.1136665298928414
V_1,Tian_1,13.700000000000001,17.3,20.0,1.1192236988093973
V_1,Tian_1,13.700000000000001,17.5,16.0,1.1261566638738483
V_1,Tian_1,13.700000000000001,17.700000000000003,16.0,1.1261566638738483
V_1,Tian_1,13.700000000000001,17.9,12.0,1.1298652367030164
V_1,Tian_1,13.9,8.1,0.0,
V_1,Tian_1,13.9,8.3,0.0,
V_1,Tian_1,13.9,8.5,0.0,
V_1,Tian_1,13.9,8.7,0.0,
V_1,Tian_1,13.9,8.9,0.0,
V_1,Tian_1,13.9,9.1,0.0,
V_1,Tian_1,13.9,9.3,0.0,
V_1,Tian_1,13.9,9.5,0.0,
V_1,Tian_1,13.9,9.7,0.0,
V_1,Tian_1,13.9,9.9,0.0,
V_1,Tian_1,13.9,10.1,0.0,
V_1,Tian_1,13.9,10.3,0.0,
V_1,Tian_1,13.9,10.5,0.0,
V_1,Tian_1,13.9,10.7,0.0,
V_1,Tian_1,13.9,10.9,0.0,
V_1,Tian_1,13.9,11.1,0.0,
V_1,Tian_1,13.9,11.3,0.0,
V_1,Tian_1,13.9,11.5,0.0,
V_1,Tian_1,13.9,11.7,0.0,
V_1,Tian_1,13.9,11.9,0.0,
V_1,Tian_1,13.9,12.1,0.0,
V_1,Tian_1,13.9,12.3,0.0,
V_1,Tian_1,13.9,12.5,0.0,
V_1,Tian_1,13.9,12.700000000000001,0.0,
V_1,Tian_1,13.9,12.9,1.0,
V_1,Tian_1,13.9,13.1,3.0,1.0328215881506393
V_1,Tian_1,13.9,13.3,3.0,1.0328215881506393
V_1,Tian_1,13.9,13.5,6.0,1.0312942622436414
V_1,Tian_1,13.9,13.700000000000001,6.0,1.0312942622436414
V_1,Tian_1,13.9,13.9,10.0,1.0336596964404543
V_1,Tian_1,13.9,14.1,10.0,1.0336596964404543
V_1,Tian_1,13.9,14.3,15.0,1.0353955133596071
V_1,Tian_1,13.9,14.5,14.0,1.0367414149289984
V_1,Tian_1,13.9,14.700000000000001,19.0,1.0398843261899997
V_1,Tian_1,13.9,14.9,17.0,1.039758254385071
V_1,Tian_1,13.9,15.1,22.0,1.045670128454213
V_1,Tian_1,13.9,15.3,19.0,1.0481811587885659
V_1,Tian_1,13.9,15.5,24.0,1.0534179356693603
V_1,Tian_1,13.9,15.700000000000001,25.0,1.0636708714623082
V_1,Tian_1,13.9,15.9,20.0,1.0698718025284073
V_1,Tian_1,13.9,16.1,25.0,1.0785336369323064
V_1,Tian_1,13.9,16.3,20.0,1.0859959267351824
V_1,Tian_1,13.9,16.5,25.0,1.0949354390702002
V_1,Tian_1,13.9,16.700000000000003,20.0,1.102226673765426
V_1,Tian_1,13.9,16.9,25.0,1.1066695921878793
V_1,Tian_1,13.9,17.1,20.0,1.1150075682807545
V_1,Tian_1,13.9,17.3,25.0,1.1212178259117038
V_1,Tian_1,13.9,17.5,20.0,1.1285936463178419
V_1,Tian_1,13.9,17.700000000000003,20.0,1.1285936463178419
V_1,Tian_1,13.9,17.9,15.0,1.133731203574488
V_1,Tian_1,14.1,8.1,0.0,
V_1,Tian_1,14.1,8.3,0.0,
V_1,Tian_1,14.1,8.5,0.0,
V_1,Tian_1,14.1,8.7,0.0,
V_1,Tian_1,14.1,8.9,0.0,
V_1,Tian_1,14.1,9.1,0.0,
V_1,Tian_1,14.1,9.3,0.0,
V_1,Tian_1,14.1,9.5,0.0,
V_1,Tian_1,14.1,9.7,0.0,
V_1,Tian_1,14.1,9.9,0.0,
V_1,Tian_1,14.1,10.1,0.0,
V_1,Tian_1,14.1,10.3,0.0,
V_1,Tian_1,14.1,10.5,0.0,
V_1,Tian_1,14.1,10.7,0.0,
V_1,Tian_1,14.1,10.9,0.0,
V_1,Tian_1,14.1,11.1,0.0,
V_1,Tian_1,14.1,11.3,0.0,
V_1,Tian_1,14.1,11.5,0.0,
V_1,Tian_1,14.1,11.7,0.0,
V_1,Tian_1,14.1,11.9,0.0,
V_1,Tian_1,14.1,12.1,0.0,
V_1,Tian_1,14.1,12.3,0.0,
V_1,Tian_1,14.1,12.5,0.0,
V_1,Tian_1,14.1,12.700000000000001,0.0,
V_1,Tian_1,14.1,12.9,0.0,
V_1,Tian_1,14.1,13.1,1.0,
V_1,Tian_1,14.1,13.3,1.0,
V_1,Tian_1,14.1,13.5,3.0,1.0267943878161807
V_1,Tian_1,14.1,13.700000000000001,3.0,1.0267943878161807
V_1,Tian_1,14.1,13.9,6.0,1.0289555818364435
V_1,Tian_1,14.1,14.1,6.0,1.0289555818364435
V_1,Tian_1,14.1,14.3,10.0,1.0304119741770574
V_1,Tian_1,14.1,14.5,10.0,1.0304119741770574
V_1,Tian_1,14.1,14.700000000000001,14.0,1.0349685450084756
V_1,Tian_1,14.1,14.9,13.0,1.0348197579007095
V_1,Tian_1,14.1,15.1,17.0,1.042126789166168
V_1,Tian_1,14.1,15.3,15.0,1.0448450019857165
V_1,Tian_1,14.1,15.5,19.0,1.0511264274891223
V_1,Tian_1,14.1,15.700000000000001,20.0,1.0631026156189194
V_1,Tian_1,14.1,15.9,16.0,1.0707291288516545
V_1,Tian_1,14.1,16.1,20.0,1.08020400928135
V_1,Tian_1,14.1,16.3,16.0,1.088665018579932
V_1,Tian_1,14.1,16.5,20.0,1.0988541785036436
V_1,Tian_1,14.1,16.700000000000003,16.0,1.1070990629348272
V_1,Tian_1,14.1,16.9,20.0,1.1123380961235596
V_1,Tian_1,14.1,17.1,16.0,1.121752176872726
V_1,Tian_1,14.1,17.3,20.0,1.1286900504847828
V_1,Tian_1,14.1,17.5,16.0,1.1368625307525295
V_1,Tian_1,14.1,17.700000000000003,16.0,1.1368625307525295
V_1,Tian_1,14.1,17.9,12.0,1.1431155306699954
V_1,Tian_1,14.3,8.1,0.0,
V_1,Tian_1,14.3,8.3,0.0,
V_1,Tian_1,14.3,8.5,0.0,
V_1,Tian_1,14.3,8.7,0.0,
V_1,Tian_1,14.3,8.9,0.0,
V_1,Tian_1,14.3,9.1,0.0,
V_1,Tian_1,14.3,9.3,0.0,
V_1,Tian_1,14.3,9.5,0.0,
V_1,Tian_1,14.3,9.7,0.0,
V_1,Tian_1,14.3,9.9,0.0,
V_1,Tian_1,14.3,10.1,0.0,
V_1,Tian_1,14.3,10.3,0.0,
V_1,Tian_1,14.3,10.5,0.0,
V_1,Tian_1,14.3,10.7,0.0,
V_1,Tian_1,14.3,10.9,0.0,
V_1,Tian_1,14.3,11.1,0.0,
V_1,Tian_1,14.3,11.3,0.0,
V_1,Tian_1,14.3,11.5,0.0,
V_1,Tian_1,14.3,11.7,0.0,
V_1,Tian_1,14.3,11.9,0.0,
V_1,Tian_1,14.3,12.1,0.0,
V_1,Tian_1,14.3,12.3,0.0,
V_1,Tian_1,14.3,12.5,0.0,
V_1,Tian_1,14.3,12.700000000000001,0.0,
V_1,Tian_1,14.3,12.9,0.0,
V_1,Tian_1,14.3,13.1,1.0,
V_1,Tian_1,14.3,13.3,1.0,
V_1,Tian_1,14.3,13.5,3.0,1.0267943878161807
V_1,Tian_1,14.3,13.700000000000001,3.0,1.0267943878161807
V_1,Tian_1,14.3,13.9,6.0,1.0289555818364435
V_1,Tian_1,14.3,14.1,6.0,1.0289555818364435
V_1,Tian_1,14.3,14.3,10.0,1.0304119741770574
V_1,Tian_1,14.3,14.5,10.0,1.0304119741770574
V_1,Tian_1,14.3,14.700000000000001,15.0,1.0331680956056557
V_1,Tian_1,14.3,14.9,14.0,1.0329013326196714
V_1,Tian_1,14.3,15.1,19.0,1.0394634408023535
V_1,Tian_1,14.3,15.3,17.0,1.0415485287768005
V_1,Tian_1,14.3,15.5,22.0,1.0479328571609348
V_1,Tian_1,14.3,15.700000000000001,24.0,1.0593102983480736
V_1,Tian_1,14.3,15.9,20.0,1.0646530454800924
V_1,Tian_1,14.3,16.1,25.0,1.0746246982795855
V_1,Tian_1,14.3,16.3,20.0,1.0836107882337687
V_1,Tian_1,14.3,16.5,25.0,1.095123479650666
V_1,Tian_1,14.3,16.700000000000003,20.0,1.1044450136348665
V_1,Tian_1,14.3,16.9,25.0,1.1107826650364492
V_1,Tian_1,14.3,17.1,20.0,1.1210684378788138
V_1,Tian_1,14.3,17.3,25.0,1.128978528135374
V_1,Tian_1,14.3,17.5,20.0,1.1381094286500517
V_1,Tian_1,14.3,17.700000000000003,20.0,1.1381094286500517
V_1,Tian_1,14.3,17.9,15.0,1.1459754683742163
V_1,Tian_1,14.5,8.1,0.0,
V_1,Tian_1,14.5,8.3,0.0,
V_1,Tian_1,14.5,8.5,0.0,
V_1,Tian_1,14.5,8.7,0.0,
V_1,Tian_1,14.5,8.9,0.0,
V_1,Tian_1,14.5,9.1,0.0,
V_1,Tian_1,14.5,9.3,0.0,
V_1,Tian_1,14.5,9.5,0.0,
V_1,Tian_1,14.5,9.7,0.0,
V_1,Tian_1,14.5,9.9,0.0,
V_1,Tian_1,14.5,10.1,0.0,
V_1,Tian_1,14.5,10.3,0.0,
V_1,Tian_1,14.5,10.5,0.0,
V_1,Tian_1,14.5,10.7,0.0,
V_1,Tian_1,14.5,10.9,0.0,
V_1,Tian_1,14.5,11.1,0.0,
V_1,Tian_1,14.5,11.3,0.0,
V_1,Tian_1,14.5,11.5,0.0,
V_1,Tian_1,14.5,11.7,0.0,
V_1,Tian_1,14.5,11.9,0.0,
V_1,Tian_1,14.5,12.1,0.0,
V_1,Tian_1,14.5,12.3,0.0,
V_1,Tian_1,14.5,12.5,0.0,
V_1,Tian_1,14.5,12.700000000000001,0.0,
V_1,Tian_1,14.5,12.9,0.0,
V_1,Tian_1,14.5,13.1,0.0,
V_1,Tian_1,14.5,13.3,0.0,
V_1,Tian_1,14.5,13.5,1.0,
V_1,Tian_1,14.5,13.700000000000001,1.0,
V_1,Tian_1,14.5,13.9,3.0,1.0165774489570636
V_1,Tian_1,14.5,14.1,3.0,1.0165774489570636
V_1,Tian_1,14.5,14.3,6.0,1.0191695814267423
V_1,Tian_1,14.5,14.5,6.0,1.0191695814267423
V_1,Tian_1,14.5,14.700000000000001,10.0,1.024059247009943
V_1,Tian_1,14.5,14.9,10.0,1.024059247009943
V_1,Tian_1,14.5,15.1,14.0,1.0317820130189594
V_1,Tian_1,14.5,15.3,13.0,1.033906367337889
V_1,Tian_1,14.5,15.5,17.0,1.0409869543614263
V_1,Tian_1,14.5,15.700000000000001,19.0,1.053390311699193
V_1,Tian_1,14.5,15.9,16.0,1.0593206737872127
V_1,Tian_1,14.5,16.1,20.0,1.0702210405404433
V_1,Tian_1,14.5,16.3,16.0,1.0799278643293682
V_1,Tian_1,14.5,16.5,20.0,1.092486209864698
V_1,Tian_1,14.5,16.700000000000003,16.0,1.102835530320497
V_1,Tian_1,14.5,16.9,20.0,1.110226853635126
V_1,Tian_1,14.5,17.1,16.0,1.1217838514969272
V_1,Tian_1,14.5,17.3,20.0,1.1305327199454551
V_1,Tian_1,14.5,17.5,16.0,1.1404656100481474
V_1,Tian_1,14.5,17.700000000000003,16.0,1.1404656100481474
V_1,Tian_1,14.5,17.9,12.0,1.1493466442130746
V_1,Tian_1,14.700000000000001,8.1,0.0,
V_1,Tian_1,14.700000000000001,8.3,0.0,
V_1,Tian_1,14.700000000000001,8.5,0.0,
V_1,Tian_1,14.700000000000001,8.7,0.0,
V_1,Tian_1,14.700000000000001,8.9,0.0,
V_1,Tian_1,14.700000000000001,9.1,0.0,
V_1,Tian_1,14.700000000000001,9.3,0.0,
V_1,Tian_1,14.700000000000001,9.5,0.0,
V_1,Tian_1,14.700000000000001,9.7,0.0,
V_1,Tian_1,14.700000000000001,9.9,0.0,
V_1,Tian_1,14.700000000000001,10.1,0.0,
V_1,Tian_1,14.700000000000001,10.3,0.0,
V_1,Tian_1,14.700000000000001,10.5,0.0,
V_1,Tian_1,14.700000000000001,10.7,0.0,
V_1,Tian_1,14.700000000000001,10.9,0.0,
V_1,Tian_1,14.700000000000001,11.1,0.0,
V_1,Tian_1,14.700000000000001,11.3,0.0,
V_1,Tian_1,14.700000000000001,11.5,0.0,
V_1,Tian_1,14.700000000000001,11.7,0.0,
V_1,Tian_1,14.700000000000001,11.9,0.0,
V_1,Tian_1,14.700000000000001,12.1,0.0,
V_1,Tian_1,14.700000000000001,12.3,0.0,
V_1,Tian_1,14.700000000000001,12.5,0.0,
V_1,Tian_1,14.700000000000001,12.700000000000001,0.0,
V_1,Tian_1,14.700000000000001,12.9,0.0,
V_1,Tian_1,14.700000000000001,13.1,0.0,
V_1,Tian_1,14.700000000000001,13.3,0.0,
V_1,Tian_1,14.700000000000001,13.5,1.0,
V_1,Tian_1,14.700000000000001,13.700000000000001,1.0,
V_1,Tian_1,14.700000000000001,13.9,3.0,1.0165774489570636
V_1,Tian_1,14.700000000000001,14.1,3.0,1.0165774489570636
V_1,Tian_1,14.700000000000001,14.3,6.0,1.0191695814267423
V_1,Tian_1,14.700000000000001,14.5,6.0,1.0191695814267423
V_1,Tian_1,14.700000000000001,14.700000000000001,10.0,1.024059247009943
V_1,Tian_1,14.700000000000001,14.9,10.0,1.024059247009943
V_1,Tian_1,14.700000000000001,15.1,15.0,1.02825549599099
V_1,Tian_1,14.700000000000001,15.3,14.0,1.029976216642284
V_1,Tian_1,14.700000000000001,15.5,19.0,1.0356387963556133
V_1,Tian_1,14.700000000000001,15.700000000000001,22.0,1.0475018441042256
V_1,Tian_1,14.700000000000001,15.9,19.0,1.0515660751896685
V_1,Tian_1,14.700000000000001,16.1,24.0,1.0631678691786621
V_1,Tian_1,14.700000000000001,16.3,20.0,1.0695226939374456
V_1,Tian_1,14.700000000000001,16.5,25.0,1.0827205002268447
V_1,Tian_1,14.700000000000001,16.700000000000003,20.0,1.0942386267952848
V_1,Tian_1,14.700000000000001,16.9,25.0,1.1025243508285953
V_1,Tian_1,14.700000000000001,17.1,20.0,1.1152819336475104
V_1,Tian_1,14.700000000000001,17.3,25.0,1.125024288723906
V_1,Tian_1,14.700000000000001,17.5,20.0,1.1356068419281509
V_1,Tian_1,14.700000000000001,17.700000000000003,20.0,1.1356068419281509
V_1,Tian_1,14.700000000000001,17.9,15.0,1.1450575604585886
V_1,Tian_1,14.9,8.1,0.0,
V_1,Tian_1,14.9,8.3,0.0,
V_1,Tian_1,14.9,8.5,0.0,
V_1,Tian_1,14.9,8.7,0.0,
V_1,Tian_1,14.9,8.9,0.0,
V_1,Tian_1,14.9,9.1,0.0,
V_1,Tian_1,14.9,9.3,0.0,
V_1,Tian_1,14.9,9.5,0.0,
V_1,Tian_1,14.9,9.7,0.0,
V_1,Tian_1,14.9,9.9,0.0,
V_1,Tian_1,14.9,10.1,0.0,
V_1,Tian_1,14.9,10.3,0.0,
V_1,Tian_1,14.9,10.5,0.0,
V_1,Tian_1,14.9,10.7,0.0,
V_1,Tian_1,14.9,10.9,0.0,
V_1,Tian_1,14.9,11.1,0.0,
V_1,Tian_1,14.9,11.3,0.0,
V_1,Tian_1,14.9,11.5,0.0,
V_1,Tian_1,14.9,11.7,0.0,
V_1,Tian_1,14.9,11.9,0.0,
V_1,Tian_1,14.9,12.1,0.0,
V_1,Tian_1,14.9,12.3,0.0,
V_1,Tian_1,14.9,12.5,0.0,
V_1,Tian_1,14.9,12.700000000000001,0.0,
V_1,Tian_1,14.9,12.9,0.0,
V_1,Tian_1,14.9,13.1,0.0,
V_1,Tian_1,14.9,13.3,0.0,
V_1,Tian_1,14.9,13.5,0.0,
V_1,Tian_1,14.9,13.700000000000001,0.0,
V_1,Tian_1,14.9,13.9,1.0,
V_1,Tian_1,14.9,14.1,1.0,
V_1,Tian_1,14.9,14.3,3.0,1.0142944237187483
V_1,Tian_1,14.9,14.5,3.0,1.0142944237187483
V_1,Tian_1,14.9,14.700000000000001,6.0,1.0199369797634041
V_1,Tian_1,14.9,14.9,6.0,1.0199369797634041
V_1,Tian_1,14.9,15.1,10.0,1.0232157138676965
V_1,Tian_1,14.9,15.3,10.0,1.0232157138676965
V_1,Tian_1,14.9,15.5,14.0,1.0301249518221025
V_1,Tian_1,14.9,15.700000000000001,17.0,1.0424383007447406
V_1,Tian_1,14.9,15.9,15.0,1.046738969152286
V_1,Tian_1,14.9,16.1,19.0,1.058952410039849
V_1,Tian_1,14.9,16.3,16.0,1.0652098239583097
V_1,Tian_1,14.9,16.5,20.0,1.0795599963633256
V_1,Tian_1,14.9,16.700000000000003,16.0,1.0924165416981233
V_1,Tian_1,14.9,16.9,20.0,1.1013250732214035
V_1,Tian_1,14.9,17.1,16.0,1.1148068298497247
V_1,Tian_1,14.9,17.3,20.0,1.125380827700308
V_1,Tian_1,14.9,17.5,16.0,1.1365873794421912
V_1,Tian_1,14.9,17.700000000000003,16.0,1.1365873794421912
V_1,Tian_1,14.9,17.9,12.0,1.147198901466851
V_1,Tian_1,15.1,8.1,0.0,
V_1,Tian_1,15.1,8.3,0.0,
V_1,Tian_1,15.1,8.5,0.0,
V_1,Tian_1,15.1,8.7,0.0,
V_1,Tian_1,15.1,8.9,0.0,
V_1,Tian_1,15.1,9.1,0.0,
V_1,Tian_1,15.1,9.3,0.0,
V_1,Tian_1,15.1,9.5,0.0,
V_1,Tian_1,15.1,9.7,0.0,
V_1,Tian_1,15.1,9.9,0.0,
V_1,Tian_1,15.1,10.1,0.0,
V_1,Tian_1,15.1,10.3,0.0,
V_1,Tian_1,15.1,10.5,0.0,
V_1,Tian_1,15.1,10.7,0.0,
V_1,Tian_1,15.1,10.9,0.0,
V_1,Tian_1,15.1,11.1,0.0,
V_1,Tian_1,15.1,11.3,0.0,
V_1,Tian_1,15.1,11.5,0.0,
V_1,Tian_1,15.1,11.7,0.0,
V_1,Tian_1,15.1,11.9,0.0,
V_1,Tian_1,15.1,12.1,0.0,
V_1,Tian_1,15.1,12.3,0.0,
V_1,Tian_1,15.1,12.5,0.0,
V_1,Tian_1,15.1,12.700000000000001,0.0,
V_1,Tian_1,15.1,12.9,0.0,
V_1,Tian_1,15.1,13.1,0.0,
V_1,Tian_1,15.1,13.3,0.0,
V_1,Tian_1,15.1,13.5,0.0,
V_1,Tian_1,15.1,13.700000000000001,0.0,
V_1,Tian_1,15.1,13.9,1.0,
V_1,Tian_1,15.1,14.1,1.0,
V_1,Tian_1,15.1,14.3,3.0,1.0142944237187483
V_1,Tian_1,15.1,14.5,3.0,1.0142944237187483
V_1,Tian_1,15.1,14.700000000000001,6.0,1.0199369797634041
V_1,Tian_1,15.1,14.9,6.0,1.0199369797634041
V_1,Tian_1,15.1,15.1,10.0,1.0232157138676965
V_1,Tian_1,15.1,15.3,10.0,1.0232157138676965
V_1,Tian_1,15.1,15.5,15.0,1.0263124247001476
V_1,Tian_1,15.1,15.700000000000001,19.0,1.0378290901272145
V_1,Tian_1,15.1,15.9,17.0,1.0410815374729863
V_1,Tian_1,15.1,16.1,22.0,1.0530663086020562
V_1,Tian_1,15.1,16.3,19.0,1.057406325359003
V_1,Tian_1,15.1,16.5,24.0,1.0729506398948814
V_1,Tian_1,15.1,16.700000000000003,20.0,1.0819140048690308
V_1,Tian_1,15.1,16.9,25.0,1.0925459907323296
V_1,Tian_1,15.1,17.1,20.0,1.1075560268241493
V_1,Tian_1,15.1,17.3,25.0,1.1191140239040402
V_1,Tian_1,15.1,17.5,20.0,1.13156337799531
V_1,Tian_1,15.1,17.700000000000003,20.0,1.13156337799531
V_1,Tian_1,15.1,17.9,15.0,1.144146327180116
V_1,Tian_1,15.3,8.1,0.0,
V_1,Tian_1,15.3,8.3,0.0,
V_1,Tian_1,15.3,8.5,0.0,
V_1,Tian_1,15.3,8.7,0.0,
V_1,Tian_1,15.3,8.9,0.0,
V_1,Tian_1,15.3,9.1,0.0,
V_1,Tian_1,15.3,9.3,0.0,
V_1,Tian_1,15.3,9.5,0.0,
V_1,Tian_1,15.3,9.7,0.0,
V_1,Tian_1,15.3,9.9,0.0,
V_1,Tian_1,15.3,10.1,0.0,
V_1,Tian_1,15.3,10.3,0.0,
V_1,Tian_1,15.3,10.5,0.0,
V_1,Tian_1,15.3,10.7,0.0,
V_1,Tian_1,15.3,10.9,0.0,
V_1,Tian_1,15.3,11.1,0.0,
V_1,Tian_1,15.3,11.3,0.0,
V_1,Tian_1,15.3,11.5,0.0,
V_1,Tian_1,15.3,11.7,0.0,
V_1,Tian_1,15.3,11.9,0.0,
V_1,Tian_1,15.3,12.1,0.0,
V_1,Tian_1,15.3,12.3,0.0,
V_1,Tian_1,15.3,12.5,0.0,
V_1,Tian_1,15.3,12.700000000000001,0.0,
V_1,Tian_1,15.3,12.9,0.0,
V_1,Tian_1,15.3,13.1,0.0,
V_1,Tian_1,15.3,13.3,0.0,
V_1,Tian_1,15.3,13.5,0.0,
V_1,Tian_1,15.3,13.700000000000001,0.0,
V_1,Tian_1,15.3,13.9,0.0,
V_1,Tian_1,15.3,14.1,0.0,
V_1,Tian_1,15.3,14.3,1.0,
V_1,Tian_1,15.3,14.5,1.0,
V_1,Tian_1,15.3,14.700000000000001,3.0,1.006545423458318
V_1,Tian_1,15.3,14.9,3.0,1.006545423458318
V_1,Tian_1,15.3,15.1,6.0,1.0113427711152947
V_1,Tian_1,15.3,15.3,6.0,1.0113427711152947
V_1,Tian_1,15.3,15.5,10.0,1.013694550075166
V_1,Tian_1,15.3,15.700000000000001,14.0,1.0273182340620552
V_1,Tian_1,15.3,15.9,13.0,1.0306540943758917
V_1,Tian_1,15.3,16.1,17.0,1.043263031862961
V_1,Tian_1,15.3,16.3,15.0,1.0466524880851709
V_1,Tian_1,15.3,16.5,19.0,1.0638174447296593
V_1,Tian_1,15.3,16.700000000000003,16.0,1.0727569433466697
V_1,Tian_1,15.3,16.9,20.0,1.0847508998444468
V_1,Tian_1,15.3,17.1,16.0,1.1016330701768156
V_1,Tian_1,15.3,17.3,20.0,1.1140910364038368
V_1,Tian_1,15.3,17.5,16.0,1.1272694344974763
V_1,Tian_1,15.3,17.700000000000003,16.0,1.1272694344974763
V_1,Tian_1,15.3,17.9,12.0,1.1416118864313234
V_1,Tian_1,15.5,8.1,0.0,
V_1,Tian_1,15.5,8.3,0.0,
V_1,Tian_1,15.5,8.5,0.0,
V_1,Tian_1,15.5,8.7,0.0,
V_1,Tian_1,15.5,8.9,0.0,
V_1,Tian_1,15.5,9.1,0.0,
V_1,Tian_1,15.5,9.3,0.0,
V_1,Tian_1,15.5,9.5,0.0,
V_1,Tian_1,15.5,9.7,0.0,
V_1,Tian_1,15.5,9.9,0.0,
V_1,Tian_1,15.5,10.1,0.0,
V_1,Tian_1,15.5,10.3,0.0,
V_1,Tian_1,15.5,10.5,0.0,
V_1,Tian_1,15.5,10.7,0.0,
V_1,Tian_1,15.5,10.9,0.0,
V_1,Tian_1,15.5,11.1,0.0,
V_1,Tian_1,15.5,11.3,0.0,
V_1,Tian_1,15.5,11.5,0.0,
V_1,Tian_1,15.5,11.7,0.0,
V_1,Tian_1,15.5,11.9,0.0,
V_1,Tian_1,15.5,12.1,0.0,
V_1,Tian_1,15.5,12.3,0.0,
V_1,Tian_1,15.5,12.5,0.0,
V_1,Tian_1,15.5,12.700000000000001,0.0,
V_1,Tian_1,15.5,12.9,0.0,
V_1,Tian_1,15.5,13.1,0.0,
V_1,Tian_1,15.5,13.3,0.0,
V_1,Tian_1,15.5,13.5,0.0,
V_1,Tian_1,15.5,13.700000000000001,0.0,
V_1,Tian_1,15.5,13.9,0.0,
V_1,Tian_1,15.5,14.1,0.0,
V_1,Tian_1,15.5,14.3,1.0,
V_1,Tian_1,15.5,14.5,1.0,
V_1,Tian_1,15.5,14.700000000000001,3.0,1.006545423458318
V_1,Tian_1,15.5,14.9,3.0,1.006545423458318
V_1,Tian_1,15.5,15.1,6.0,1.0113427711152947
V_1,Tian_1,15.5,15.3,6.0,1.0113427711152947
V_1,Tian_1,15.5,15.5,10.0,1.013694550075166
V_1,Tian_1,15.5,15.700000000000001,15.0,1.025731697085594
V_1,Tian_1,15.5,15.9,14.0,1.0287159575929807
V_1,Tian_1,15.5,16.1,19.0,1.040214042039811
V_1,Tian_1,15.5,16.3,17.0,1.0428460340213903
V_1,Tian_1,15.5,16.5,22.0,1.0601603977621081
V_1,Tian_1,15.5,16.700000000000003,19.0,1.0671109681289246
V_1,Tian_1,15.5,16.9,24.0,1.0792841256995291
V_1,Tian_1,15.5,17.1,20.0,1.0916965071364406
V_1,Tian_1,15.5,17.3,25.0,1.1049443205798246
V_1,Tian_1,15.5,17.5,20.0,1.1187289029481684
V_1,Tian_1,15.5,17.700000000000003,20.0,1.1187289029481684
V_1,Tian_1,15.5,17.9,15.0,1.1341689777672461
V_1,Tian_1,15.700000000000001,8.1,0.0,
V_1,Tian_1,15.700000000000001,8.3,0.0,
V_1,Tian_1,15.700000000000001,8.5,0.0,
V_1,Tian_1,15.700000000000001,8.7,0.0,
V_1,Tian_1,15.700000000000001,8.9,0.0,
V_1,Tian_1,15.700000000000001,9.1,0.0,
V_1,Tian_1,15.700000000000001,9.3,0.0,
V_1,Tian_1,15.700000000000001,9.5,0.0,
V_1,Tian_1,15.700000000000001,9.7,0.0,
V_1,Tian_1,15.700000000000001,9.9,0.0,
V_1,Tian_1,15.700000000000001,10.1,0.0,
V_1,Tian_1,15.700000000000001,10.3,0.0,
V_1,Tian_1,15.700000000000001,10.5,0.0,
V_1,Tian_1,15.700000000000001,10.7,0.0,
V_1,Tian_1,15.700000000000001,10.9,0.0,
V_1,Tian_1,15.700000000000001,11.1,0.0,
V_1,Tian_1,15.700000000000001,11.3,0.0,
V_1,Tian_1,15.700000000000001,11.5,0.0,
V_1,Tian_1,15.700000000000001,11.7,0.0,
V_1,Tian_1,15.700000000000001,11.9,0.0,
V_1,Tian_1,15.700000000000001,12.1,0.0,
V_1,Tian_1,15.700000000000001,12.3,0.0,
V_1,Tian_1,15.700000000000001,12.5,0.0,
V_1,Tian_1,15.700000000000001,12.700000000000001,0.0,
V_1,Tian_1,15.700000000000001,12.9,0.0,
V_1,Tian_1,15.700000000000001,13.1,0.0,
V_1,Tian_1,15.700000000000001,13.3,0.0,
V_1,Tian_1,15.700000000000001,13.5,0.0,
V_1,Tian_1,15.700000000000001,13.700000000000001,0.0,
V_1,Tian_1,15.700000000000001,13.9,0.0,
V_1,Tian_1,15.700000000000001,14.1,0.0,
V_1,Tian_1,15.700000000000001,14.3,0.0,
V_1,Tian_1,15.700000000000001,14.5,0.0,
V_1,Tian_1,15.700000000000001,14.700000000000001,1.0,
V_1,Tian_1,15.700000000000001,14.9,1.0,
V_1,Tian_1,15.700000000000001,15.1,3.0,1.0041780723397586
V_1,Tian_1,15.700000000000001,15.3,3.0,1.0041780723397586
V_1,Tian_1,15.700000000000001,15.5,6.0,1.0060694478087375
V_1,Tian_1,15.700000000000001,15.700000000000001,10.0,1.0192841275155295
V_1,Tian_1,15.700000000000001,15.9,10.0,1.0192841275155295
V_1,Tian_1,15.700000000000001,16.1,15.0,1.0295175760920354
V_1,Tian_1,15.700000000000001,16.3,14.0,1.0310572741010255
V_1,Tian_1,15.700000000000001,16.5,19.0,1.0479086910091844
V_1,Tian_1,15.700000000000001,16.700000000000003,17.0,1.0532760421247882
V_1,Tian_1,15.700000000000001,16.9,22.0,1.0663895241504768
V_1,Tian_1,15.700000000000001,17.1,19.0,1.0756151084988073
V_1,Tian_1,15.700000000000001,17.3,24.0,1.0903319390477912
V_1,Tian_1,15.700000000000001,17.5,20.0,1.1005770974422056
V_1,Tian_1,15.700000000000001,17.700000000000003,20.0,1.1005770974422056
V_1,Tian_1,15.700000000000001,17.9,15.0,1.117441305507925
V_1,Tian_1,15.9,8.1,0.0,
V_1,Tian_1,15.9,8.3,0.0,
V_1,Tian_1,15.9,8.5,0.0,
V_1,Tian_1,15.9,8.7,0.0,
V_1,Tian_1,15.9,8.9,0.0,
V_1,Tian_1,15.9,9.1,0.0,
V_1,Tian_1,15.9,9.3,0.0,
V_1,Tian_1,15.9,9.5,0.0,
V_1,Tian_1,15.9,9.7,0.0,
V_1,Tian_1,15.9,9.9,0.0,
V_1,Tian_1,15.9,10.1,0.0,
V_1,Tian_1,15.9,10.3,0.0,
V_1,Tian_1,15.9,10.5,0.0,
V_1,Tian_1,15.9,10.7,0.0,
V_1,Tian_1,15.9,10.9,0.0,
V_1,Tian_1,15.9,11.1,0.0,
V_1,Tian_1,15.9,11.3,0.0,
V_1,Tian_1,15.9,11.5,0.0,
V_1,Tian_1,15.9,11.7,0.0,
V_1,Tian_1,15.9,11.9,0.0,
V_1,Tian_1,15.9,12.1,0.0,
V_1,Tian_1,15.9,12.3,0.0,
V_1,Tian_1,15.9,12.5,0.0,
V_1,Tian_1,15.9,12.700000000000001,0.0,
V_1,Tian_1,15.9,12.9,0.0,
V_1,Tian_1,15.9,13.1,0.0,
V_1,Tian_1,15.9,13.3,0.0,
V_1,Tian_1,15.9,13.5,0.0,
V_1,Tian_1,15.9,13.700000000000001,0.0,
V_1,Tian_1,15.9,13.9,0.0,
V_1,Tian_1,15.9,14.1,0.0,
V_1,Tian_1,15.9,14.3,0.0,
V_1,Tian_1,15.9,14.5,0.0,
V_1,Tian_1,15.9,14.700000000000001,0.0,
V_1,Tian_1,15.9,14.9,0.0,
V_1,Tian_1,15.9,15.1,1.0,
V_1,Tian_1,15.9,15.3,1.0,
V_1,Tian_1,15.9,15.5,3.0,0.9844319838683946
V_1,Tian_1,15.9,15.700000000000001,6.0,1.005241071196653
V_1,Tian_1,15.9,15.9,6.0,1.005241071196653
V_1,Tian_1,15.9,16.1,10.0,1.0181226370017895
V_1,Tian_1,15.9,16.3,10.0,1.0181226370017895
V_1,Tian_1,15.9,16.5,14.0,1.0363758362843372
V_1,Tian_1,15.9,16.700000000000003,13.0,1.0407982654139467
V_1,Tian_1,15.9,16.9,17.0,1.0551626369335558
V_1,Tian_1,15.9,17.1,15.0,1.0642235422576456
V_1,Tian_1,15.9,17.3,19.0,1.07985812333991
V_1,Tian_1,15.9,17.5,16.0,1.0899471167427226
V_1,Tian_1,15.9,17.700000000000003,16.0,1.0899471167427226
V_1,Tian_1,15.9,17.9,12.0,1.1074478270871315
V_1,Tian_1,16.1,8.1,0.0,
V_1,Tian_1,16.1,8.3,0.0,
V_1,Tian_1,16.1,8.5,0.0,
V_1,Tian_1,16.1,8.7,0.0,
V_1,Tian_1,16.1,8.9,0.0,
V_1,Tian_1,16.1,9.1,0.0,
V_1,Tian_1,16.1,9.3,0.0,
V_1,Tian_1,16.1,9.5,0.0,
V_1,Tian_1,16.1,9.7,0.0,
V_1,Tian_1,16.1,9.9,0.0,
V_1,Tian_1,16.1,10.1,0.0,
V_1,Tian_1,16.1,10.3,0.0,
V_1,Tian_1,16.1,10.5,0.0,
V_1,Tian_1,16.1,10.7,0.0,
V_1,Tian_1,16.1,10.9,0.0,
V_1,Tian_1,16.1,11.1,0.0,
V_1,Tian_1,16.1,11.3,0.0,
V_1,Tian_1,16.1,11.5,0.0,
V_1,Tian_1,16.1,11.7,0.0,
V_1,Tian_1,16.1,11.9,0.0,
V_1,Tian_1,16.1,12.1,0.0,
V_1,Tian_1,16.1,12.3,0.0,
V_1,Tian_1,16.1,12.5,0.0,
V_1,Tian_1,16.1,12.700000000000001,0.0,
V_1,Tian_1,16.1,12.9,0.0,
V_1,Tian_1,16.1,13.1,0.0,
V_1,Tian_1,16.1,13.3,0.0,
V_1,Tian_1,16.1,13.5,0.0,
V_1,Tian_1,16.1,13.700000000000001,0.0,
V_1,Tian_1,16.1,13.9,0.0,
V_1,Tian_1,16.1,14.1,0.0,
V_1,Tian_1,16.1,14.3,0.0,
V_1,Tian_1,16.1,14.5,0.0,
V_1,Tian_1,16.1,14.700000000000001,0.0,
V_1,Tian_1,16.1,14.9,0.0,
V_1,Tian_1,16.1,15.1,1.0,
V_1,Tian_1,16.1,15.3,1.0,
V_1,Tian_1,16.1,15.5,3.0,0.9844319838683946
V_1,Tian_1,16.1,15.700000000000001,6.0,1.005241071196653
V_1,Tian_1,16.1,15.9,6.0,1.005241071196653
V_1,Tian_1,16.1,16.1,10.0,1.0181226370017895
V_1,Tian_1,16.1,16.3,10.0,1.0181226370017895
V_1,Tian_1,16.1,16.5,15.0,1.0335698660378052
V_1,Tian_1,16.1,16.700000000000003,14.0,1.0374759809262617
V_1,Tian_1,16.1,16.9,19.0,1.0491773373581421
V_1,Tian_1,16.1,17.1,17.0,1.0564681009293488
V_1,Tian_1,16.1,17.3,22.0,1.0720073204983993
V_1,Tian_1,16.1,17.5,19.0,1.0792637144942134
V_1,Tian_1,16.1,17.700000000000003,19.0,1.0792637144942134
V_1,Tian_1,16.1,17.9,15.0,1.0904153755034713
V_1,Tian_1,16.3,8.1,0.0,
V_1,Tian_1,16.3,8.3,0.0,
V_1,Tian_1,16.3,8.5,0.0,
V_1,Tian_1,16.3,8.7,0.0,
V_1,Tian_1,16.3,8.9,0.0,
V_1,Tian_1,16.3,9.1,0.0,
V_1,Tian_1,16.3,9.3,0.0,
V_1,Tian_1,16.3,9.5,0.0,
V_1,Tian_1,16.3,9.7,0.0,
V_1,Tian_1,16.3,9.9,0.0,
V_1,Tian_1,16.3,10.1,0.0,
V_1,Tian_1,16.3,10.3,0.0,
V_1,Tian_1,16.3,10.5,0.0,
V_1,Tian_1,16.3,10.7,0.0,
V_1,Tian_1,16.3,10.9,0.0,
V_1,Tian_1,16.3,11.1,0.0,
V_1,Tian_1,16.3,11.3,0.0,
V_1,Tian_1,16.3,11.5,0.0,
V_1,Tian_1,16.3,11.7,0.0,
V_1,Tian_1,16.3,11.9,0.0,
V_1,Tian_1,16.3,12.1,0.0,
V_1,Tian_1,16.3,12.3,0.0,
V_1,Tian_1,16.3,12.5,0.0,
V_1,Tian_1,16.3,12.700000000000001,0.0,
V_1,Tian_1,16.3,12.9,0.0,
V_1,Tian_1,16.3,13.1,0.0,
V_1,Tian_1,16.3,13.3,0.0,
V_1,Tian_1,16.3,13.5,0.0,
V_1,Tian_1,16.3,13.700000000000001,0.0,
V_1,Tian_1,16.3,13.9,0.0,
V_1,Tian_1,16.3,14.1,0.0,
V_1,Tian_1,16.3,14.3,0.0,
V_1,Tian_1,16.3,14.5,0.0,
V_1,Tian_1,16.3,14.700000000000001,0.0,
V_1,Tian_1,16.3,14.9,0.0,
V_1,Tian_1,16.3,15.1,0.0,
V_1,Tian_1,16.3,15.3,0.0,
V_1,Tian_1,16.3,15.5,1.0,
V_1,Tian_1,16.3,15.700000000000001,3.0,1.0002739263905396
V_1,Tian_1,16.3,15.9,3.0,1.0002739263905396
V_1,Tian_1,16.3,16.1,6.0,1.011603053423146
V_1,Tian_1,16.3,16.3,6.0,1.011603053423146
V_1,Tian_1,16.3,16.5,10.0,1.0285259682189922
V_1,Tian_1,16.3,16.700000000000003,10.0,1.0285259682189922
V_1,Tian_1,16.3,16.9,14.0,1.0411284079851666
V_1,Tian_1,16.3,17.1,13.0,1.0463738974461199
V_1,Tian_1,16.3,17.3,17.0,1.0628946018691903
V_1,Tian_1,16.3,17.5,15.0,1.0694215665064928
V_1,Tian_1,16.3,17.700000000000003,15.0,1.0694215665064928
V_1,Tian_1,16.3,17.9,12.0,1.081043913019178
V_1,Tian_1,16.5,8.1,0.0,
V_1,Tian_1,16.5,8.3,0.0,
V_1,Tian_1,16.5,8.5,0.0,
V_1,Tian_1,16.5,8.7,0.0,
V_1,Tian_1,16.5,8.9,0.0,
V_1,Tian_1,16.5,9.1,0.0,
V_1,Tian_1,16.5,9.3,0.0,
V_1,Tian_1,16.5,9.5,0.0,
V_1,Tian_1,16.5,9.7,0.0,
V_1,Tian_1,16.5,9.9,0.0,
V_1,Tian_1,16.5,10.1,0.0,
V_1,Tian_1,16.5,10.3,0.0,
V_1,Tian_1,16.5,10.5,0.0,
V_1,Tian_1,16.5,10.7,0.0,
V_1,Tian_1,16.5,10.9,0.0,
V_1,Tian_1,16.5,11.1,0.0,
V_1,Tian_1,16.5,11.3,0.0,
V_1,Tian_1,16.5,11.5,0.0,
V_1,Tian_1,16.5,11.7,0.0,
V_1,Tian_1,16.5,11.9,0.0,
V_1,Tian_1,16.5,12.1,0.0,
V_1,Tian_1,16.5,12.3,0.0,
V_1,Tian_1,16.5,12.5,0.0,
V_1,Tian_1,16.5,12.700000000000001,0.0,
V_1,Tian_1,16.5,12.9,0.0,
V_1,Tian_1,16.5,13.1,0.0,
V_1,Tian_1,16.5,13.3,0.0,
V_1,Tian_1,16.5,13.5,0.0,
V_1,Tian_1,16.5,13.700000000000001,0.0,
V_1,Tian_1,16.5,13.9,0.0,
V_1,Tian_1,16.5,14.1,0.0,
V_1,Tian_1,16.5,14.3,0.0,
V_1,Tian_1,16.5,14.5,0.0,
V_1,Tian_1,16.5,14.700000000000001,0.0,
V_1,Tian_1,16.5,14.9,0.0,
V_1,Tian_1,16.5,15.1,0.0,
V_1,Tian_1,16.5,15.3,0.0,
V_1,Tian_1,16.5,15.5,1.0,
V_1,Tian_1,16.5,15.700000000000001,3.0,1.0002739263905396
V_1,Tian_1,16.5,15.9,3.0,1.0002739263905396
V_1,Tian_1,16.5,16.1,6.0,1.011603053423146
V_1,Tian_1,16.5,16.3,6.0,1.011603053423146
V_1,Tian_1,16.5,16.5,10.0,1.0285259682189922
V_1,Tian_1,16.5,16.700000000000003,10.0,1.0285259682189922
V_1,Tian_1,16.5,16.9,15.0,1.036116840228828
V_1,Tian_1,16.5,17.1,14.0,1.040629682745689
V_1,Tian_1,16.5,17.3,19.0,1.05478615089091
V_1,Tian_1,16.5,17.5,17.0,1.0595913019263794
V_1,Tian_1,16.5,17.700000000000003,17.0,1.0595913019263794
V_1,Tian_1,16.5,17.9,14.0,1.0674468279557996
V_1,Tian_1,16.700000000000003,8.1,0.0,
V_1,Tian_1,16.700000000000003,8.3,0.0,
V_1,Tian_1,16.700000000000003,8.5,0.0,
V_1,Tian_1,16.700000000000003,8.7,0.0,
V_1,Tian_1,16.700000000000003,8.9,0.0,
V_1,Tian_1,16.700000000000003,9.1,0.0,
V_1,Tian_1,16.700000000000003,9.3,0.0,
V_1,Tian_1,16.700000000000003,9.5,0.0,
V_1,Tian_1,16.700000000000003,9.7,0.0,
V_1,Tian_1,16.700000000000003,9.9,0.0,
V_1,Tian_1,16.700000000000003,10.1,0.0,
V_1,Tian_1,16.700000000000003,10.3,0.0,
V_1,Tian_1,16.700000000000003,10.5,0.0,
V_1,Tian_1,16.700000000000003,10.7,0.0,
V_1,Tian_1,16.700000000000003,10.9,0.0,
V_1,Tian_1,16.700000000000003,11.1,0.0,
V_1,Tian_1,16.700000000000003,11.3,0.0,
V_1,Tian_1,16.700000000000003,11.5,0.0,
V_1,Tian_1,16.700000000000003,11.7,0.0,
V_1,Tian_1,16.700000000000003,11.9,0.0,
V_1,Tian_1,16.700000000000003,12.1,0.0,
V_1,Tian_1,16.700000000000003,12.3,0.0,
V_1,Tian_1,16.700000000000003,12.5,0.0,
V_1,Tian_1,16.700000000000003,12.700000000000001,0.0,
V_1,Tian_1,16.700000000000003,12.9,0.0,
V_1,Tian_1,16.700000000000003,13.1,0.0,
V_1,Tian_1,16.700000000000003,13.3,0.0,
V_1,Tian_1,16.700000000000003,13.5,0.0,
V_1,Tian_1,16.700000000000003,13.700000000000001,0.0,
V_1,Tian_1,16.700000000000003,13.9,0.0,
V_1,Tian_1,16.700000000000003,14.1,0.0,
V_1,Tian_1,16.700000000000003,14.3,0.0,
V_1,Tian_1,16.700000000000003,14.5,0.0,
V_1,Tian_1,16.700000000000003,14.700000000000001,0.0,
V_1,Tian_1,16.700000000000003,14.9,0.0,
V_1,Tian_1,16.700000000000003,15.1,0.0,
V_1,Tian_1,16.700000000000003,15.3,0.0,
V_1,Tian_1,16.700000000000003,15.5,0.0,
V_1,Tian_1,16.700000000000003,15.700000000000001,1.0,
V_1,Tian_1,16.700000000000003,15.9,1.0,
V_1,Tian_1,16.700000000000003,16.1,3.0,1.0074184406835915
V_1,Tian_1,16.700000000000003,16.3,3.0,1.0074184406835915
V_1,Tian_1,16.700000000000003,16.5,6.0,1.0209407086632138
V_1,Tian_1,16.700000000000003,16.700000000000003,6.0,1.0209407086632138
V_1,Tian_1,16.700000000000003,16.9,10.0,1.0254604299552255
V_1,Tian_1,16.700000000000003,17.1,10.0,1.0254604299552255
V_1,Tian_1,16.700000000000003,17.3,14.0,1.040764487380889
V_1,Tian_1,16.700000000000003,17.5,13.0,1.043629434147485
V_1,Tian_1,16.700000000000003,17.700000000000003,13.0,1.043629434147485
V_1,Tian_1,16.700000000000003,17.9,11.0,1.0498588637528792
V_1,Tian_1,16.9,8.1,0.0,
V_1,Tian_1,16.9,8.3,0.0,
V_1,Tian_1,16.9,8.5,0.0,
V_1,Tian_1,16.9,8.7,0.0,
V_1,Tian_1,16.9,8.9,0.0,
V_1,Tian_1,16.9,9.1,0.0,
V_1,Tian_1,16.9,9.3,0.0,
V_1,Tian_1,16.9,9.5,0.0,
V_1,Tian_1,16.9,9.7,0.0,
V_1,Tian_1,16.9,9.9,0.0,
V_1,Tian_1,16.9,10.1,0.0,
V_1,Tian_1,16.9,10.3,0.0,
V_1,Tian_1,16.9,10.5,0.0,
V_1,Tian_1,16.9,10.7,0.0,
V_1,Tian_1,16.9,10.9,0.0,
V_1,Tian_1,16.9,11.1,0.0,
V_1,Tian_1,16.9,11.3,0.0,
V_1,Tian_1,16.9,11.5,0.0,
V_1,Tian_1,16.9,11.7,0.0,
V_1,Tian_1,16.9,11.9,0.0,
V_1,Tian_1,16.9,12.1,0.0,
V_1,Tian_1,16.9,12.3,0.0,
V_1,Tian_1,16.9,12.5,0.0,
V_1,Tian_1,16.9,12.700000000000001,0.0,
V_1,Tian_1,16.9,12.9,0.0,
V_1,Tian_1,16.9,13.1,0.0,
V_1,Tian_1,16.9,13.3,0.0,
V_1,Tian_1,16.9,13.5,0.0,
V_1,Tian_1,16.9,13.700000000000001,0.0,
V_1,Tian_1,16.9,13.9,0.0,
V_1,Tian_1,16.9,14.1,0.0,
V_1,Tian_1,16.9,14.3,0.0,
V_1,Tian_1,16.9,14.5,0.0,
V_1,Tian_1,16.9,14.700000000000001,0.0,
V_1,Tian_1,16.9,14.9,0.0,
V_1,Tian_1,16.9,15.1,0.0,
V_1,Tian_1,16.9,15.3,0.0,
V_1,Tian_1,16.9,15.5,0.0,
V_1,Tian_1,16.9,15.700000000000001,1.0,
V_1,Tian_1,16.9,15.9,1.0,
V_1,Tian_1,16.9,16.1,3.0,1.0074184406835915
V_1,Tian_1,16.9,16.3,3.0,1.0074184406835915
V_1,Tian_1,16.9,16.5,6.0,1.0209407086632138
V_1,Tian_1,16.9,16.700000000000003,6.0,1.0209407086632138
V_1,Tian_1,16.9,16.9,10.0,1.0254604299552255
V_1,Tian_1,16.9,17.1,10.0,1.0254604299552255
V_1,Tian_1,16.9,17.3,15.0,1.0376771877379873
V_1,Tian_1,16.9,17.5,14.0,1.0401169740467622
V_1,Tian_1,16.9,17.700000000000003,14.0,1.0401169740467622
V_1,Tian_1,16.9,17.9,12.0,1.0452418745015863
V_1,Tian_1,17.1,8.1,0.0,
V_1,Tian_1,17.1,8.3,0.0,
V_1,Tian_1,17.1,8.5,0.0,
V_1,Tian_1,17.1,8.7,0.0,
V_1,Tian_1,17.1,8.9,0.0,
V_1,Tian_1,17.1,9.1,0.0,
V_1,Tian_1,17.1,9.3,0.0,
V_1,Tian_1,17.1,9.5,0.0,
V_1,Tian_1,17.1,9.7,0.0,
V_1,Tian_1,17.1,9.9,0.0,
V_1,Tian_1,17.1,10.1,0.0,
V_1,Tian_1,17.1,10.3,0.0,
V_1,Tian_1,17.1,10.5,0.0,
V_1,Tian_1,17.1,10.7,0.0,
V_1,Tian_1,17.1,10.9,0.0,
V_1,Tian_1,17.1,11.1,0.0,
V_1,Tian_1,17.1,11.3,0.0,
V_1,Tian_1,17.1,11.5,0.0,
V_1,Tian_1,17.1,11.7,0.0,
V_1,Tian_1,17.1,11.9,0.0,
V_1,Tian_1,17.1,12.1,0.0,
V_1,Tian_1,17.1,12.3,0.0,
V_1,Tian_1,17.1,12.5,0.0,
V_1,Tian_1,17.1,12.700000000000001,0.0,
V_1,Tian_1,17.1,12.9,0.0,
V_1,Tian_1,17.1,13.1,0.0,
V_1,Tian_1,17.1,13.3,0.0,
V_1,Tian_1,17.1,13.5,0.0,
V_1,Tian_1,17.1,13.700000000000001,0.0,
V_1,Tian_1,17.1,13.9,0.0,
V_1,Tian_1,17.1,14.1,0.0,
V_1,Tian_1,17.1,14.3,0.0,
V_1,Tian_1,17.1,14.5,0.0,
V_1,Tian_1,17.1,14.700000000000001,0.0,
V_1,Tian_1,17.1,14.9,0.0,
V_1,Tian_1,17.1,15.1,0.0,
V_1,Tian_1,17.1,15.3,0.0,
V_1,Tian_1,17.1,15.5,0.0,
V_1,Tian_1,17.1,15.700000000000001,0.0,
V_1,Tian_1,17.1,15.9,0.0,
V_1,Tian_1,17.1,16.1,1.0,
V_1,Tian_1,17.1,16.3,1.0,
V_1,Tian_1,17.1,16.5,3.0,1.0048823170254775
V_1,Tian_1,17.1,16.700000000000003,3.0,1.0048823170254775
V_1,Tian_1,17.1,16.9,6.0,1.0078005466087494
V_1,Tian_1,17.1,17.1,6.0,1.0078005466087494
V_1,Tian_1,17.1,17.3,10.0,1.0223370529650928
V_1,Tian_1,17.1,17.5,10.0,1.0223370529650928
V_1,Tian_1,17.1,17.700000000000003,10.0,1.0223370529650928
V_1,Tian_1,17.1,17.9,9.0,1.025523384965136
V_1,Tian_1,17.3,8.1,0.0,
V_1,Tian_1,17.3,8.3,0.0,
V_1,Tian_1,17.3,8.5,0.0,
V_1,Tian_1,17.3,8.7,0.0,
V_1,Tian_1,17.3,8.9,0.0,
V_1,Tian_1,17.3,9.1,0.0,
V_1,Tian_1,17.3,9.3,0.0,
V_1,Tian_1,17.3,9.5,0.0,
V_1,Tian_1,17.3,9.7,0.0,
V_1,Tian_1,17.3,9.9,0.0,
V_1,Tian_1,17.3,10.1,0.0,
V_1,Tian_1,17.3,10.3,0.0,
V_1,Tian_1,17.3,10.5,0.0,
V_1,Tian_1,17.3,10.7,0.0,
V_1,Tian_1,17.3,10.9,0.0,
V_1,Tian_1,17.3,11.1,0.0,
V_1,Tian_1,17.3,11.3,0.0,
V_1,Tian_1,17.3,11.5,0.0,
V_1,Tian_1,17.3,11.7,0.0,
V_1,Tian_1,17.3,11.9,0.0,
V_1,Tian_1,17.3,12.1,0.0,
V_1,Tian_1,17.3,12.3,0.0,
V_1,Tian_1,17.3,12.5,0.0,
V_1,Tian_1,17.3,12.700000000000001,0.0,
V_1,Tian_1,17.3,12.9,0.0,
V_1,Tian_1,17.3,13.1,0.0,
V_1,Tian_1,17.3,13.3,0.0,
V_1,Tian_1,17.3,13.5,0.0,
V_1,Tian_1,17.3,13.700000000000001,0.0,
V_1,Tian_1,17.3,13.9,0.0,
V_1,Tian_1,17.3,14.1,0.0,
V_1,Tian_1,17.3,14.3,0.0,
V_1,Tian_1,17.3,14.5,0.0,
V_1,Tian_1,17.3,14.700000000000001,0.0,
V_1,Tian_1,17.3,14.9,0.0,
V_1,Tian_1,17.3,15.1,0.0,
V_1,Tian_1,17.3,15.3,0.0,
V_1,Tian_1,17.3,15.5,0.0,
V_1,Tian_1,17.3,15.700000000000001,0.0,
V_1,Tian_1,17.3,15.9,0.0,
V_1,Tian_1,17.3,16.1,1.0,
V_1,Tian_1,17.3,16.3,1.0,
V_1,Tian_1,17.3,16.5,3.0,1.0048823170254775
V_1,Tian_1,17.3,16.700000000000003,3.0,1.0048823170254775
V_1,Tian_1,17.3,16.9,6.0,1.0078005466087494
V_1,Tian_1,17.3,17.1,6.0,1.0078005466087494
V_1,Tian_1,17.3,17.3,10.0,1.0223370529650928
V_1,Tian_1,17.3,17.5,10.0,1.0223370529650928
V_1,Tian_1,17.3,17.700000000000003,10.0,1.0223370529650928
V_1,Tian_1,17.3,17.9,9.0,1.025523384965136
V_1,Tian_1,17.5,8.1,0.0,
V_1,Tian_1,17.5,8.3,0.0,
V_1,Tian_1,17.5,8.5,0.0,
V_1,Tian_1,17.5,8.7,0.0,
V_1,Tian_1,17.5,8.9,0.0,
V_1,Tian_1,17.5,9.1,0.0,
V_1,Tian_1,17.5,9.3,0.0,
V_1,Tian_1,17.5,9.5,0.0,
V_1,Tian_1,17.5,9.7,0.0,
V_1,Tian_1,17.5,9.9,0.0,
V_1,Tian_1,17.5,10.1,0.0,
V_1,Tian_1,17.5,10.3,0.0,
V_1,Tian_1,17.5,10.5,0.0,
V_1,Tian_1,17.5,10.7,0.0,
V_1,Tian_1,17.5,10.9,0.0,
V_1,Tian_1,17.5,11.1,0.0,
V_1,Tian_1,17.5,11.3,0.0,
V_1,Tian_1,17.5,11.5,0.0,
V_1,Tian_1,17.5,11.7,0.0,
V_1,Tian_1,17.5,11.9,0.0,
V_1,Tian_1,17.5,12.1,0.0,
V_1,Tian_1,17.5,12.3,0.0,
V_1,Tian_1,17.5,12.5,0.0,
V_1,Tian_1,17.5,12.700000000000001,0.0,
V_1,Tian_1,17.5,12.9,0.0,
V_1,Tian_1,17.5,13.1,0.0,
V_1,Tian_1,17.5,13.3,0.0,
V_1,Tian_1,17.5,13.5,0.0,
V_1,Tian_1,17.5,13.700000000000001,0.0,
V_1,Tian_1,17.5,13.9,0.0,
V_1,Tian_1,17.5,14.1,0.0,
V_1,Tian_1,17.5,14.3,0.0,
V_1,Tian_1,17.5,14.5,0.0,
V_1,Tian_1,17.5,14.700000000000001,0.0,
V_1,Tian_1,17.5,14.9,0.0,
V_1,Tian_1,17.5,15.1,0.0,
V_1,Tian_1,17.5,15.3,0.0,
V_1,Tian_1,17.5,15.5,0.0,
V_1,Tian_1,17.5,15.700000000000001,0.0,
V_1,Tian_1,17.5,15.9,0.0,
V_1,Tian_1,17.5,16.1,0.0,
V_1,Tian_1,17.5,16.3,0.0,
V_1,Tian_1,17.5,16.5,1.0,
V_1,Tian_1,17.5,16.700000000000003,1.0,
V_1,Tian_1,17.5,16.9,3.0,0.9875198245247785
V_1,Tian_1,17.5,17.1,3.0,0.9875198245247785
V_1,Tian_1,17.5,17.3,6.0,1.005506722565819
V_1,Tian_1,17.5,17.5,6.0,1.005506722565819
V_1,Tian_1,17.5,17.700000000000003,6.0,1.005506722565819
V_1,Tian_1,17.5,17.9,6.0,1.005506722565819
V_1,Tian_1,17.700000000000003,8.1,0.0,
V_1,Tian_1,17.700000000000003,8.3,0.0,
V_1,Tian_1,17.700000000000003,8.5,0.0,
V_1,Tian_1,17.700000000000003,8.7,0.0,
V_1,Tian_1,17.700000000000003,8.9,0.0,
V_1,Tian_1,17.700000000000003,9.1,0.0,
V_1,Tian_1,17.700000000000003,9.3,0.0,
V_1,Tian_1,17.700000000000003,9.5,0.0,
V_1,Tian_1,17.700000000000003,9.7,0.0,
V_1,Tian_1,17.700000000000003,9.9,0.0,
V_1,Tian_1,17.700000000000003,10.1,0.0,
V_1,Tian_1,17.700000000000003,10.3,0.0,
V_1,Tian_1,17.700000000000003,10.5,0.0,
V_1,Tian_1,17.700000000000003,10.7,0.0,
V_1,Tian_1,17.700000000000003,10.9,0.0,
V_1,Tian_1,17.700000000000003,11.1,0.0,
V_1,Tian_1,17.700000000000003,11.3,0.0,
V_1,Tian_1,17.700000000000003,11.5,0.0,
V_1,Tian_1,17.700000000000003,11.7,0.0,
V_1,Tian_1,17.700000000000003,11.9,0.0,
V_1,Tian_1,17.700000000000003,12.1,0.0,
V_1,Tian_1,17.700000000000003,12.3,0.0,
V_1,Tian_1,17.700000000000003,12.5,0.0,
V_1,Tian_1,17.700000000000003,12.700000000000001,0.0,
V_1,Tian_1,17.700000000000003,12.9,0.0,
V_1,Tian_1,17.700000000000003,13.1,0.0,
V_1,Tian_1,17.700000000000003,13.3,0.0,
V_1,Tian_1,17.700000000000003,13.5,0.0,
V_1,Tian_1,17.700000000000003,13.700000000000001,0.0,
V_1,Tian_1,17.700000000000003,13.9,0.0,
V_1,Tian_1,17.700000000000003,14.1,0.0,
V_1,Tian_1,17.700000000000003,14.3,0.0,
V_1,Tian_1,17.700000000000003,14.5,0.0,
V_1,Tian_1,17.700000000000003,14.700000000000001,0.0,
V_1,Tian_1,17.700000000000003,14.9,0.0,
V_1,Tian_1,17.700000000000003,15.1,0.0,
V_1,Tian_1,17.700000000000003,15.3,0.0,
V_1,Tian_1,17.700000000000003,15.5,0.0,
V_1,Tian_1,17.700000000000003,15.700000000000001,0.0,
V_1,Tian_1,17.700000000000003,15.9,0.0,
V_1,Tian_1,17.700000000000003,16.1,0.0,
V_1,Tian_1,17.700000000000003,16.3,0.0,
V_1,Tian_1,17.700000000000003,16.5,1.0,
V_1,Tian_1,17.700000000000003,16.700000000000003,1.0,
V_1,Tian_1,17.700000000000003,16.9,3.0,0.9875198245247785
V_1,Tian_1,17.700000000000003,17.1,3.0,0.9875198245247785
V_1,Tian_1,17.700000000000003,17.3,6.0,1.005506722565819
V_1,Tian_1,17.700000000000003,17.5,6.0,1.005506722565819
V_1,Tian_1,17.700000000000003,17.700000000000003,6.0,1.005506722565819
V_1,Tian_1,17.700000000000003,17.9,6.0,1.005506722565819
V_1,Tian_1,17.9,8.1,0.0,
V_1,Tian_1,17.9,8.3,0.0,
V_1,Tian_1,17.9,8.5,0.0,
V_1,Tian_1,17.9,8.7,0.0,
V_1,Tian_1,17.9,8.9,0.0,
V_1,Tian_1,17.9,9.1,0.0,
V_1,Tian_1,17.9,9.3,0.0,
V_1,Tian_1,17.9,9.5,0.0,
V_1,Tian_1,17.9,9.7,0.0,
V_1,Tian_1,17.9,9.9,0.0,
V_1,Tian_1,17.9,10.1,0.0,
V_1,Tian_1,17.9,10.3,0.0,
V_1,Tian_1,17.9,10.5,0.0,
V_1,Tian_1,17.9,10.7,0.0,
V_1,Tian_1,17.9,10.9,0.0,
V_1,Tian_1,17.9,11.1,0.0,
V_1,Tian_1,17.9,11.3,0.0,
V_1,Tian_1,17.9,11.5,0.0,
V_1,Tian_1,17.9,11.7,0.0,
V_1,Tian_1,17.9,11.9,0.0,
V_1,Tian_1,17.9,12.1,0.0,
V_1,Tian_1,17.9,12.3,0.0,
V_1,Tian_1,17.9,12.5,0.0,
V_1,Tian_1,17.9,12.700000000000001,0.0,
V_1,Tian_1,17.9,12.9,0.0,
V_1,Tian_1,17.9,13.1,0.0,
V_1,Tian_1,17.9,13.3,0.0,
V_1,Tian_1,17.9,13.5,0.0,
V_1,Tian_1,17.9,13.700000000000001,0.0,
V_1,Tian_1,17.9,13.9,0.0,
V_1,Tian_1,17.9,14.1,0.0,
V_1,Tian_1,17.9,14.3,0.0,
V_1,Tian_1,17.9,14.5,0.0,
V_1,Tian_1,17.9,14.700000000000001,0.0,
V_1,Tian_1,17.9,14.9,0.0,
V_1,Tian_1,17.9,15.1,0.0,
V_1,Tian_1,17.9,15.3,0.0,
V_1,Tian_1,17.9,15.5,0.0,
V_1,Tian_1,17.9,15.700000000000001,0.0,
V_1,Tian_1,17.9,15.9,0.0,
V_1,Tian_1,17.9,16.1,0.0,
V_1,Tian_1,17.9,16.3,0.0,
V_1,Tian_1,17.9,16.5,0.0,
V_1,Tian_1,17.9,16.700000000000003,0.0,
V_1,Tian_1,17.9,16.9,1.0,
V_1,Tian_1,17.9,17.1,1.0,
V_1,Tian_1,17.9,17.3,3.0,0.9887278759628079
V_1,Tian_1,17.9,17.5,3.0,0.9887278759628079
V_1,Tian_1,17.9,17.700000000000003,3.0,0.9887278759628079
V_1,Tian_1,17.9,17.9,3.0,0.9887278759628079
V_2,Tian_2,8.1,8.1,3.0,0.015196721950455072
V_2,Tian_2,8.1,8.3,6.0,0.0849431888426312
V_2,Tian_2,8.1,8.5,6.0,0.0849431888426312
V_2,Tian_2,8.1,8.7,9.0,0.12442039176585402
V_2,Tian_2,8.1,8.9,9.0,0.12442039176585402
V_2,Tian_2,8.1,9.1,12.0,0.15427387899492598
V_2,Tian_2,8.1,9.3,11.0,0.1752307440485041
V_2,Tian_2,8.1,9.5,14.0,0.19796815030203702
V_2,Tian_2,8.1,9.7,12.0,0.22080935848189334
V_2,Tian_2,8.1,9.9,15.0,0.23881047088790228
V_2,Tian_2,8.1,10.1,12.0,0.259840674676176
V_2,Tian_2,8.1,10.3,15.0,0.2770695533379198
V_2,Tian_2,8.1,10.5,15.0,0.3089965943334436
V_2,Tian_2,8.1,10.7,12.0,0.3252871577462691
V_2,Tian_2,8.1,10.9,15.0,0.33794955715244257
V_2,Tian_2,8.1,11.1,12.0,0.352102286465972
V_2,Tian_2,8.1,11.3,15.0,0.3617732627156935
V_2,Tian_2,8.1,11.5,12.0,0.3745128482666324
V_2,Tian_2,8.1,11.7,15.0,0.3832271124002646
V_2,Tian_2,8.1,11.9,12.0,0.39253762350410676
V_2,Tian_2,8.1,12.1,15.0,0.39794610838788985
V_2,Tian_2,8.1,12.3,12.0,0.4066801348373826
V_2,Tian_2,8.1,12.5,15.0,0.4117126171496987
V_2,Tian_2,8.1,12.700000000000001,12.0,0.4174909827428393
V_2,Tian_2,8.1,12.9,15.0,0.41884780368088564
V_2,Tian_2,8.1,13.1,15.0,0.42369217451221697
V_2,Tian_2,8.1,13.3,12.0,0.42509417590657295
V_2,Tian_2,8.1,13.5,15.0,0.4232435533922677
V_2,Tian_2,8.1,13.700000000000001,12.0,0.4241594297595792
V_2,Tian_2,8.1,13.9,15.0,0.41942554770816637
V_2,Tian_2,8.1,14.1,12.0,0.4163212980354672
V_2,Tian_2,8.1,14.3,15.0,0.41061382968279203
V_2,Tian_2,8.1,14.5,12.0,0.4071985152452222
V_2,Tian_2,8.1,14.700000000000001,15.0,0.3989127313176683
V_2,Tian_2,8.1,14.9,12.0,0.39247115867927634
V_2,Tian_2,8.1,15.1,15.0,0.3818677986692497
V_2,Tian_2,8.1,15.3,12.0,0.37337448250280053
V_2,Tian_2,8.1,15.5,15.0,0.3618337616110361
V_2,Tian_2,8.1,15.700000000000001,15.0,0.3375231366663682
V_2,Tian_2,8.1,15.9,12.0,0.3249579317649374
V_2,Tian_2,8.1,16.1,15.0,0.3080944746163194
V_2,Tian_2,8.1,16.3,12.0,0.29367569436853613
V_2,Tian_2,8.1,16.5,15.0,0.2734668852838616
V_2,Tian_2,8.1,16.700000000000003,12.0,0.2569700169475413
V_2,Tian_2,8.1,16.9,15.0,0.23818052975009468
V_2,Tian_2,8.1,17.1,12.0,0.21880794267662373
V_2,Tian_2,8.1,17.3,15.0,0.1976519183828029
V_2,Tian_2,8.1,17.5,12.0,0.17733067428370977
V_2,Tian_2,8.1,17.700000000000003,12.0,0.17733067428370977
V_2,Tian_2,8.1,17.9,9.0,0.15622735037099728
V_2,Tian_2,8.3,8.1,3.0,0.015196721950455072
V_2,Tian_2,8.3,8.3,6.0,0.0849431888426312
V_2,Tian_2,8.3,8.5,6.0,0.0849431888426312
V_2,Tian_2,8.3,8.7,10.0,0.1550811041693591
V_2,Tian_2,8.3,8.9,10.0,0.1550811041693591
V_2,Tian_2,8.3,9.1,14.0,0.19599219832676146
V_2,Tian_2,8.3,9.3,13.0,0.21693403178223797
V_2,Tian_2,8.3,9.5,17.0,0.24462515434461285
V_2,Tian_2,8.3,9.7,15.0,0.2691190547608413
V_2,Tian_2,8.3,9.9,19.0,0.289668821094645
V_2,Tian_2,8.3,10.1,16.0,0.3149774145996146
V_2,Tian_2,8.3,10.3,20.0,0.33176112236456495
V_2,Tian_2,8.3,10.5,20.0,0.36362744217364396
V_2,Tian_2,8.3,10.7,16.0,0.3799668192869881
V_2,Tian_2,8.3,10.9,20.0,0.39307401569851363
V_2,Tian_2,8.3,11.1,16.0,0.40768719395505926
V_2,Tian_2,8.3,11.3,20.0,0.41727462867384063
V_2,Tian_2,8.3,11.5,16.0,0.4299106746306986
V_2,Tian_2,8.3,11.7,20.0,0.4388649203422526
V_2,Tian_2,8.3,11.9,16.0,0.4488571620717241
V_2,Tian_2,8.3,12.1,20.0,0.45413634679322296
V_2,Tian_2,8.3,12.3,16.0,0.4627655394403172
V_2,Tian_2,8.3,12.5,20.0,0.46780683327415495
V_2,Tian_2,8.3,12.700000000000001,16.0,0.47338284125653973
V_2,Tian_2,8.3,12.9,20.0,0.47518670524643014
V_2,Tian_2,8.3,13.1,20.0,0.48035716546342117
V_2,Tian_2,8.3,13.3,16.0,0.48177598103215935
V_2,Tian_2,8.3,13.5,20.0,0.48005581774740974
V_2,Tian_2,8.3,13.700000000000001,16.0,0.4812565007644575
V_2,Tian_2,8.3,13.9,20.0,0.47662884175815573
V_2,Tian_2,8.3,14.1,16.0,0.473793050045318
V_2,Tian_2,8.3,14.3,20.0,0.46757475469456117
V_2,Tian_2,8.3,14.5,16.0,0.46386790306670345
V_2,Tian_2,8.3,14.700000000000001,20.0,0.4555503432632114
V_2,Tian_2,8.3,14.9,16.0,0.44906876192053397
V_2,Tian_2,8.3,15.1,20.0,0.43832798359514846
V_2,Tian_2,8.3,15.3,16.0,0.4296161883418328
V_2,Tian_2,8.3,15.5,20.0,0.4176652292198983
V_2,Tian_2,8.3,15.700000000000001,20.0,0.3935846997495267
V_2,Tian_2,8.3,15.9,16.0,0.381305481364025
V_2,Tian_2,8.3,16.1,20.0,0.3646477730427966
V_2,Tian_2,8.3,16.3,16.0,0.350239690291185
V_2,Tian_2,8.3,16.5,20.0,0.3298818131492629
V_2,Tian_2,8.3,16.700000000000003,16.0,0.31351104886317704
V_2,Tian_2,8.3,16.9,20.0,0.29559024644572535
V_2,Tian_2,8.3,17.1,16.0,0.2770224598741166
V_2,Tian_2,8.3,17.3,20.0,0.255983482829084
V_2,Tian_2,8.3,17.5,16.0,0.23555046394108234
V_2,Tian_2,8.3,17.700000000000003,16.0,0.23555046394108234
V_2,Tian_2,8.3,17.9,12.0,0.21472830533548207
V_2,Tian_2,8.5,8.1,3.0,0.015196721950455072
V_2,Tian_2,8.5,8.3,6.0,0.0849431888426312
V_2,Tian_2,8.5,8.5,6.0,0.0849431888426312
V_2,Tian_2,8.5,8.7,10.0,0.1550811041693591
V_2,Tian_2,8.5,8.9,10.0,0.1550811041693591
V_2,Tian_2,8.5,9.1,14.0,0.19599219832676146
V_2,Tian_2,8.5,9.3,13.0,0.21693403178223797
V_2,Tian_2,8.5,9.5,17.0,0.24462515434461285
V_2,Tian_2,8.5,9.7,15.0,0.2691190547608413
V_2,Tian_2,8.5,9.9,19.0,0.289668821094645
V_2,Tian_2,8.5,10.1,16.0,0.3149774145996146
V_2,Tian_2,8.5,10.3,20.0,0.33176112236456495
V_2,Tian_2,8.5,10.5,20.0,0.36362744217364396
V_2,Tian_2,8.5,10.7,16.0,0.3799668192869881
V_2,Tian_2,8.5,10.9,20.0,0.39307401569851363
V_2,Tian_2,8.5,11.1,16.0,0.40768719395505926
V_2,Tian_2,8.5,11.3,20.0,0.41727462867384063
V_2,Tian_2,8.5,11.5,16.0,0.4299106746306986
V_2,Tian_2,8.5,11.7,20.0,0.4388649203422526
V_2,Tian_2,8.5,11.9,16.0,0.4488571620717241
V_2,Tian_2,8.5,12.1,20.0,0.45413634679322296
V_2,Tian_2,8.5,12.3,16.0,0.4627655394403172
V_2,Tian_2,8.5,12.5,20.0,0.46780683327415495
V_2,Tian_2,8.5,12.700000000000001,16.0,0.47338284125653973
V_2,Tian_2,8.5,12.9,20.0,0.47518670524643014
V_2,Tian_2,8.5,13.1,20.0,0.48035716546342117
V_2,Tian_2,8.5,13.3,16.0,0.48177598103215935
V_2,Tian_2,8.5,13.5,20.0,0.48005581774740974
V_2,Tian_2,8.5,13.700000000000001,16.0,0.4812565007644575
V_2,Tian_2,8.5,13.9,20.0,0.47662884175815573
V_2,Tian_2,8.5,14.1,16.0,0.473793050045318
V_2,Tian_2,8.5,14.3,20.0,0.46757475469456117
V_2,Tian_2,8.5,14.5,16.0,0.46386790306670345
V_2,Tian_2,8.5,14.700000000000001,20.0,0.4555503432632114
V_2,Tian_2,8.5,14.9,16.0,0.44906876192053397
V_2,Tian_2,8.5,15.1,20.0,0.43832798359514846
V_2,Tian_2,8.5,15.3,16.0,0.4296161883418328
V_2,Tian_2,8.5,15.5,20.0,0.4176652292198983
V_2,Tian_2,8.5,15.700000000000001,20.0,0.3935846997495267
V_2,Tian_2,8.5,15.9,16.0,0.381305481364025
V_2,Tian_2,8.5,16.1,20.0,0.3646477730427966
V_2,Tian_2,8.5,16.3,16.0,0.350239690291185
V_2,Tian_2,8.5,16.5,20.0,0.3298818131492629
V_2,Tian_2,8.5,16.700000000000003,16.0,0.31351104886317704
V_2,Tian_2,8.5,16.9,20.0,0.29559024644572535
V_2,Tian_2,8.5,17.1,16.0,0.2770224598741166
V_2,Tian_2,8.5,17.3,20.0,0.255983482829084
V_2,Tian_2,8.5,17.5,16.0,0.23555046394108234
V_2,Tian_2,8.5,17.700000000000003,16.0,0.23555046394108234
V_2,Tian_2,8.5,17.9,12.0,0.21472830533548207
V_2,Tian_2,8.7,8.1,3.0,0.015196721950455072
V_2,Tian_2,8.7,8.3,6.0,0.0849431888426312
V_2,Tian_2,8.7,8.5,6.0,0.0849431888426312
V_2,Tian_2,8.7,8.7,10.0,0.1550811041693591
V_2,Tian_2,8.7,8.9,10.0,0.1550811041693591
V_2,Tian_2,8.7,9.1,15.0,0.2183947368347226
V_2,Tian_2,8.7,9.3,14.0,0.2394409063653766
V_2,Tian_2,8.7,9.5,19.0,0.2776006833905655
V_2,Tian_2,8.7,9.7,17.0,0.30309242246911444
V_2,Tian_2,8.7,9.9,22.0,0.3289154829152925
V_2,Tian_2,8.7,10.1,19.0,0.35642482404905335
V_2,Tian_2,8.7,10.3,24.0,0.37536354911852343
V_2,Tian_2,8.7,10.5,25.0,0.41272262660678743
V_2,Tian_2,8.7,10.7,20.0,0.4296477827171219
V_2,Tian_2,8.7,10.9,25.0,0.44276238547835045
V_2,Tian_2,8.7,11.1,20.0,0.4573409670826646
V_2,Tian_2,8.7,11.3,25.0,0.4667836903968899
V_2,Tian_2,8.7,11.5,20.0,0.47930114088803794
V_2,Tian_2,8.7,11.7,25.0,0.48834290670311836
V_2,Tian_2,8.7,11.9,20.0,0.4985959572832706
V_2,Tian_2,8.7,12.1,25.0,0.5038328507750147
V_2,Tian_2,8.7,12.3,20.0,0.512266443720622
V_2,Tian_2,8.7,12.5,25.0,0.517063986842277
V_2,Tian_2,8.7,12.700000000000001,20.0,0.52252478442203
V_2,Tian_2,8.7,12.9,25.0,0.5243692947929447
V_2,Tian_2,8.7,13.1,25.0,0.5294711198175904
V_2,Tian_2,8.7,13.3,20.0,0.5307114072811279
V_2,Tian_2,8.7,13.5,25.0,0.52903676092741
V_2,Tian_2,8.7,13.700000000000001,20.0,0.530100844973765
V_2,Tian_2,8.7,13.9,25.0,0.5259697555134915
V_2,Tian_2,8.7,14.1,20.0,0.5233986545596402
V_2,Tian_2,8.7,14.3,25.0,0.5171723012148217
V_2,Tian_2,8.7,14.5,20.0,0.5135285424493764
V_2,Tian_2,8.7,14.700000000000001,25.0,0.5055468248819757
V_2,Tian_2,8.7,14.9,20.0,0.4994176039082146
V_2,Tian_2,8.7,15.1,25.0,0.48885384760003214
V_2,Tian_2,8.7,15.3,20.0,0.4804827656219053
V_2,Tian_2,8.7,15.5,25.0,0.4687184991733135
V_2,Tian_2,8.7,15.700000000000001,25.0,0.4444767246493463
V_2,Tian_2,8.7,15.9,20.0,0.4325291838527958
V_2,Tian_2,8.7,16.1,25.0,0.4154926206695934
V_2,Tian_2,8.7,16.3,20.0,0.40096078718389866
V_2,Tian_2,8.7,16.5,25.0,0.38156408136276204
V_2,Tian_2,8.7,16.700000000000003,20.0,0.365305396111627
V_2,Tian_2,8.7,16.9,25.0,0.347492158074407
V_2,Tian_2,8.7,17.1,20.0,0.32894983924827215
V_2,Tian_2,8.7,17.3,25.0,0.30868469936618775
V_2,Tian_2,8.7,17.5,20.0,0.28879674294459406
V_2,Tian_2,8.7,17.700000000000003,20.0,0.28879674294459406
V_2,Tian_2,8.7,17.9,15.0,0.2692802012805308
V_2,Tian_2,8.9,8.1,1.0,
V_2,Tian_2,8.9,8.3,3.0,0.183806161360633
V_2,Tian_2,8.9,8.5,3.0,0.183806161360633
V_2,Tian_2,8.9,8.7,6.0,0.2515215305191779
V_2,Tian_2,8.9,8.9,6.0,0.2515215305191779
V_2,Tian_2,8.9,9.1,10.0,0.31081643413470406
V_2,Tian_2,8.9,9.3,10.0,0.31081643413470406
V_2,Tian_2,8.9,9.5,14.0,0.3476189582533342
V_2,Tian_2,8.9,9.7,13.0,0.3645983720210844
V_2,Tian_2,8.9,9.9,17.0,0.39046121794578126
V_2,Tian_2,8.9,10.1,15.0,0.41422058668459766
V_2,Tian_2,8.9,10.3,19.0,0.43291170153107106
V_2,Tian_2,8.9,10.5,20.0,0.46894054032914767
V_2,Tian_2,8.9,10.7,16.0,0.4862359780219362
V_2,Tian_2,8.9,10.9,20.0,0.49953056521050787
V_2,Tian_2,8.9,11.1,16.0,0.5145068893756575
V_2,Tian_2,8.9,11.3,20.0,0.5239090155721936
V_2,Tian_2,8.9,11.5,16.0,0.5362574026649803
V_2,Tian_2,8.9,11.7,20.0,0.5455599773198464
V_2,Tian_2,8.9,11.9,16.0,0.5561991260984712
V_2,Tian_2,8.9,12.1,20.0,0.5612675904860014
V_2,Tian_2,8.9,12.3,16.0,0.5696345395746409
V_2,Tian_2,8.9,12.5,20.0,0.5743168722609788
V_2,Tian_2,8.9,12.700000000000001,16.0,0.5797188618350249
V_2,Tian_2,8.9,12.9,20.0,0.5815922325977015
V_2,Tian_2,8.9,13.1,20.0,0.5865805300427875
V_2,Tian_2,8.9,13.3,16.0,0.5875330935686567
V_2,Tian_2,8.9,13.5,20.0,0.5860772573872578
V_2,Tian_2,8.9,13.700000000000001,16.0,0.5872112097250417
V_2,Tian_2,8.9,13.9,20.0,0.5833448109365935
V_2,Tian_2,8.9,14.1,16.0,0.5809194629191593
V_2,Tian_2,8.9,14.3,20.0,0.5746732651942301
V_2,Tian_2,8.9,14.5,16.0,0.5710701525806854
V_2,Tian_2,8.9,14.700000000000001,20.0,0.5634407950335565
V_2,Tian_2,8.9,14.9,16.0,0.5576862418960038
V_2,Tian_2,8.9,15.1,20.0,0.5468932088147461
V_2,Tian_2,8.9,15.3,16.0,0.5385530328530173
V_2,Tian_2,8.9,15.5,20.0,0.5269052266219332
V_2,Tian_2,8.9,15.700000000000001,20.0,0.502676420310971
V_2,Tian_2,8.9,15.9,16.0,0.4909234068150856
V_2,Tian_2,8.9,16.1,20.0,0.4735135651828311
V_2,Tian_2,8.9,16.3,16.0,0.45866111526727865
V_2,Tian_2,8.9,16.5,20.0,0.4399828339311337
V_2,Tian_2,8.9,16.700000000000003,16.0,0.4240482732914883
V_2,Tian_2,8.9,16.9,20.0,0.40603004026986944
V_2,Tian_2,8.9,17.1,16.0,0.38745904991293767
V_2,Tian_2,8.9,17.3,20.0,0.36760485866055415
V_2,Tian_2,8.9,17.5,16.0,0.3478222772686952
V_2,Tian_2,8.9,17.700000000000003,16.0,0.3478222772686952
V_2,Tian_2,8.9,17.9,12.0,0.32913830347365586
V_2,Tian_2,9.1,8.1,1.0,
V_2,Tian_2,9.1,8.3,3.0,0.183806161360633
V_2,Tian_2,9.1,8.5,3.0,0.183806161360633
V_2,Tian_2,9.1,8.7,6.0,0.2515215305191779
V_2,Tian_2,9.1,8.9,6.0,0.2515215305191779
V_2,Tian_2,9.1,9.1,10.0,0.31081643413470406
V_2,Tian_2,9.1,9.3,10.0,0.31081643413470406
V_2,Tian_2,9.1,9.5,15.0,0.3695268276010046
V_2,Tian_2,9.1,9.7,14.0,0.38685827391017774
V_2,Tian_2,9.1,9.9,19.0,0.42204819415114586
V_2,Tian_2,9.1,10.1,17.0,0.44672845788602666
V_2,Tian_2,9.1,10.3,22.0,0.4695677456877016
V_2,Tian_2,9.1,10.5,24.0,0.5097684283815214
V_2,Tian_2,9.1,10.7,20.0,0.5317703561462269
V_2,Tian_2,9.1,10.9,25.0,0.54471638033446
V_2,Tian_2,9.1,11.1,20.0,0.5591585717846737
V_2,Tian_2,9.1,11.3,25.0,0.5687636205377946
V_2,Tian_2,9.1,11.5,20.0,0.5808095329657791
V_2,Tian_2,9.1,11.7,25.0,0.5904775197284504
V_2,Tian_2,9.1,11.9,20.0,0.6012915686072138
V_2,Tian_2,9.1,12.1,25.0,0.6069409522109198
V_2,Tian_2,9.1,12.3,20.0,0.6155930615106374
V_2,Tian_2,9.1,12.5,25.0,0.6204555182345082
V_2,Tian_2,9.1,12.700000000000001,20.0,0.6264442785212871
V_2,Tian_2,9.1,12.9,25.0,0.6284926249793219
V_2,Tian_2,9.1,13.1,25.0,0.6338349639426704
V_2,Tian_2,9.1,13.3,20.0,0.635006338233554
V_2,Tian_2,9.1,13.5,25.0,0.6331069213003245
V_2,Tian_2,9.1,13.700000000000001,20.0,0.6339990299689697
V_2,Tian_2,9.1,13.9,25.0,0.6301245727506545
V_2,Tian_2,9.1,14.1,20.0,0.6276793796558201
V_2,Tian_2,9.1,14.3,25.0,0.6212672214923465
V_2,Tian_2,9.1,14.5,20.0,0.6174125241625676
V_2,Tian_2,9.1,14.700000000000001,25.0,0.6099601884931842
V_2,Tian_2,9.1,14.9,20.0,0.6039763580247248
V_2,Tian_2,9.1,15.1,25.0,0.5936748842501636
V_2,Tian_2,9.1,15.3,20.0,0.5857162919208527
V_2,Tian_2,9.1,15.5,25.0,0.5735225551952101
V_2,Tian_2,9.1,15.700000000000001,25.0,0.5495755133423932
V_2,Tian_2,9.1,15.9,20.0,0.5380647444683787
V_2,Tian_2,9.1,16.1,25.0,0.5210306967630723
V_2,Tian_2,9.1,16.3,20.0,0.5062506594999281
V_2,Tian_2,9.1,16.5,25.0,0.4883828483674937
V_2,Tian_2,9.1,16.700000000000003,20.0,0.47236131317138763
V_2,Tian_2,9.1,16.9,25.0,0.4554278557061449
V_2,Tian_2,9.1,17.1,20.0,0.43809791755952154
V_2,Tian_2,9.1,17.3,25.0,0.41880912055582725
V_2,Tian_2,9.1,17.5,20.0,0.3997885170414569
V_2,Tian_2,9.1,17.700000000000003,20.0,0.3997885170414569
V_2,Tian_2,9.1,17.9,15.0,0.382086520741327
V_2,Tian_2,9.3,8.1,0.0,
V_2,Tian_2,9.3,8.3,1.0,
V_2,Tian_2,9.3,8.5,1.0,
V_2,Tian_2,9.3,8.7,3.0,0.33638391358958236
V_2,Tian_2,9.3,8.9,3.0,0.33638391358958236
V_2,Tian_2,9.3,9.1,6.0,0.39338614590222204
V_2,Tian_2,9.3,9.3,6.0,0.39338614590222204
V_2,Tian_2,9.3,9.5,10.0,0.4510395912034424
V_2,Tian_2,9.3,9.7,10.0,0.4510395912034424
V_2,Tian_2,9.3,9.9,14.0,0.4853477737594923
V_2,Tian_2,9.3,10.1,13.0,0.5028856734626957
V_2,Tian_2,9.3,10.3,17.0,0.5243994427832103
V_2,Tian_2,9.3,10.5,19.0,0.5603829970465686
V_2,Tian_2,9.3,10.7,16.0,0.5810069880775137
V_2,Tian_2,9.3,10.9,20.0,0.5937968649795523
V_2,Tian_2,9.3,11.1,16.0,0.6078661414356223
V_2,Tian_2,9.3,11.3,20.0,0.6173832966035154
V_2,Tian_2,9.3,11.5,16.0,0.6289495632169901
V_2,Tian_2,9.3,11.7,20.0,0.6389396265123062
V_2,Tian_2,9.3,11.9,16.0,0.6500947348716621
V_2,Tian_2,9.3,12.1,20.0,0.6560292786755509
V_2,Tian_2,9.3,12.3,16.0,0.664768905861868
V_2,Tian_2,9.3,12.5,20.0,0.6697293254610683
V_2,Tian_2,9.3,12.700000000000001,16.0,0.6759225636794086
V_2,Tian_2,9.3,12.9,20.0,0.6782794344021779
V_2,Tian_2,9.3,13.1,20.0,0.6838648511820659
V_2,Tian_2,9.3,13.3,16.0,0.6851060940541899
V_2,Tian_2,9.3,13.5,20.0,0.6829648337024097
V_2,Tian_2,9.3,13.700000000000001,16.0,0.6837641786552359
V_2,Tian_2,9.3,13.9,20.0,0.6799528143429131
V_2,Tian_2,9.3,14.1,16.0,0.6775482669641741
V_2,Tian_2,9.3,14.3,20.0,0.670884523997305
V_2,Tian_2,9.3,14.5,16.0,0.6666789256733177
V_2,Tian_2,9.3,14.700000000000001,20.0,0.6595673028084528
V_2,Tian_2,9.3,14.9,16.0,0.6536143782169337
V_2,Tian_2,9.3,15.1,20.0,0.6436944877261458
V_2,Tian_2,9.3,15.3,16.0,0.63601816158386
V_2,Tian_2,9.3,15.5,20.0,0.6232123525596636
V_2,Tian_2,9.3,15.700000000000001,20.0,0.5997557274509413
V_2,Tian_2,9.3,15.9,16.0,0.5886372712812193
V_2,Tian_2,9.3,16.1,20.0,0.571535870071491
V_2,Tian_2,9.3,16.3,16.0,0.5566396347521154
V_2,Tian_2,9.3,16.5,20.0,0.539771183246821
V_2,Tian_2,9.3,16.700000000000003,16.0,0.5237102476177774
V_2,Tian_2,9.3,16.9,20.0,0.5079105522316236
V_2,Tian_2,9.3,17.1,16.0,0.49189091117381006
V_2,Tian_2,9.3,17.3,20.0,0.47271257284046014
V_2,Tian_2,9.3,17.5,16.0,0.4540346581630722
V_2,Tian_2,9.3,17.700000000000003,16.0,0.4540346581630722
V_2,Tian_2,9.3,17.9,12.0,0.43766945580657063
V_2,Tian_2,9.5,8.1,0.0,
V_2,Tian_2,9.5,8.3,1.0,
V_2,Tian_2,9.5,8.5,1.0,
V_2,Tian_2,9.5,8.7,3.0,0.33638391358958236
V_2,Tian_2,9.5,8.9,3.0,0.33638391358958236
V_2,Tian_2,9.5,9.1,6.0,0.39338614590222204
V_2,Tian_2,9.5,9.3,6.0,0.39338614590222204
V_2,Tian_2,9.5,9.5,10.0,0.4510395912034424
V_2,Tian_2,9.5,9.7,10.0,0.4510395912034424
V_2,Tian_2,9.5,9.9,15.0,0.5028428553671612
V_2,Tian_2,9.5,10.1,14.0,0.5203776966349694
V_2,Tian_2,9.5,10.3,19.0,0.5504298374410282
V_2,Tian_2,9.5,10.5,22.0,0.591248137783533
V_2,Tian_2,9.5,10.7,19.0,0.6134891524522706
V_2,Tian_2,9.5,10.9,24.0,0.6281416240069478
V_2,Tian_2,9.5,11.1,20.0,0.646265996977283
V_2,Tian_2,9.5,11.3,25.0,0.6561485643423217
V_2,Tian_2,9.5,11.5,20.0,0.6685733595042523
V_2,Tian_2,9.5,11.7,25.0,0.678005847564525
V_2,Tian_2,9.5,11.9,20.0,0.6888633515311581
V_2,Tian_2,9.5,12.1,25.0,0.6946239609045167
V_2,Tian_2,9.5,12.3,20.0,0.7032255119801916
V_2,Tian_2,9.5,12.5,25.0,0.7079227721408523
V_2,Tian_2,9.5,12.700000000000001,20.0,0.7139482111973847
V_2,Tian_2,9.5,12.9,25.0,0.716243308841992
V_2,Tian_2,9.5,13.1,25.0,0.72175953463512
V_2,Tian_2,9.5,13.3,20.0,0.723265468342496
V_2,Tian_2,9.5,13.5,25.0,0.7211161496240408
V_2,Tian_2,9.5,13.700000000000001,20.0,0.7219785874305629
V_2,Tian_2,9.5,13.9,25.0,0.7185030658947308
V_2,Tian_2,9.5,14.1,20.0,0.7164508791725397
V_2,Tian_2,9.5,14.3,25.0,0.7099641574820041
V_2,Tian_2,9.5,14.5,20.0,0.7060992719973999
V_2,Tian_2,9.5,14.700000000000001,25.0,0.6984808909441191
V_2,Tian_2,9.5,14.9,20.0,0.6922861229881198
V_2,Tian_2,9.5,15.1,25.0,0.6824361023877905
V_2,Tian_2,9.5,15.3,20.0,0.6749154092971832
V_2,Tian_2,9.5,15.5,25.0,0.662559301412451
V_2,Tian_2,9.5,15.700000000000001,25.0,0.6390086307681205
V_2,Tian_2,9.5,15.9,20.0,0.627756470780185
V_2,Tian_2,9.5,16.1,25.0,0.6118111348448169
V_2,Tian_2,9.5,16.3,20.0,0.597762076873272
V_2,Tian_2,9.5,16.5,25.0,0.5811848529082718
V_2,Tian_2,9.5,16.700000000000003,20.0,0.5657220611387215
V_2,Tian_2,9.5,16.9,25.0,0.5504185843626561
V_2,Tian_2,9.5,17.1,20.0,0.5347395129849395
V_2,Tian_2,9.5,17.3,25.0,0.5170174486468901
V_2,Tian_2,9.5,17.5,20.0,0.4995599041761752
V_2,Tian_2,9.5,17.700000000000003,20.0,0.4995599041761752
V_2,Tian_2,9.5,17.9,15.0,0.4834032752004525
V_2,Tian_2,9.7,8.1,0.0,
V_2,Tian_2,9.7,8.3,0.0,
V_2,Tian_2,9.7,8.5,0.0,
V_2,Tian_2,9.7,8.7,1.0,
V_2,Tian_2,9.7,8.9,1.0,
V_2,Tian_2,9.7,9.1,3.0,0.4748781681939091
V_2,Tian_2,9.7,9.3,3.0,0.4748781681939091
V_2,Tian_2,9.7,9.5,6.0,0.5298493131101026
V_2,Tian_2,9.7,9.7,6.0,0.5298493131101026
V_2,Tian_2,9.7,9.9,10.0,0.5782832542485916
V_2,Tian_2,9.7,10.1,10.0,0.5782832542485916
V_2,Tian_2,9.7,10.3,14.0,0.6072304527771294
V_2,Tian_2,9.7,10.5,17.0,0.6411135477702656
V_2,Tian_2,9.7,10.7,15.0,0.6603548882209128
V_2,Tian_2,9.7,10.9,19.0,0.6750829558104826
V_2,Tian_2,9.7,11.1,16.0,0.6920071741450178
V_2,Tian_2,9.7,11.3,20.0,0.7019975848837785
V_2,Tian_2,9.7,11.5,16.0,0.7147634396156419
V_2,Tian_2,9.7,11.7,20.0,0.7241129043627664
V_2,Tian_2,9.7,11.9,16.0,0.7352415181788396
V_2,Tian_2,9.7,12.1,20.0,0.7409907544105946
V_2,Tian_2,9.7,12.3,16.0,0.7494427249497677
V_2,Tian_2,9.7,12.5,20.0,0.7539721859377255
V_2,Tian_2,9.7,12.700000000000001,16.0,0.7598869301043144
V_2,Tian_2,9.7,12.9,20.0,0.7623740160072796
V_2,Tian_2,9.7,13.1,20.0,0.7681175108852096
V_2,Tian_2,9.7,13.3,16.0,0.7697691977686962
V_2,Tian_2,9.7,13.5,20.0,0.767600033680851
V_2,Tian_2,9.7,13.700000000000001,16.0,0.7685031172666601
V_2,Tian_2,9.7,13.9,20.0,0.7653799566379642
V_2,Tian_2,9.7,14.1,16.0,0.7637024383250662
V_2,Tian_2,9.7,14.3,20.0,0.7569864387828363
V_2,Tian_2,9.7,14.5,16.0,0.7531524585737602
V_2,Tian_2,9.7,14.700000000000001,20.0,0.7452922340688382
V_2,Tian_2,9.7,14.9,16.0,0.7389461170289293
V_2,Tian_2,9.7,15.1,20.0,0.7292174972546532
V_2,Tian_2,9.7,15.3,16.0,0.7217910272359491
V_2,Tian_2,9.7,15.5,20.0,0.7095075443363444
V_2,Tian_2,9.7,15.700000000000001,20.0,0.6857515856881365
V_2,Tian_2,9.7,15.9,16.0,0.6746588719566917
V_2,Tian_2,9.7,16.1,20.0,0.6592977741302917
V_2,Tian_2,9.7,16.3,16.0,0.6456593836505773
V_2,Tian_2,9.7,16.5,20.0,0.6290605471573085
V_2,Tian_2,9.7,16.700000000000003,16.0,0.6137499294072486
V_2,Tian_2,9.7,16.9,20.0,0.5990972578649459
V_2,Tian_2,9.7,17.1,16.0,0.583778169146701
V_2,Tian_2,9.7,17.3,20.0,0.5670827154230149
V_2,Tian_2,9.7,17.5,16.0,0.5503265140582331
V_2,Tian_2,9.7,17.700000000000003,16.0,0.5503265140582331
V_2,Tian_2,9.7,17.9,12.0,0.5344842244694133
V_2,Tian_2,9.9,8.1,0.0,
V_2,Tian_2,9.9,8.3,0.0,
V_2,Tian_2,9.9,8.5,0.0,
V_2,Tian_2,9.9,8.7,1.0,
V_2,Tian_2,9.9,8.9,1.0,
V_2,Tian_2,9.9,9.1,3.0,0.4748781681939091
V_2,Tian_2,9.9,9.3,3.0,0.4748781681939091
V_2,Tian_2,9.9,9.5,6.0,0.5298493131101026
V_2,Tian_2,9.9,9.7,6.0,0.5298493131101026
V_2,Tian_2,9.9,9.9,10.0,0.5782832542485916
V_2,Tian_2,9.9,10.1,10.0,0.5782832542485916
V_2,Tian_2,9.9,10.3,15.0,0.6242494214051039
V_2,Tian_2,9.9,10.5,19.0,0.665206518040954
V_2,Tian_2,9.9,10.7,17.0,0.6850186384704297
V_2,Tian_2,9.9,10.9,22.0,0.7027888698324142
V_2,Tian_2,9.9,11.1,19.0,0.7214154611702225
V_2,Tian_2,9.9,11.3,24.0,0.7332431087478936
V_2,Tian_2,9.9,11.5,20.0,0.7497048973062073
V_2,Tian_2,9.9,11.7,25.0,0.7586765760270191
V_2,Tian_2,9.9,11.9,20.0,0.769300281104242
V_2,Tian_2,9.9,12.1,25.0,0.775554410886502
V_2,Tian_2,9.9,12.3,20.0,0.7841325117330038
V_2,Tian_2,9.9,12.5,25.0,0.7890079029803598
V_2,Tian_2,9.9,12.700000000000001,20.0,0.7954579646096592
V_2,Tian_2,9.9,12.9,25.0,0.7976784988085183
V_2,Tian_2,9.9,13.1,25.0,0.8033222982505364
V_2,Tian_2,9.9,13.3,20.0,0.8055120500856037
V_2,Tian_2,9.9,13.5,25.0,0.803176925798907
V_2,Tian_2,9.9,13.700000000000001,20.0,0.803828424744748
V_2,Tian_2,9.9,13.9,25.0,0.8008822856821964
V_2,Tian_2,9.9,14.1,20.0,0.7989754901102998
V_2,Tian_2,9.9,14.3,25.0,0.7927510504478507
V_2,Tian_2,9.9,14.5,20.0,0.7892986541588245
V_2,Tian_2,9.9,14.700000000000001,25.0,0.7815082991085552
V_2,Tian_2,9.9,14.9,20.0,0.7752835821974104
V_2,Tian_2,9.9,15.1,25.0,0.7657153263341421
V_2,Tian_2,9.9,15.3,20.0,0.7586850507546474
V_2,Tian_2,9.9,15.5,25.0,0.7469904687843285
V_2,Tian_2,9.9,15.700000000000001,25.0,0.7235357557770544
V_2,Tian_2,9.9,15.9,20.0,0.7124563717718047
V_2,Tian_2,9.9,16.1,25.0,0.6978256280012846
V_2,Tian_2,9.9,16.3,20.0,0.6846953152747364
V_2,Tian_2,9.9,16.5,25.0,0.6692593227202983
V_2,Tian_2,9.9,16.700000000000003,20.0,0.6547135776801059
V_2,Tian_2,9.9,16.9,25.0,0.6403892686191378
V_2,Tian_2,9.9,17.1,20.0,0.6254335505481591
V_2,Tian_2,9.9,17.3,25.0,0.6100340692436349
V_2,Tian_2,9.9,17.5,20.0,0.5945865454556386
V_2,Tian_2,9.9,17.700000000000003,20.0,0.5945865454556386
V_2,Tian_2,9.9,17.9,15.0,0.5796811763011166
V_2,Tian_2,10.1,8.1,0.0,
V_2,Tian_2,10.1,8.3,0.0,
V_2,Tian_2,10.1,8.5,0.0,
V_2,Tian_2,10.1,8.7,0.0,
V_2,Tian_2,10.1,8.9,0.0,
V_2,Tian_2,10.1,9.1,1.0,
V_2,Tian_2,10.1,9.3,1.0,
V_2,Tian_2,10.1,9.5,3.0,0.5973407863435719
V_2,Tian_2,10.1,9.7,3.0,0.5973407863435719
V_2,Tian_2,10.1,9.9,6.0,0.6435470008343659
V_2,Tian_2,10.1,10.1,6.0,0.6435470008343659
V_2,Tian_2,10.1,10.3,10.0,0.6884562173854059
V_2,Tian_2,10.1,10.5,14.0,0.7143802795933502
V_2,Tian_2,10.1,10.7,13.0,0.728407202950825
V_2,Tian_2,10.1,10.9,17.0,0.7452422458605575
V_2,Tian_2,10.1,11.1,15.0,0.7606084064363294
V_2,Tian_2,10.1,11.3,19.0,0.772575840905686
V_2,Tian_2,10.1,11.5,16.0,0.7881050832020347
V_2,Tian_2,10.1,11.7,20.0,0.7969011339917198
V_2,Tian_2,10.1,11.9,16.0,0.8071714069366582
V_2,Tian_2,10.1,12.1,20.0,0.813766248105822
V_2,Tian_2,10.1,12.3,16.0,0.8224102013539747
V_2,Tian_2,10.1,12.5,20.0,0.8272375083135689
V_2,Tian_2,10.1,12.700000000000001,16.0,0.8340578515626638
V_2,Tian_2,10.1,12.9,20.0,0.8360472710248821
V_2,Tian_2,10.1,13.1,20.0,0.8415648382339119
V_2,Tian_2,10.1,13.3,16.0,0.843934713504775
V_2,Tian_2,10.1,13.5,20.0,0.8413480045454248
V_2,Tian_2,10.1,13.700000000000001,16.0,0.841648602486162
V_2,Tian_2,10.1,13.9,20.0,0.8390431761257148
V_2,Tian_2,10.1,14.1,16.0,0.837167286119157
V_2,Tian_2,10.1,14.3,20.0,0.8313244306273461
V_2,Tian_2,10.1,14.5,16.0,0.828154301065744
V_2,Tian_2,10.1,14.700000000000001,20.0,0.8205195791107336
V_2,Tian_2,10.1,14.9,16.0,0.8143890848356865
V_2,Tian_2,10.1,15.1,20.0,0.8052170233244663
V_2,Tian_2,10.1,15.3,16.0,0.7987709869785768
V_2,Tian_2,10.1,15.5,20.0,0.7874481779687894
V_2,Tian_2,10.1,15.700000000000001,20.0,0.7639773474715674
V_2,Tian_2,10.1,15.9,16.0,0.7529834321744338
V_2,Tian_2,10.1,16.1,20.0,0.7387051179210486
V_2,Tian_2,10.1,16.3,16.0,0.7258862245786376
V_2,Tian_2,10.1,16.5,20.0,0.7117925042140062
V_2,Tian_2,10.1,16.700000000000003,16.0,0.6976084359476111
V_2,Tian_2,10.1,16.9,20.0,0.683531736640768
V_2,Tian_2,10.1,17.1,16.0,0.66887543531855
V_2,Tian_2,10.1,17.3,20.0,0.6547980425125618
V_2,Tian_2,10.1,17.5,16.0,0.6406807235912483
V_2,Tian_2,10.1,17.700000000000003,16.0,0.6406807235912483
V_2,Tian_2,10.1,17.9,12.0,0.6270436778191615
V_2,Tian_2,10.3,8.1,0.0,
V_2,Tian_2,10.3,8.3,0.0,
V_2,Tian_2,10.3,8.5,0.0,
V_2,Tian_2,10.3,8.7,0.0,
V_2,Tian_2,10.3,8.9,0.0,
V_2,Tian_2,10.3,9.1,1.0,
V_2,Tian_2,10.3,9.3,1.0,
V_2,Tian_2,10.3,9.5,3.0,0.5973407863435719
V_2,Tian_2,10.3,9.7,3.0,0.5973407863435719
V_2,Tian_2,10.3,9.9,6.0,0.6435470008343659
V_2,Tian_2,10.3,10.1,6.0,0.6435470008343659
V_2,Tian_2,10.3,10.3,10.0,0.6884562173854059
V_2,Tian_2,10.3,10.5,15.0,0.727060680183175
V_2,Tian_2,10.3,10.7,14.0,0.7409914233429606
V_2,Tian_2,10.3,10.9,19.0,0.763712286214436
V_2,Tian_2,10.3,11.1,17.0,0.7794436091170438
V_2,Tian_2,10.3,11.3,22.0,0.7944722067313982
V_2,Tian_2,10.3,11.5,19.0,0.8110067843218566
V_2,Tian_2,10.3,11.7,24.0,0.8208517721733447
V_2,Tian_2,10.3,11.9,20.0,0.8338581181656204
V_2,Tian_2,10.3,12.1,25.0,0.8407988896835227
V_2,Tian_2,10.3,12.3,20.0,0.8499312106597248
V_2,Tian_2,10.3,12.5,25.0,0.8549412626315914
V_2,Tian_2,10.3,12.700000000000001,20.0,0.8618439027258475
V_2,Tian_2,10.3,12.9,25.0,0.8636106830098363
V_2,Tian_2,10.3,13.1,25.0,0.8691945854922158
V_2,Tian_2,10.3,13.3,20.0,0.87192755036302
V_2,Tian_2,10.3,13.5,25.0,0.8694105726708093
V_2,Tian_2,10.3,13.700000000000001,20.0,0.8696227218997293
V_2,Tian_2,10.3,13.9,25.0,0.8665105373399712
V_2,Tian_2,10.3,14.1,20.0,0.8643928040451992
V_2,Tian_2,10.3,14.3,25.0,0.8586198180712329
V_2,Tian_2,10.3,14.5,20.0,0.8556053215525934
V_2,Tian_2,10.3,14.700000000000001,25.0,0.8477463312989343
V_2,Tian_2,10.3,14.9,20.0,0.8413106763656429
V_2,Tian_2,10.3,15.1,25.0,0.8323497295238209
V_2,Tian_2,10.3,15.3,20.0,0.8256014964292842
V_2,Tian_2,10.3,15.5,25.0,0.8147576114262453
V_2,Tian_2,10.3,15.700000000000001,25.0,0.7927902668454206
V_2,Tian_2,10.3,15.9,20.0,0.782105865012934
V_2,Tian_2,10.3,16.1,25.0,0.7693976109244737
V_2,Tian_2,10.3,16.3,20.0,0.7576694210845172
V_2,Tian_2,10.3,16.5,25.0,0.7444114381150301
V_2,Tian_2,10.3,16.700000000000003,20.0,0.7313878121046545
V_2,Tian_2,10.3,16.9,25.0,0.7185873209119639
V_2,Tian_2,10.3,17.1,20.0,0.7053886332864326
V_2,Tian_2,10.3,17.3,25.0,0.6923498496919567
V_2,Tian_2,10.3,17.5,20.0,0.6793810430657419
V_2,Tian_2,10.3,17.700000000000003,20.0,0.6793810430657419
V_2,Tian_2,10.3,17.9,15.0,0.6663198592307784
V_2,Tian_2,10.5,8.1,0.0,
V_2,Tian_2,10.5,8.3,0.0,
V_2,Tian_2,10.5,8.5,0.0,
V_2,Tian_2,10.5,8.7,0.0,
V_2,Tian_2,10.5,8.9,0.0,
V_2,Tian_2,10.5,9.1,0.0,
V_2,Tian_2,10.5,9.3,0.0,
V_2,Tian_2,10.5,9.5,1.0,
V_2,Tian_2,10.5,9.7,1.0,
V_2,Tian_2,10.5,9.9,3.0,0.7096163272226722
V_2,Tian_2,10.5,10.1,3.0,0.7096163272226722
V_2,Tian_2,10.5,10.3,6.0,0.7518432403834657
V_2,Tian_2,10.5,10.5,10.0,0.7860393381050818
V_2,Tian_2,10.5,10.7,10.0,0.7860393381050818
V_2,Tian_2,10.5,10.9,15.0,0.8195210429342641
V_2,Tian_2,10.5,11.1,14.0,0.8297556175389691
V_2,Tian_2,10.5,11.3,19.0,0.8500486142438153
V_2,Tian_2,10.5,11.5,17.0,0.8646065698489921
V_2,Tian_2,10.5,11.7,22.0,0.8760158814072748
V_2,Tian_2,10.5,11.9,19.0,0.8889546805435401
V_2,Tian_2,10.5,12.1,24.0,0.8969745807579863
V_2,Tian_2,10.5,12.3,20.0,0.9089027999720823
V_2,Tian_2,10.5,12.5,25.0,0.9137832390946727
V_2,Tian_2,10.5,12.700000000000001,20.0,0.9206079357201838
V_2,Tian_2,10.5,12.9,25.0,0.9224785947577127
V_2,Tian_2,10.5,13.1,25.0,0.9282951077715113
V_2,Tian_2,10.5,13.3,20.0,0.9316669995380303
V_2,Tian_2,10.5,13.5,25.0,0.92956251100767
V_2,Tian_2,10.5,13.700000000000001,20.0,0.930090588366367
V_2,Tian_2,10.5,13.9,25.0,0.9269459076600626
V_2,Tian_2,10.5,14.1,20.0,0.9253561356788194
V_2,Tian_2,10.5,14.3,25.0,0.9198649136923283
V_2,Tian_2,10.5,14.5,20.0,0.9173408343884534
V_2,Tian_2,10.5,14.700000000000001,25.0,0.9093877986863472
V_2,Tian_2,10.5,14.9,20.0,0.9027468558363397
V_2,Tian_2,10.5,15.1,25.0,0.894087154687748
V_2,Tian_2,10.5,15.3,20.0,0.8873228041381278
V_2,Tian_2,10.5,15.5,25.0,0.8775690513738779
V_2,Tian_2,10.5,15.700000000000001,25.0,0.8574900179835402
V_2,Tian_2,10.5,15.9,20.0,0.8473875160428344
V_2,Tian_2,10.5,16.1,25.0,0.8372212264043403
V_2,Tian_2,10.5,16.3,20.0,0.8271326190359444
V_2,Tian_2,10.5,16.5,25.0,0.815343109349616
V_2,Tian_2,10.5,16.700000000000003,20.0,0.8043167991636745
V_2,Tian_2,10.5,16.9,25.0,0.7931646438641373
V_2,Tian_2,10.5,17.1,20.0,0.7818172947509524
V_2,Tian_2,10.5,17.3,25.0,0.7709861778208276
V_2,Tian_2,10.5,17.5,20.0,0.7602397178052454
V_2,Tian_2,10.5,17.700000000000003,20.0,0.7602397178052454
V_2,Tian_2,10.5,17.9,15.0,0.7481342677902061
V_2,Tian_2,10.7,8.1,0.0,
V_2,Tian_2,10.7,8.3,0.0,
V_2,Tian_2,10.7,8.5,0.0,
V_2,Tian_2,10.7,8.7,0.0,
V_2,Tian_2,10.7,8.9,0.0,
V_2,Tian_2,10.7,9.1,0.0,
V_2,Tian_2,10.7,9.3,0.0,
V_2,Tian_2,10.7,9.5,0.0,
V_2,Tian_2,10.7,9.7,0.0,
V_2,Tian_2,10.7,9.9,1.0,
V_2,Tian_2,10.7,10.1,1.0,
V_2,Tian_2,10.7,10.3,3.0,0.8019637887539025
V_2,Tian_2,10.7,10.5,6.0,0.834126984412876
V_2,Tian_2,10.7,10.7,6.0,0.834126984412876
V_2,Tian_2,10.7,10.9,10.0,0.8665517439862616
V_2,Tian_2,10.7,11.1,10.0,0.8665517439862616
V_2,Tian_2,10.7,11.3,14.0,0.886429533473678
V_2,Tian_2,10.7,11.5,13.0,0.897095343904382
V_2,Tian_2,10.7,11.7,17.0,0.9071535849497474
V_2,Tian_2,10.7,11.9,15.0,0.9175662383839015
V_2,Tian_2,10.7,12.1,19.0,0.9252219969809842
V_2,Tian_2,10.7,12.3,16.0,0.936271712651447
V_2,Tian_2,10.7,12.5,20.0,0.9409765233361844
V_2,Tian_2,10.7,12.700000000000001,16.0,0.9474234333336458
V_2,Tian_2,10.7,12.9,20.0,0.94907469482069
V_2,Tian_2,10.7,13.1,20.0,0.9546557098288385
V_2,Tian_2,10.7,13.3,16.0,0.958358920199252
V_2,Tian_2,10.7,13.5,20.0,0.9566467445214393
V_2,Tian_2,10.7,13.700000000000001,16.0,0.9573256577217883
V_2,Tian_2,10.7,13.9,20.0,0.9543714795733533
V_2,Tian_2,10.7,14.1,16.0,0.9530154079479083
V_2,Tian_2,10.7,14.3,20.0,0.9479203804442072
V_2,Tian_2,10.7,14.5,16.0,0.9459805403630421
V_2,Tian_2,10.7,14.700000000000001,20.0,0.9377253077750105
V_2,Tian_2,10.7,14.9,16.0,0.9311493641605222
V_2,Tian_2,10.7,15.1,20.0,0.9224085468617267
V_2,Tian_2,10.7,15.3,16.0,0.915561173124611
V_2,Tian_2,10.7,15.5,20.0,0.9069633468452677
V_2,Tian_2,10.7,15.700000000000001,20.0,0.8875695511124047
V_2,Tian_2,10.7,15.9,16.0,0.8775768712831553
V_2,Tian_2,10.7,16.1,20.0,0.868751727234416
V_2,Tian_2,10.7,16.3,16.0,0.8597635646872991
V_2,Tian_2,10.7,16.5,20.0,0.8486831601587864
V_2,Tian_2,10.7,16.700000000000003,16.0,0.8389926307818469
V_2,Tian_2,10.7,16.9,20.0,0.82820102546736
V_2,Tian_2,10.7,17.1,16.0,0.8171082714022262
V_2,Tian_2,10.7,17.3,20.0,0.8078261802418043
V_2,Tian_2,10.7,17.5,16.0,0.7983862782234308
V_2,Tian_2,10.7,17.700000000000003,16.0,0.7983862782234308
V_2,Tian_2,10.7,17.9,12.0,0.7866979872847549
V_2,Tian_2,10.9,8.1,0.0,
V_2,Tian_2,10.9,8.3,0.0,
V_2,Tian_2,10.9,8.5,0.0,
V_2,Tian_2,10.9,8.7,0.0,
V_2,Tian_2,10.9,8.9,0.0,
V_2,Tian_2,10.9,9.1,0.0,
V_2,Tian_2,10.9,9.3,0.0,
V_2,Tian_2,10.9,9.5,0.0,
V_2,Tian_2,10.9,9.7,0.0,
V_2,Tian_2,10.9,9.9,1.0,
V_2,Tian_2,10.9,10.1,1.0,
V_2,Tian_2,10.9,10.3,3.0,0.8019637887539025
V_2,Tian_2,10.9,10.5,6.0,0.834126984412876
V_2,Tian_2,10.9,10.7,6.0,0.834126984412876
V_2,Tian_2,10.9,10.9,10.0,0.8665517439862616
V_2,Tian_2,10.9,11.1,10.0,0.8665517439862616
V_2,Tian_2,10.9,11.3,15.0,0.8941653706645903
V_2,Tian_2,10.9,11.5,14.0,0.9046218972924521
V_2,Tian_2,10.9,11.7,19.0,0.9188835688623049
V_2,Tian_2,10.9,11.9,17.0,0.9294512023527418
V_2,Tian_2,10.9,12.1,22.0,0.9388533656039193
V_2,Tian_2,10.9,12.3,19.0,0.9503107106879304
V_2,Tian_2,10.9,12.5,24.0,0.955929258575338
V_2,Tian_2,10.9,12.700000000000001,20.0,0.9640773336211377
V_2,Tian_2,10.9,12.9,25.0,0.9662060298022217
V_2,Tian_2,10.9,13.1,25.0,0.9719321416263241
V_2,Tian_2,10.9,13.3,20.0,0.9752111147184322
V_2,Tian_2,10.9,13.5,25.0,0.9733542277469102
V_2,Tian_2,10.9,13.700000000000001,20.0,0.9739876045191569
V_2,Tian_2,10.9,13.9,25.0,0.9706777271863011
V_2,Tian_2,10.9,14.1,20.0,0.9690272238460048
V_2,Tian_2,10.9,14.3,25.0,0.9640360210025078
V_2,Tian_2,10.9,14.5,20.0,0.9613648226214953
V_2,Tian_2,10.9,14.700000000000001,25.0,0.9544341479833112
V_2,Tian_2,10.9,14.9,20.0,0.9485368891936983
V_2,Tian_2,10.9,15.1,25.0,0.9406208726900769
V_2,Tian_2,10.9,15.3,20.0,0.9342944208973909
V_2,Tian_2,10.9,15.5,25.0,0.9262485770210783
V_2,Tian_2,10.9,15.700000000000001,25.0,0.9092934074843854
V_2,Tian_2,10.9,15.9,20.0,0.9005989569483519
V_2,Tian_2,10.9,16.1,25.0,0.8924330850383884
V_2,Tian_2,10.9,16.3,20.0,0.8838634939403421
V_2,Tian_2,10.9,16.5,25.0,0.874758529917629
V_2,Tian_2,10.9,16.700000000000003,20.0,0.8662089607281386
V_2,Tian_2,10.9,16.9,25.0,0.856596153137987
V_2,Tian_2,10.9,17.1,20.0,0.8472288910435267
V_2,Tian_2,10.9,17.3,25.0,0.8385704273141554
V_2,Tian_2,10.9,17.5,20.0,0.8300474415998407
V_2,Tian_2,10.9,17.700000000000003,20.0,0.8300474415998407
V_2,Tian_2,10.9,17.9,15.0,0.8201400563336094
V_2,Tian_2,11.1,8.1,0.0,
V_2,Tian_2,11.1,8.3,0.0,
V_2,Tian_2,11.1,8.5,0.0,
V_2,Tian_2,11.1,8.7,0.0,
V_2,Tian_2,11.1,8.9,0.0,
V_2,Tian_2,11.1,9.1,0.0,
V_2,Tian_2,11.1,9.3,0.0,
V_2,Tian_2,11.1,9.5,0.0,
V_2,Tian_2,11.1,9.7,0.0,
V_2,Tian_2,11.1,9.9,0.0,
V_2,Tian_2,11.1,10.1,0.0,
V_2,Tian_2,11.1,10.3,1.0,
V_2,Tian_2,11.1,10.5,3.0,0.881526606374778
V_2,Tian_2,11.1,10.7,3.0,0.881526606374778
V_2,Tian_2,11.1,10.9,6.0,0.9110092938811518
V_2,Tian_2,11.1,11.1,6.0,0.9110092938811518
V_2,Tian_2,11.1,11.3,10.0,0.9356432383481126
V_2,Tian_2,11.1,11.5,10.0,0.9356432383481126
V_2,Tian_2,11.1,11.7,14.0,0.9491024392511991
V_2,Tian_2,11.1,11.9,13.0,0.9557630128707724
V_2,Tian_2,11.1,12.1,17.0,0.9652800349520189
V_2,Tian_2,11.1,12.3,15.0,0.9751797171504488
V_2,Tian_2,11.1,12.5,19.0,0.9809904953425355
V_2,Tian_2,11.1,12.700000000000001,16.0,0.9885839667090998
V_2,Tian_2,11.1,12.9,20.0,0.990732835602465
V_2,Tian_2,11.1,13.1,20.0,0.9965806099210714
V_2,Tian_2,11.1,13.3,16.0,1.0000381520241102
V_2,Tian_2,11.1,13.5,20.0,0.9982624313559965
V_2,Tian_2,11.1,13.700000000000001,16.0,0.9987754500159783
V_2,Tian_2,11.1,13.9,20.0,0.9951711409573762
V_2,Tian_2,11.1,14.1,16.0,0.9932686978060057
V_2,Tian_2,11.1,14.3,20.0,0.9884743533979347
V_2,Tian_2,11.1,14.5,16.0,0.9857608639534372
V_2,Tian_2,11.1,14.700000000000001,20.0,0.9795088741074427
V_2,Tian_2,11.1,14.9,16.0,0.9739278359739069
V_2,Tian_2,11.1,15.1,20.0,0.9664254506040042
V_2,Tian_2,11.1,15.3,16.0,0.9602419260841196
V_2,Tian_2,11.1,15.5,20.0,0.9528239470704477
V_2,Tian_2,11.1,15.700000000000001,20.0,0.9376116983462724
V_2,Tian_2,11.1,15.9,16.0,0.9296903789914277
V_2,Tian_2,11.1,16.1,20.0,0.9223133078134553
V_2,Tian_2,11.1,16.3,16.0,0.914266406085953
V_2,Tian_2,11.1,16.5,20.0,0.9067382795085175
V_2,Tian_2,11.1,16.700000000000003,16.0,0.8993188721045486
V_2,Tian_2,11.1,16.9,20.0,0.8906325132007872
V_2,Tian_2,11.1,17.1,16.0,0.882502633747044
V_2,Tian_2,11.1,17.3,20.0,0.8746537961745418
V_2,Tian_2,11.1,17.5,16.0,0.8671440799426541
V_2,Tian_2,11.1,17.700000000000003,16.0,0.8671440799426541
V_2,Tian_2,11.1,17.9,12.0,0.8585904322230166
V_2,Tian_2,11.3,8.1,0.0,
V_2,Tian_2,11.3,8.3,0.0,
V_2,Tian_2,11.3,8.5,0.0,
V_2,Tian_2,11.3,8.7,0.0,
V_2,Tian_2,11.3,8.9,0.0,
V_2,Tian_2,11.3,9.1,0.0,
V_2,Tian_2,11.3,9.3,0.0,
V_2,Tian_2,11.3,9.5,0.0,
V_2,Tian_2,11.3,9.7,0.0,
V_2,Tian_2,11.3,9.9,0.0,
V_2,Tian_2,11.3,10.1,0.0,
V_2,Tian_2,11.3,10.3,1.0,
V_2,Tian_2,11.3,10.5,3.0,0.881526606374778
V_2,Tian_2,11.3,10.7,3.0,0.881526606374778
V_2,Tian_2,11.3,10.9,6.0,0.9110092938811518
V_2,Tian_2,11.3,11.1,6.0,0.9110092938811518
V_2,Tian_2,11.3,11.3,10.0,0.9356432383481126
V_2,Tian_2,11.3,11.5,10.0,0.9356432383481126
V_2,Tian_2,11.3,11.7,15.0,0.9562508367511674
V_2,Tian_2,11.3,11.9,14.0,0.9629462549336261
V_2,Tian_2,11.3,12.1,19.0,0.9749338673720275
V_2,Tian_2,11.3,12.3,17.0,0.9848046260671139
V_2,Tian_2,11.3,12.5,22.0,0.9915511926682044
V_2,Tian_2,11.3,12.700000000000001,19.0,0.9996131733967325
V_2,Tian_2,11.3,12.9,24.0,1.0026675120942956
V_2,Tian_2,11.3,13.1,25.0,1.0096467247940806
V_2,Tian_2,11.3,13.3,20.0,1.0126918976032813
V_2,Tian_2,11.3,13.5,25.0,1.0114064589410154
V_2,Tian_2,11.3,13.700000000000001,20.0,1.0121332781263817
V_2,Tian_2,11.3,13.9,25.0,1.009040497065544
V_2,Tian_2,11.3,14.1,20.0,1.007678241553952
V_2,Tian_2,11.3,14.3,25.0,1.003138491537449
V_2,Tian_2,11.3,14.5,20.0,1.0003546146355524
V_2,Tian_2,11.3,14.700000000000001,25.0,0.9950669032412408
V_2,Tian_2,11.3,14.9,20.0,0.9904574065623942
V_2,Tian_2,11.3,15.1,25.0,0.9836998486575819
V_2,Tian_2,11.3,15.3,20.0,0.9780586347489892
V_2,Tian_2,11.3,15.5,25.0,0.9711808512410929
V_2,Tian_2,11.3,15.700000000000001,25.0,0.9579842730935524
V_2,Tian_2,11.3,15.9,20.0,0.9512354684990811
V_2,Tian_2,11.3,16.1,25.0,0.9450270981919674
V_2,Tian_2,11.3,16.3,20.0,0.9378048583239605
V_2,Tian_2,11.3,16.5,25.0,0.9311619541223898
V_2,Tian_2,11.3,16.700000000000003,20.0,0.924785038393404
V_2,Tian_2,11.3,16.9,25.0,0.9174245105719636
V_2,Tian_2,11.3,17.1,20.0,0.9108632089125777
V_2,Tian_2,11.3,17.3,25.0,0.9037265854354333
V_2,Tian_2,11.3,17.5,20.0,0.896986611273169
V_2,Tian_2,11.3,17.700000000000003,20.0,0.896986611273169
V_2,Tian_2,11.3,17.9,15.0,0.8892509427097212
V_2,Tian_2,11.5,8.1,0.0,
V_2,Tian_2,11.5,8.3,0.0,
V_2,Tian_2,11.5,8.5,0.0,
V_2,Tian_2,11.5,8.7,0.0,
V_2,Tian_2,11.5,8.9,0.0,
V_2,Tian_2,11.5,9.1,0.0,
V_2,Tian_2,11.5,9.3,0.0,
V_2,Tian_2,11.5,9.5,0.0,
V_2,Tian_2,11.5,9.7,0.0,
V_2,Tian_2,11.5,9.9,0.0,
V_2,Tian_2,11.5,10.1,0.0,
V_2,Tian_2,11.5,10.3,0.0,
V_2,Tian_2,11.5,10.5,1.0,
V_2,Tian_2,11.5,10.7,1.0,
V_2,Tian_2,11.5,10.9,3.0,0.9437589291243232
V_2,Tian_2,11.5,11.1,3.0,0.9437589291243232
V_2,Tian_2,11.5,11.3,6.0,0.9664249118678757
V_2,Tian_2,11.5,11.5,6.0,0.9664249118678757
V_2,Tian_2,11.5,11.7,10.0,0.9859106237847364
V_2,Tian_2,11.5,11.9,10.0,0.9859106237847364
V_2,Tian_2,11.5,12.1,14.0,0.9967641640084189
V_2,Tian_2,11.5,12.3,13.0,1.0038547698213185
V_2,Tian_2,11.5,12.5,17.0,1.0099042578203532
V_2,Tian_2,11.5,12.700000000000001,15.0,1.0161121256009173
V_2,Tian_2,11.5,12.9,19.0,1.0194493757997751
V_2,Tian_2,11.5,13.1,20.0,1.0260230440646405
V_2,Tian_2,11.5,13.3,16.0,1.0287440071657934
V_2,Tian_2,11.5,13.5,20.0,1.0278869501084866
V_2,Tian_2,11.5,13.700000000000001,16.0,1.0288841839937017
V_2,Tian_2,11.5,13.9,20.0,1.0255777208671486
V_2,Tian_2,11.5,14.1,16.0,1.0245808776296315
V_2,Tian_2,11.5,14.3,20.0,1.0199707401448344
V_2,Tian_2,11.5,14.5,16.0,1.0169724091696697
V_2,Tian_2,11.5,14.700000000000001,20.0,1.0122404892346952
V_2,Tian_2,11.5,14.9,16.0,1.0079133974851588
V_2,Tian_2,11.5,15.1,20.0,1.001698150158953
V_2,Tian_2,11.5,15.3,16.0,0.9960080072288765
V_2,Tian_2,11.5,15.5,20.0,0.9897455224073
V_2,Tian_2,11.5,15.700000000000001,20.0,0.9788122323337589
V_2,Tian_2,11.5,15.9,16.0,0.9731327428657872
V_2,Tian_2,11.5,16.1,20.0,0.9682996118686452
V_2,Tian_2,11.5,16.3,16.0,0.9620463124621075
V_2,Tian_2,11.5,16.5,20.0,0.956438836409923
V_2,Tian_2,11.5,16.700000000000003,16.0,0.9513392552988714
V_2,Tian_2,11.5,16.9,20.0,0.9453913103059783
V_2,Tian_2,11.5,17.1,16.0,0.9405652421022241
V_2,Tian_2,11.5,17.3,20.0,0.9341983606627629
V_2,Tian_2,11.5,17.5,16.0,0.9283265963301461
V_2,Tian_2,11.5,17.700000000000003,16.0,0.9283265963301461
V_2,Tian_2,11.5,17.9,12.0,0.9214464324801693
V_2,Tian_2,11.7,8.1,0.0,
V_2,Tian_2,11.7,8.3,0.0,
V_2,Tian_2,11.7,8.5,0.0,
V_2,Tian_2,11.7,8.7,0.0,
V_2,Tian_2,11.7,8.9,0.0,
V_2,Tian_2,11.7,9.1,0.0,
V_2,Tian_2,11.7,9.3,0.0,
V_2,Tian_2,11.7,9.5,0.0,
V_2,Tian_2,11.7,9.7,0.0,
V_2,Tian_2,11.7,9.9,0.0,
V_2,Tian_2,11.7,10.1,0.0,
V_2,Tian_2,11.7,10.3,0.0,
V_2,Tian_2,11.7,10.5,1.0,
V_2,Tian_2,11.7,10.7,1.0,
V_2,Tian_2,11.7,10.9,3.0,0.9437589291243232
V_2,Tian_2,11.7,11.1,3.0,0.9437589291243232
V_2,Tian_2,11.7,11.3,6.0,0.9664249118678757
V_2,Tian_2,11.7,11.5,6.0,0.9664249118678757
V_2,Tian_2,11.7,11.7,10.0,0.9859106237847364
V_2,Tian_2,11.7,11.9,10.0,0.9859106237847364
V_2,Tian_2,11.7,12.1,15.0,0.999870863344301
V_2,Tian_2,11.7,12.3,14.0,1.0066769044088422
V_2,Tian_2,11.7,12.5,19.0,1.0138929404989754
V_2,Tian_2,11.7,12.700000000000001,17.0,1.0198397276793114
V_2,Tian_2,11.7,12.9,22.0,1.0240373977621284
V_2,Tian_2,11.7,13.1,24.0,1.0303706042557348
V_2,Tian_2,11.7,13.3,20.0,1.033416886774876
V_2,Tian_2,11.7,13.5,25.0,1.0330713578046737
V_2,Tian_2,11.7,13.700000000000001,20.0,1.0343913616399845
V_2,Tian_2,11.7,13.9,25.0,1.032095631940418
V_2,Tian_2,11.7,14.1,20.0,1.0315950795376854
V_2,Tian_2,11.7,14.3,25.0,1.027595162036508
V_2,Tian_2,11.7,14.5,20.0,1.0249165835347083
V_2,Tian_2,11.7,14.700000000000001,25.0,1.0214118849307867
V_2,Tian_2,11.7,14.9,20.0,1.0183976344032284
V_2,Tian_2,11.7,15.1,25.0,1.013211610985414
V_2,Tian_2,11.7,15.3,20.0,1.0085922032508015
V_2,Tian_2,11.7,15.5,25.0,1.003266471797786
V_2,Tian_2,11.7,15.700000000000001,25.0,0.9939730419616756
V_2,Tian_2,11.7,15.9,20.0,0.9895674294441447
V_2,Tian_2,11.7,16.1,25.0,0.9853594768411453
V_2,Tian_2,11.7,16.3,20.0,0.9798510734226568
V_2,Tian_2,11.7,16.5,25.0,0.9757758202420337
V_2,Tian_2,11.7,16.700000000000003,20.0,0.9716028959740033
V_2,Tian_2,11.7,16.9,25.0,0.9663661774137731
V_2,Tian_2,11.7,17.1,20.0,0.9624668352707848
V_2,Tian_2,11.7,17.3,25.0,0.9571327060994931
V_2,Tian_2,11.7,17.5,20.0,0.9523044916339668
V_2,Tian_2,11.7,17.700000000000003,20.0,0.9523044916339668
V_2,Tian_2,11.7,17.9,15.0,0.9468967667022394
V_2,Tian_2,11.9,8.1,0.0,
V_2,Tian_2,11.9,8.3,0.0,
V_2,Tian_2,11.9,8.5,0.0,
V_2,Tian_2,11.9,8.7,0.0,
V_2,Tian_2,11.9,8.9,0.0,
V_2,Tian_2,11.9,9.1,0.0,
V_2,Tian_2,11.9,9.3,0.0,
V_2,Tian_2,11.9,9.5,0.0,
V_2,Tian_2,11.9,9.7,0.0,
V_2,Tian_2,11.9,9.9,0.0,
V_2,Tian_2,11.9,10.1,0.0,
V_2,Tian_2,11.9,10.3,0.0,
V_2,Tian_2,11.9,10.5,0.0,
V_2,Tian_2,11.9,10.7,0.0,
V_2,Tian_2,11.9,10.9,1.0,
V_2,Tian_2,11.9,11.1,1.0,
V_2,Tian_2,11.9,11.3,3.0,0.9997006334415105
V_2,Tian_2,11.9,11.5,3.0,0.9997006334415105
V_2,Tian_2,11.9,11.7,6.0,1.0161143975869145
V_2,Tian_2,11.9,11.9,6.0,1.0161143975869145
V_2,Tian_2,11.9,12.1,10.0,1.0253415670192891
V_2,Tian_2,11.9,12.3,10.0,1.0253415670192891
V_2,Tian_2,11.9,12.5,14.0,1.0310846049972946
V_2,Tian_2,11.9,12.700000000000001,13.0,1.034255610848766
V_2,Tian_2,11.9,12.9,17.0,1.0387941821187388
V_2,Tian_2,11.9,13.1,19.0,1.0437014015531831
V_2,Tian_2,11.9,13.3,16.0,1.0457963840195952
V_2,Tian_2,11.9,13.5,20.0,1.0459239859627556
V_2,Tian_2,11.9,13.700000000000001,16.0,1.047609402161481
V_2,Tian_2,11.9,13.9,20.0,1.0460245443762735
V_2,Tian_2,11.9,14.1,16.0,1.0461701304847644
V_2,Tian_2,11.9,14.3,20.0,1.0425436105839403
V_2,Tian_2,11.9,14.5,16.0,1.0397933785433877
V_2,Tian_2,11.9,14.700000000000001,20.0,1.0376015211505492
V_2,Tian_2,11.9,14.9,16.0,1.0357477823826684
V_2,Tian_2,11.9,15.1,20.0,1.0312943751514576
V_2,Tian_2,11.9,15.3,16.0,1.0275093705054732
V_2,Tian_2,11.9,15.5,20.0,1.0230842534332154
V_2,Tian_2,11.9,15.700000000000001,20.0,1.015455816366886
V_2,Tian_2,11.9,15.9,16.0,1.012310387713447
V_2,Tian_2,11.9,16.1,20.0,1.0086574503168886
V_2,Tian_2,11.9,16.3,16.0,1.0036132900013122
V_2,Tian_2,11.9,16.5,20.0,1.0009979818727603
V_2,Tian_2,11.9,16.700000000000003,16.0,0.9978772907842972
V_2,Tian_2,11.9,16.9,20.0,0.993255307268029
V_2,Tian_2,11.9,17.1,16.0,0.9902231877989904
V_2,Tian_2,11.9,17.3,20.0,0.9857766130219823
V_2,Tian_2,11.9,17.5,16.0,0.9818350343015294
V_2,Tian_2,11.9,17.700000000000003,16.0,0.9818350343015294
V_2,Tian_2,11.9,17.9,12.0,0.9777648121584877
V_2,Tian_2,12.1,8.1,0.0,
V_2,Tian_2,12.1,8.3,0.0,
V_2,Tian_2,12.1,8.5,0.0,
V_2,Tian_2,12.1,8.7,0.0,
V_2,Tian_2,12.1,8.9,0.0,
V_2,Tian_2,12.1,9.1,0.0,
V_2,Tian_2,12.1,9.3,0.0,
V_2,Tian_2,12.1,9.5,0.0,
V_2,Tian_2,12.1,9.7,0.0,
V_2,Tian_2,12.1,9.9,0.0,
V_2,Tian_2,12.1,10.1,0.0,
V_2,Tian_2,12.1,10.3,0.0,
V_2,Tian_2,12.1,10.5,0.0,
V_2,Tian_2,12.1,10.7,0.0,
V_2,Tian_2,12.1,10.9,1.0,
V_2,Tian_2,12.1,11.1,1.0,
V_2,Tian_2,12.1,11.3,3.0,0.9997006334415105
V_2,Tian_2,12.1,11.5,3.0,0.9997006334415105
V_2,Tian_2,12.1,11.7,6.0,1.0161143975869145
V_2,Tian_2,12.1,11.9,6.0,1.0161143975869145
V_2,Tian_2,12.1,12.1,10.0,1.0253415670192891
V_2,Tian_2,12.1,12.3,10.0,1.0253415670192891
V_2,Tian_2,12.1,12.5,15.0,1.0335296453344716
V_2,Tian_2,12.1,12.700000000000001,14.0,1.0366487965063507
V_2,Tian_2,12.1,12.9,19.0,1.04201556837827
V_2,Tian_2,12.1,13.1,22.0,1.0466496094186015
V_2,Tian_2,12.1,13.3,19.0,1.0488793116848565
V_2,Tian_2,12.1,13.5,24.0,1.0491854567018055
V_2,Tian_2,12.1,13.700000000000001,20.0,1.0511860838085965
V_2,Tian_2,12.1,13.9,25.0,1.050007594411226
V_2,Tian_2,12.1,14.1,20.0,1.0500330425228235
V_2,Tian_2,12.1,14.3,25.0,1.0474812679422365
V_2,Tian_2,12.1,14.5,20.0,1.045090952522885
V_2,Tian_2,12.1,14.700000000000001,25.0,1.0443360223759974
V_2,Tian_2,12.1,14.9,20.0,1.0435582289990735
V_2,Tian_2,12.1,15.1,25.0,1.0405380826989612
V_2,Tian_2,12.1,15.3,20.0,1.0380854014321481
V_2,Tian_2,12.1,15.5,25.0,1.0342815107933065
V_2,Tian_2,12.1,15.700000000000001,25.0,1.0291487256091052
V_2,Tian_2,12.1,15.9,20.0,1.0271173646064091
V_2,Tian_2,12.1,16.1,25.0,1.024516235940271
V_2,Tian_2,12.1,16.3,20.0,1.020316219478227
V_2,Tian_2,12.1,16.5,25.0,1.0189757754113264
V_2,Tian_2,12.1,16.700000000000003,20.0,1.01660534488953
V_2,Tian_2,12.1,16.9,25.0,1.0131338548731912
V_2,Tian_2,12.1,17.1,20.0,1.011650831532004
V_2,Tian_2,12.1,17.3,25.0,1.007994399946604
V_2,Tian_2,12.1,17.5,20.0,1.0050855722080703
V_2,Tian_2,12.1,17.700000000000003,20.0,1.0050855722080703
V_2,Tian_2,12.1,17.9,15.0,1.0020768558521878
V_2,Tian_2,12.3,8.1,0.0,
V_2,Tian_2,12.3,8.3,0.0,
V_2,Tian_2,12.3,8.5,0.0,
V_2,Tian_2,12.3,8.7,0.0,
V_2,Tian_2,12.3,8.9,0.0,
V_2,Tian_2,12.3,9.1,0.0,
V_2,Tian_2,12.3,9.3,0.0,
V_2,Tian_2,12.3,9.5,0.0,
V_2,Tian_2,12.3,9.7,0.0,
V_2,Tian_2,12.3,9.9,0.0,
V_2,Tian_2,12.3,10.1,0.0,
V_2,Tian_2,12.3,10.3,0.0,
V_2,Tian_2,12.3,10.5,0.0,
V_2,Tian_2,12.3,10.7,0.0,
V_2,Tian_2,12.3,10.9,0.0,
V_2,Tian_2,12.3,11.1,0.0,
V_2,Tian_2,12.3,11.3,1.0,
V_2,Tian_2,12.3,11.5,1.0,
V_2,Tian_2,12.3,11.7,3.0,1.0311684219962696
V_2,Tian_2,12.3,11.9,3.0,1.0311684219962696
V_2,Tian_2,12.3,12.1,6.0,1.0388172734297296
V_2,Tian_2,12.3,12.3,6.0,1.0388172734297296
V_2,Tian_2,12.3,12.5,10.0,1.0461432262866222
V_2,Tian_2,12.3,12.700000000000001,10.0,1.0461432262866222
V_2,Tian_2,12.3,12.9,14.0,1.0515071243282288
V_2,Tian_2,12.3,13.1,17.0,1.054067274356206
V_2,Tian_2,12.3,13.3,15.0,1.0552070326269372
V_2,Tian_2,12.3,13.5,19.0,1.0553605175886722
V_2,Tian_2,12.3,13.700000000000001,16.0,1.0570282162246998
V_2,Tian_2,12.3,13.9,20.0,1.05613192748021
V_2,Tian_2,12.3,14.1,16.0,1.0558818704572719
V_2,Tian_2,12.3,14.3,20.0,1.0539045935774605
V_2,Tian_2,12.3,14.5,16.0,1.0511515246137642
V_2,Tian_2,12.3,14.700000000000001,20.0,1.0519850058964726
V_2,Tian_2,12.3,14.9,16.0,1.0524493189457367
V_2,Tian_2,12.3,15.1,20.0,1.0507614960139007
V_2,Tian_2,12.3,15.3,16.0,1.049467848468582
V_2,Tian_2,12.3,15.5,20.0,1.0461046938103487
V_2,Tian_2,12.3,15.700000000000001,20.0,1.0435500120265757
V_2,Tian_2,12.3,15.9,16.0,1.0429386435186663
V_2,Tian_2,12.3,16.1,20.0,1.0411477727813103
V_2,Tian_2,12.3,16.3,16.0,1.0376049832198115
V_2,Tian_2,12.3,16.5,20.0,1.0379818416667363
V_2,Tian_2,12.3,16.700000000000003,16.0,1.0364747510117809
V_2,Tian_2,12.3,16.9,20.0,1.0344207137539887
V_2,Tian_2,12.3,17.1,16.0,1.034862873398132
V_2,Tian_2,12.3,17.3,20.0,1.0318251983935156
V_2,Tian_2,12.3,17.5,16.0,1.029838157096048
V_2,Tian_2,12.3,17.700000000000003,16.0,1.029838157096048
V_2,Tian_2,12.3,17.9,12.0,1.0284561128507688
V_2,Tian_2,12.5,8.1,0.0,
V_2,Tian_2,12.5,8.3,0.0,
V_2,Tian_2,12.5,8.5,0.0,
V_2,Tian_2,12.5,8.7,0.0,
V_2,Tian_2,12.5,8.9,0.0,
V_2,Tian_2,12.5,9.1,0.0,
V_2,Tian_2,12.5,9.3,0.0,
V_2,Tian_2,12.5,9.5,0.0,
V_2,Tian_2,12.5,9.7,0.0,
V_2,Tian_2,12.5,9.9,0.0,
V_2,Tian_2,12.5,10.1,0.0,
V_2,Tian_2,12.5,10.3,0.0,
V_2,Tian_2,12.5,10.5,0.0,
V_2,Tian_2,12.5,10.7,0.0,
V_2,Tian_2,12.5,10.9,0.0,
V_2,Tian_2,12.5,11.1,0.0,
V_2,Tian_2,12.5,11.3,1.0,
V_2,Tian_2,12.5,11.5,1.0,
V_2,Tian_2,12.5,11.7,3.0,1.0311684219962696
V_2,Tian_2,12.5,11.9,3.0,1.0311684219962696
V_2,Tian_2,12.5,12.1,6.0,1.0388172734297296
V_2,Tian_2,12.5,12.3,6.0,1.0388172734297296
V_2,Tian_2,12.5,12.5,10.0,1.0461432262866222
V_2,Tian_2,12.5,12.700000000000001,10.0,1.0461432262866222
V_2,Tian_2,12.5,12.9,15.0,1.0497620344105636
V_2,Tian_2,12.5,13.1,19.0,1.05263682560886
V_2,Tian_2,12.5,13.3,17.0,1.053474206583347
V_2,Tian_2,12.5,13.5,22.0,1.0540978344081309
V_2,Tian_2,12.5,13.700000000000001,19.0,1.0553028411783845
V_2,Tian_2,12.5,13.9,24.0,1.0553780077035022
V_2,Tian_2,12.5,14.1,20.0,1.0550271781298108
V_2,Tian_2,12.5,14.3,25.0,1.0544868285852906
V_2,Tian_2,12.5,14.5,20.0,1.0538586230670015
V_2,Tian_2,12.5,14.700000000000001,25.0,1.0548358845012813
V_2,Tian_2,12.5,14.9,20.0,1.0557380425392395
V_2,Tian_2,12.5,15.1,25.0,1.0548552600544945
V_2,Tian_2,12.5,15.3,20.0,1.0545145328150196
V_2,Tian_2,12.5,15.5,25.0,1.0521856152838647
V_2,Tian_2,12.5,15.700000000000001,25.0,1.0510768215689823
V_2,Tian_2,12.5,15.9,20.0,1.0507646693594255
V_2,Tian_2,12.5,16.1,25.0,1.0505146351568602
V_2,Tian_2,12.5,16.3,20.0,1.0484570613864748
V_2,Tian_2,12.5,16.5,25.0,1.0496453059142576
V_2,Tian_2,12.5,16.700000000000003,20.0,1.0492255998639428
V_2,Tian_2,12.5,16.9,25.0,1.0478974011711193
V_2,Tian_2,12.5,17.1,20.0,1.049154265174088
V_2,Tian_2,12.5,17.3,25.0,1.0474561853508264
V_2,Tian_2,12.5,17.5,20.0,1.046790313707398
V_2,Tian_2,12.5,17.700000000000003,20.0,1.046790313707398
V_2,Tian_2,12.5,17.9,15.0,1.045882252160998
V_2,Tian_2,12.700000000000001,8.1,0.0,
V_2,Tian_2,12.700000000000001,8.3,0.0,
V_2,Tian_2,12.700000000000001,8.5,0.0,
V_2,Tian_2,12.700000000000001,8.7,0.0,
V_2,Tian_2,12.700000000000001,8.9,0.0,
V_2,Tian_2,12.700000000000001,9.1,0.0,
V_2,Tian_2,12.700000000000001,9.3,0.0,
V_2,Tian_2,12.700000000000001,9.5,0.0,
V_2,Tian_2,12.700000000000001,9.7,0.0,
V_2,Tian_2,12.700000000000001,9.9,0.0,
V_2,Tian_2,12.700000000000001,10.1,0.0,
V_2,Tian_2,12.700000000000001,10.3,0.0,
V_2,Tian_2,12.700000000000001,10.5,0.0,
V_2,Tian_2,12.700000000000001,10.7,0.0,
V_2,Tian_2,12.700000000000001,10.9,0.0,
V_2,Tian_2,12.700000000000001,11.1,0.0,
V_2,Tian_2,12.700000000000001,11.3,0.0,
V_2,Tian_2,12.700000000000001,11.5,0.0,
V_2,Tian_2,12.700000000000001,11.7,1.0,
V_2,Tian_2,12.700000000000001,11.9,1.0,
V_2,Tian_2,12.700000000000001,12.1,3.0,1.0524491799769502
V_2,Tian_2,12.700000000000001,12.3,3.0,1.0524491799769502
V_2,Tian_2,12.700000000000001,12.5,6.0,1.0564434206303002
V_2,Tian_2,12.700000000000001,12.700000000000001,6.0,1.0564434206303002
V_2,Tian_2,12.700000000000001,12.9,10.0,1.0572773667516713
V_2,Tian_2,12.700000000000001,13.1,14.0,1.0567793101776428
V_2,Tian_2,12.700000000000001,13.3,13.0,1.056813995441252
V_2,Tian_2,12.700000000000001,13.5,17.0,1.058190091396171
V_2,Tian_2,12.700000000000001,13.700000000000001,15.0,1.059214161036985
V_2,Tian_2,12.700000000000001,13.9,19.0,1.060503084036505
V_2,Tian_2,12.700000000000001,14.1,16.0,1.0605153508026652
V_2,Tian_2,12.700000000000001,14.3,20.0,1.0609838899226856
V_2,Tian_2,12.700000000000001,14.5,16.0,1.0615977909199246
V_2,Tian_2,12.700000000000001,14.700000000000001,20.0,1.0632274784224731
V_2,Tian_2,12.700000000000001,14.9,16.0,1.0651508058424484
V_2,Tian_2,12.700000000000001,15.1,20.0,1.065201531067249
V_2,Tian_2,12.700000000000001,15.3,16.0,1.0658363130216468
V_2,Tian_2,12.700000000000001,15.5,20.0,1.0643846446737506
V_2,Tian_2,12.700000000000001,15.700000000000001,20.0,1.064798818718151
V_2,Tian_2,12.700000000000001,15.9,16.0,1.0652840117969973
V_2,Tian_2,12.700000000000001,16.1,20.0,1.0663536648825054
V_2,Tian_2,12.700000000000001,16.3,16.0,1.065505523994965
V_2,Tian_2,12.700000000000001,16.5,20.0,1.067291630154572
V_2,Tian_2,12.700000000000001,16.700000000000003,16.0,1.0677634297016025
V_2,Tian_2,12.700000000000001,16.9,20.0,1.0673275855087754
V_2,Tian_2,12.700000000000001,17.1,16.0,1.0695149890654279
V_2,Tian_2,12.700000000000001,17.3,20.0,1.068933377787643
V_2,Tian_2,12.700000000000001,17.5,16.0,1.0693148683578773
V_2,Tian_2,12.700000000000001,17.700000000000003,16.0,1.0693148683578773
V_2,Tian_2,12.700000000000001,17.9,12.0,1.0688757320689908
V_2,Tian_2,12.9,8.1,0.0,
V_2,Tian_2,12.9,8.3,0.0,
V_2,Tian_2,12.9,8.5,0.0,
V_2,Tian_2,12.9,8.7,0.0,
V_2,Tian_2,12.9,8.9,0.0,
V_2,Tian_2,12.9,9.1,0.0,
V_2,Tian_2,12.9,9.3,0.0,
V_2,Tian_2,12.9,9.5,0.0,
V_2,Tian_2,12.9,9.7,0.0,
V_2,Tian_2,12.9,9.9,0.0,
V_2,Tian_2,12.9,10.1,0.0,
V_2,Tian_2,12.9,10.3,0.0,
V_2,Tian_2,12.9,10.5,0.0,
V_2,Tian_2,12.9,10.7,0.0,
V_2,Tian_2,12.9,10.9,0.0,
V_2,Tian_2,12.9,11.1,0.0,
V_2,Tian_2,12.9,11.3,0.0,
V_2,Tian_2,12.9,11.5,0.0,
V_2,Tian_2,12.9,11.7,1.0,
V_2,Tian_2,12.9,11.9,1.0,
V_2,Tian_2,12.9,12.1,3.0,1.0524491799769502
V_2,Tian_2,12.9,12.3,3.0,1.0524491799769502
V_2,Tian_2,12.9,12.5,6.0,1.0564434206303002
V_2,Tian_2,12.9,12.700000000000001,6.0,1.0564434206303002
V_2,Tian_2,12.9,12.9,10.0,1.0572773667516713
V_2,Tian_2,12.9,13.1,15.0,1.0561630551283077
V_2,Tian_2,12.9,13.3,14.0,1.0561512446552779
V_2,Tian_2,12.9,13.5,19.0,1.057240885008943
V_2,Tian_2,12.9,13.700000000000001,17.0,1.0580328045288112
V_2,Tian_2,12.9,13.9,22.0,1.059464896204439
V_2,Tian_2,12.9,14.1,19.0,1.0593113017182478
V_2,Tian_2,12.9,14.3,24.0,1.0607186757029698
V_2,Tian_2,12.9,14.5,20.0,1.0611567536568178
V_2,Tian_2,12.9,14.700000000000001,25.0,1.063387630010675
V_2,Tian_2,12.9,14.9,20.0,1.0657509295429488
V_2,Tian_2,12.9,15.1,25.0,1.067095572941143
V_2,Tian_2,12.9,15.3,20.0,1.0687964966766275
V_2,Tian_2,12.9,15.5,25.0,1.068765028179091
V_2,Tian_2,12.9,15.700000000000001,25.0,1.071357211801999
V_2,Tian_2,12.9,15.9,20.0,1.0726798405412703
V_2,Tian_2,12.9,16.1,25.0,1.0748969462797293
V_2,Tian_2,12.9,16.3,20.0,1.0755433989931356
V_2,Tian_2,12.9,16.5,25.0,1.0785507944726644
V_2,Tian_2,12.9,16.700000000000003,20.0,1.0800699564573504
V_2,Tian_2,12.9,16.9,25.0,1.0802147553635704
V_2,Tian_2,12.9,17.1,20.0,1.083108655657227
V_2,Tian_2,12.9,17.3,25.0,1.0836337721439357
V_2,Tian_2,12.9,17.5,20.0,1.085218483675891
V_2,Tian_2,12.9,17.700000000000003,20.0,1.085218483675891
V_2,Tian_2,12.9,17.9,15.0,1.085702855156667
V_2,Tian_2,13.1,8.1,0.0,
V_2,Tian_2,13.1,8.3,0.0,
V_2,Tian_2,13.1,8.5,0.0,
V_2,Tian_2,13.1,8.7,0.0,
V_2,Tian_2,13.1,8.9,0.0,
V_2,Tian_2,13.1,9.1,0.0,
V_2,Tian_2,13.1,9.3,0.0,
V_2,Tian_2,13.1,9.5,0.0,
V_2,Tian_2,13.1,9.7,0.0,
V_2,Tian_2,13.1,9.9,0.0,
V_2,Tian_2,13.1,10.1,0.0,
V_2,Tian_2,13.1,10.3,0.0,
V_2,Tian_2,13.1,10.5,0.0,
V_2,Tian_2,13.1,10.7,0.0,
V_2,Tian_2,13.1,10.9,0.0,
V_2,Tian_2,13.1,11.1,0.0,
V_2,Tian_2,13.1,11.3,0.0,
V_2,Tian_2,13.1,11.5,0.0,
V_2,Tian_2,13.1,11.7,0.0,
V_2,Tian_2,13.1,11.9,0.0,
V_2,Tian_2,13.1,12.1,1.0,
V_2,Tian_2,13.1,12.3,1.0,
V_2,Tian_2,13.1,12.5,3.0,1.0544512321964932
V_2,Tian_2,13.1,12.700000000000001,3.0,1.0544512321964932
V_2,Tian_2,13.1,12.9,6.0,1.0539016815504858
V_2,Tian_2,13.1,13.1,10.0,1.0532889905494027
V_2,Tian_2,13.1,13.3,10.0,1.0532889905494027
V_2,Tian_2,13.1,13.5,15.0,1.052151231425522
V_2,Tian_2,13.1,13.700000000000001,14.0,1.0527788440954415
V_2,Tian_2,13.1,13.9,19.0,1.054494764986553
V_2,Tian_2,13.1,14.1,17.0,1.0538477348353927
V_2,Tian_2,13.1,14.3,22.0,1.0571065862664581
V_2,Tian_2,13.1,14.5,19.0,1.0576993950078233
V_2,Tian_2,13.1,14.700000000000001,24.0,1.0612298748995295
V_2,Tian_2,13.1,14.9,20.0,1.0630018590698795
V_2,Tian_2,13.1,15.1,25.0,1.0668449790666161
V_2,Tian_2,13.1,15.3,20.0,1.0710872955388298
V_2,Tian_2,13.1,15.5,25.0,1.072928066817925
V_2,Tian_2,13.1,15.700000000000001,25.0,1.0794934222318822
V_2,Tian_2,13.1,15.9,20.0,1.0823201075068325
V_2,Tian_2,13.1,16.1,25.0,1.0868696760502246
V_2,Tian_2,13.1,16.3,20.0,1.0899256704407776
V_2,Tian_2,13.1,16.5,25.0,1.095393429321252
V_2,Tian_2,13.1,16.700000000000003,20.0,1.0986874218881744
V_2,Tian_2,13.1,16.9,25.0,1.1004884611722756
V_2,Tian_2,13.1,17.1,20.0,1.1055377884817683
V_2,Tian_2,13.1,17.3,25.0,1.1082940054202672
V_2,Tian_2,13.1,17.5,20.0,1.112335976637471
V_2,Tian_2,13.1,17.700000000000003,20.0,1.112335976637471
V_2,Tian_2,13.1,17.9,15.0,1.1147586521086978
V_2,Tian_2,13.3,8.1,0.0,
V_2,Tian_2,13.3,8.3,0.0,
V_2,Tian_2,13.3,8.5,0.0,
V_2,Tian_2,13.3,8.7,0.0,
V_2,Tian_2,13.3,8.9,0.0,
V_2,Tian_2,13.3,9.1,0.0,
V_2,Tian_2,13.3,9.3,0.0,
V_2,Tian_2,13.3,9.5,0.0,
V_2,Tian_2,13.3,9.7,0.0,
V_2,Tian_2,13.3,9.9,0.0,
V_2,Tian_2,13.3,10.1,0.0,
V_2,Tian_2,13.3,10.3,0.0,
V_2,Tian_2,13.3,10.5,0.0,
V_2,Tian_2,13.3,10.7,0.0,
V_2,Tian_2,13.3,10.9,0.0,
V_2,Tian_2,13.3,11.1,0.0,
V_2,Tian_2,13.3,11.3,0.0,
V_2,Tian_2,13.3,11.5,0.0,
V_2,Tian_2,13.3,11.7,0.0,
V_2,Tian_2,13.3,11.9,0.0,
V_2,Tian_2,13.3,12.1,0.0,
V_2,Tian_2,13.3,12.3,0.0,
V_2,Tian_2,13.3,12.5,1.0,
V_2,Tian_2,13.3,12.700000000000001,1.0,
V_2,Tian_2,13.3,12.9,3.0,1.054708492910607
V_2,Tian_2,13.3,13.1,6.0,1.0540760474415334
V_2,Tian_2,13.3,13.3,6.0,1.0540760474415334
V_2,Tian_2,13.3,13.5,10.0,1.0513223528435722
V_2,Tian_2,13.3,13.700000000000001,10.0,1.0513223528435722
V_2,Tian_2,13.3,13.9,14.0,1.0531831538269307
V_2,Tian_2,13.3,14.1,13.0,1.0520618418093908
V_2,Tian_2,13.3,14.3,17.0,1.0568165088144745
V_2,Tian_2,13.3,14.5,15.0,1.0579676920779464
V_2,Tian_2,13.3,14.700000000000001,19.0,1.0620541925796285
V_2,Tian_2,13.3,14.9,16.0,1.0636686783184728
V_2,Tian_2,13.3,15.1,20.0,1.0687398602604559
V_2,Tian_2,13.3,15.3,16.0,1.0741268725889124
V_2,Tian_2,13.3,15.5,20.0,1.0768225161824736
V_2,Tian_2,13.3,15.700000000000001,20.0,1.085712707671517
V_2,Tian_2,13.3,15.9,16.0,1.0890735904441475
V_2,Tian_2,13.3,16.1,20.0,1.095187360879994
V_2,Tian_2,13.3,16.3,16.0,1.0996395587347587
V_2,Tian_2,13.3,16.5,20.0,1.1059608477589458
V_2,Tian_2,13.3,16.700000000000003,16.0,1.1101949126915853
V_2,Tian_2,13.3,16.9,20.0,1.1130441650041063
V_2,Tian_2,13.3,17.1,16.0,1.1194039336159534
V_2,Tian_2,13.3,17.3,20.0,1.1231499848137303
V_2,Tian_2,13.3,17.5,16.0,1.1283659525845267
V_2,Tian_2,13.3,17.700000000000003,16.0,1.1283659525845267
V_2,Tian_2,13.3,17.9,12.0,1.131273789238242
V_2,Tian_2,13.5,8.1,0.0,
V_2,Tian_2,13.5,8.3,0.0,
V_2,Tian_2,13.5,8.5,0.0,
V_2,Tian_2,13.5,8.7,0.0,
V_2,Tian_2,13.5,8.9,0.0,
V_2,Tian_2,13.5,9.1,0.0,
V_2,Tian_2,13.5,9.3,0.0,
V_2,Tian_2,13.5,9.5,0.0,
V_2,Tian_2,13.5,9.7,0.0,
V_2,Tian_2,13.5,9.9,0.0,
V_2,Tian_2,13.5,10.1,0.0,
V_2,Tian_2,13.5,10.3,0.0,
V_2,Tian_2,13.5,10.5,0.0,
V_2,Tian_2,13.5,10.7,0.0,
V_2,Tian_2,13.5,10.9,0.0,
V_2,Tian_2,13.5,11.1,0.0,
V_2,Tian_2,13.5,11.3,0.0,
V_2,Tian_2,13.5,11.5,0.0,
V_2,Tian_2,13.5,11.7,0.0,
V_2,Tian_2,13.5,11.9,0.0,
V_2,Tian_2,13.5,12.1,0.0,
V_2,Tian_2,13.5,12.3,0.0,
V_2,Tian_2,13.5,12.5,1.0,
V_2,Tian_2,13.5,12.700000000000001,1.0,
V_2,Tian_2,13.5,12.9,3.0,1.054708492910607
V_2,Tian_2,13.5,13.1,6.0,1.0540760474415334
V_2,Tian_2,13.5,13.3,6.0,1.0540760474415334
V_2,Tian_2,13.5,13.5,10.0,1.0513223528435722
V_2,Tian_2,13.5,13.700000000000001,10.0,1.0513223528435722
V_2,Tian_2,13.5,13.9,15.0,1.0519455067838885
V_2,Tian_2,13.5,14.1,14.0,1.05081588512167
V_2,Tian_2,13.5,14.3,19.0,1.05526742564013
V_2,Tian_2,13.5,14.5,17.0,1.056100930499153
V_2,Tian_2,13.5,14.700000000000001,22.0,1.059928624840093
V_2,Tian_2,13.5,14.9,19.0,1.0609525758191931
V_2,Tian_2,13.5,15.1,24.0,1.0664091245112568
V_2,Tian_2,13.5,15.3,20.0,1.0702525872241817
V_2,Tian_2,13.5,15.5,25.0,1.0746415293961409
V_2,Tian_2,13.5,15.700000000000001,25.0,1.085129236395144
V_2,Tian_2,13.5,15.9,20.0,1.0894786107209753
V_2,Tian_2,13.5,16.1,25.0,1.0967903761395863
V_2,Tian_2,13.5,16.3,20.0,1.102752273774661
V_2,Tian_2,13.5,16.5,25.0,1.109923140565991
V_2,Tian_2,13.5,16.700000000000003,20.0,1.1156179233222148
V_2,Tian_2,13.5,16.9,25.0,1.1190184540874015
V_2,Tian_2,13.5,17.1,20.0,1.125723743088258
V_2,Tian_2,13.5,17.3,25.0,1.130410925096221
V_2,Tian_2,13.5,17.5,20.0,1.1366060689553923
V_2,Tian_2,13.5,17.700000000000003,20.0,1.1366060689553923
V_2,Tian_2,13.5,17.9,15.0,1.1401289460025126
V_2,Tian_2,13.700000000000001,8.1,0.0,
V_2,Tian_2,13.700000000000001,8.3,0.0,
V_2,Tian_2,13.700000000000001,8.5,0.0,
V_2,Tian_2,13.700000000000001,8.7,0.0,
V_2,Tian_2,13.700000000000001,8.9,0.0,
V_2,Tian_2,13.700000000000001,9.1,0.0,
V_2,Tian_2,13.700000000000001,9.3,0.0,
V_2,Tian_2,13.700000000000001,9.5,0.0,
V_2,Tian_2,13.700000000000001,9.7,0.0,
V_2,Tian_2,13.700000000000001,9.9,0.0,
V_2,Tian_2,13.700000000000001,10.1,0.0,
V_2,Tian_2,13.700000000000001,10.3,0.0,
V_2,Tian_2,13.700000000000001,10.5,0.0,
V_2,Tian_2,13.700000000000001,10.7,0.0,
V_2,Tian_2,13.700000000000001,10.9,0.0,
V_2,Tian_2,13.700000000000001,11.1,0.0,
V_2,Tian_2,13.700000000000001,11.3,0.0,
V_2,Tian_2,13.700000000000001,11.5,0.0,
V_2,Tian_2,13.700000000000001,11.7,0.0,
V_2,Tian_2,13.700000000000001,11.9,0.0,
V_2,Tian_2,13.700000000000001,12.1,0.0,
V_2,Tian_2,13.700000000000001,12.3,0.0,
V_2,Tian_2,13.700000000000001,12.5,0.0,
V_2,Tian_2,13.700000000000001,12.700000000000001,0.0,
V_2,Tian_2,13.700000000000001,12.9,1.0,
V_2,Tian_2,13.700000000000001,13.1,3.0,1.0428305023168163
V_2,Tian_2,13.700000000000001,13.3,3.0,1.0428305023168163
V_2,Tian_2,13.700000000000001,13.5,6.0,1.0418753811412482
V_2,Tian_2,13.700000000000001,13.700000000000001,6.0,1.0418753811412482
V_2,Tian_2,13.700000000000001,13.9,10.0,1.0449483629003145
V_2,Tian_2,13.700000000000001,14.1,10.0,1.0449483629003145
V_2,Tian_2,13.700000000000001,14.3,14.0,1.0509944000203828
V_2,Tian_2,13.700000000000001,14.5,13.0,1.0529685249786236
V_2,Tian_2,13.700000000000001,14.700000000000001,17.0,1.056591741770182
V_2,Tian_2,13.700000000000001,14.9,15.0,1.05725992524706
V_2,Tian_2,13.700000000000001,15.1,19.0,1.0634870749381726
V_2,Tian_2,13.700000000000001,15.3,16.0,1.0677183527455152
V_2,Tian_2,13.700000000000001,15.5,20.0,1.0735342766867588
V_2,Tian_2,13.700000000000001,15.700000000000001,20.0,1.0854314548494342
V_2,Tian_2,13.700000000000001,15.9,16.0,1.0902619453566542
V_2,Tian_2,13.700000000000001,16.1,20.0,1.0990001255660327
V_2,Tian_2,13.700000000000001,16.3,16.0,1.1066583578718543
V_2,Tian_2,13.700000000000001,16.5,20.0,1.1146821883160913
V_2,Tian_2,13.700000000000001,16.700000000000003,16.0,1.1216430138251527
V_2,Tian_2,13.700000000000001,16.9,20.0,1.1256110562857926
V_2,Tian_2,13.700000000000001,17.1,16.0,1.1328143272443076
V_2,Tian_2,13.700000000000001,17.3,20.0,1.1387972694590038
V_2,Tian_2,13.700000000000001,17.5,16.0,1.1462356552356818
V_2,Tian_2,13.700000000000001,17.700000000000003,16.0,1.1462356552356818
V_2,Tian_2,13.700000000000001,17.9,12.0,1.1503299248463936
V_2,Tian_2,13.9,8.1,0.0,
V_2,Tian_2,13.9,8.3,0.0,
V_2,Tian_2,13.9,8.5,0.0,
V_2,Tian_2,13.9,8.7,0.0,
V_2,Tian_2,13.9,8.9,0.0,
V_2,Tian_2,13.9,9.1,0.0,
V_2,Tian_2,13.9,9.3,0.0,
V_2,Tian_2,13.9,9.5,0.0,
V_2,Tian_2,13.9,9.7,0.0,
V_2,Tian_2,13.9,9.9,0.0,
V_2,Tian_2,13.9,10.1,0.0,
V_2,Tian_2,13.9,10.3,0.0,
V_2,Tian_2,13.9,10.5,0.0,
V_2,Tian_2,13.9,10.7,0.0,
V_2,Tian_2,13.9,10.9,0.0,
V_2,Tian_2,13.9,11.1,0.0,
V_2,Tian_2,13.9,11.3,0.0,
V_2,Tian_2,13.9,11.5,0.0,
V_2,Tian_2,13.9,11.7,0.0,
V_2,Tian_2,13.9,11.9,0.0,
V_2,Tian_2,13.9,12.1,0.0,
V_2,Tian_2,13.9,12.3,0.0,
V_2,Tian_2,13.9,12.5,0.0,
V_2,Tian_2,13.9,12.700000000000001,0.0,
V_2,Tian_2,13.9,12.9,1.0,
V_2,Tian_2,13.9,13.1,3.0,1.0428305023168163
V_2,Tian_2,13.9,13.3,3.0,1.0428305023168163
V_2,Tian_2,13.9,13.5,6.0,1.0418753811412482
V_2,Tian_2,13.9,13.700000000000001,6.0,1.0418753811412482
V_2,Tian_2,13.9,13.9,10.0,1.0449483629003145
V_2,Tian_2,13.9,14.1,10.0,1.0449483629003145
V_2,Tian_2,13.9,14.3,15.0,1.0473014498498032
V_2,Tian_2,13.9,14.5,14.0,1.0488707837274138
V_2,Tian_2,13.9,14.700000000000001,19.0,1.0525863174990908
V_2,Tian_2,13.9,14.9,17.0,1.0527046647703255
V_2,Tian_2,13.9,15.1,22.0,1.0591873667526792
V_2,Tian_2,13.9,15.3,19.0,1.0620716467716793
V_2,Tian_2,13.9,15.5,24.0,1.0677930775002575
V_2,Tian_2,13.9,15.700000000000001,25.0,1.0790093881315987
V_2,Tian_2,13.9,15.9,20.0,1.0857598292273034
V_2,Tian_2,13.9,16.1,25.0,1.0950220418361645
V_2,Tian_2,13.9,16.3,20.0,1.1030300992802589
V_2,Tian_2,13.9,16.5,25.0,1.1125842490853945
V_2,Tian_2,13.9,16.700000000000003,20.0,1.1204231729835725
V_2,Tian_2,13.9,16.9,25.0,1.125266489995193
V_2,Tian_2,13.9,17.1,20.0,1.1341994839267777
V_2,Tian_2,13.9,17.3,25.0,1.140854619372612
V_2,Tian_2,13.9,17.5,20.0,1.1487466649437927
V_2,Tian_2,13.9,17.700000000000003,20.0,1.1487466649437927
V_2,Tian_2,13.9,17.9,15.0,1.1543052558345204
V_2,Tian_2,14.1,8.1,0.0,
V_2,Tian_2,14.1,8.3,0.0,
V_2,Tian_2,14.1,8.5,0.0,
V_2,Tian_2,14.1,8.7,0.0,
V_2,Tian_2,14.1,8.9,0.0,
V_2,Tian_2,14.1,9.1,0.0,
V_2,Tian_2,14.1,9.3,0.0,
V_2,Tian_2,14.1,9.5,0.0,
V_2,Tian_2,14.1,9.7,0.0,
V_2,Tian_2,14.1,9.9,0.0,
V_2,Tian_2,14.1,10.1,0.0,
V_2,Tian_2,14.1,10.3,0.0,
V_2,Tian_2,14.1,10.5,0.0,
V_2,Tian_2,14.1,10.7,0.0,
V_2,Tian_2,14.1,10.9,0.0,
V_2,Tian_2,14.1,11.1,0.0,
V_2,Tian_2,14.1,11.3,0.0,
V_2,Tian_2,14.1,11.5,0.0,
V_2,Tian_2,14.1,11.7,0.0,
V_2,Tian_2,14.1,11.9,0.0,
V_2,Tian_2,14.1,12.1,0.0,
V_2,Tian_2,14.1,12.3,0.0,
V_2,Tian_2,14.1,12.5,0.0,
V_2,Tian_2,14.1,12.700000000000001,0.0,
V_2,Tian_2,14.1,12.9,0.0,
V_2,Tian_2,14.1,13.1,1.0,
V_2,Tian_2,14.1,13.3,1.0,
V_2,Tian_2,14.1,13.5,3.0,1.0376499213511274
V_2,Tian_2,14.1,13.700000000000001,3.0,1.0376499213511274
V_2,Tian_2,14.1,13.9,6.0,1.0405083322872137
V_2,Tian_2,14.1,14.1,6.0,1.0405083322872137
V_2,Tian_2,14.1,14.3,10.0,1.0425442904663993
V_2,Tian_2,14.1,14.5,10.0,1.0425442904663993
V_2,Tian_2,14.1,14.700000000000001,14.0,1.047710216991439
V_2,Tian_2,14.1,14.9,13.0,1.0477236579571179
V_2,Tian_2,14.1,15.1,17.0,1.0556453227926232
V_2,Tian_2,14.1,15.3,15.0,1.0587037471905885
V_2,Tian_2,14.1,15.5,19.0,1.0654993344271861
V_2,Tian_2,14.1,15.700000000000001,20.0,1.0784657202298464
V_2,Tian_2,14.1,15.9,16.0,1.0866825933535136
V_2,Tian_2,14.1,16.1,20.0,1.096782031130441
V_2,Tian_2,14.1,16.3,16.0,1.1058212805870418
V_2,Tian_2,14.1,16.5,20.0,1.1166555206306572
V_2,Tian_2,14.1,16.700000000000003,16.0,1.1254717174113176
V_2,Tian_2,14.1,16.9,20.0,1.1311320747840807
V_2,Tian_2,14.1,17.1,16.0,1.141169396838994
V_2,Tian_2,14.1,17.3,20.0,1.1485732409207476
V_2,Tian_2,14.1,17.5,16.0,1.1572835961415413
V_2,Tian_2,14.1,17.700000000000003,16.0,1.1572835961415413
V_2,Tian_2,14.1,17.9,12.0,1.1639848674426716
V_2,Tian_2,14.3,8.1,0.0,
V_2,Tian_2,14.3,8.3,0.0,
V_2,Tian_2,14.3,8.5,0.0,
V_2,Tian_2,14.3,8.7,0.0,
V_2,Tian_2,14.3,8.9,0.0,
V_2,Tian_2,14.3,9.1,0.0,
V_2,Tian_2,14.3,9.3,0.0,
V_2,Tian_2,14.3,9.5,0.0,
V_2,Tian_2,14.3,9.7,0.0,
V_2,Tian_2,14.3,9.9,0.0,
V_2,Tian_2,14.3,10.1,0.0,
V_2,Tian_2,14.3,10.3,0.0,
V_2,Tian_2,14.3,10.5,0.0,
V_2,Tian_2,14.3,10.7,0.0,
V_2,Tian_2,14.3,10.9,0.0,
V_2,Tian_2,14.3,11.1,0.0,
V_2,Tian_2,14.3,11.3,0.0,
V_2,Tian_2,14.3,11.5,0.0,
V_2,Tian_2,14.3,11.7,0.0,
V_2,Tian_2,14.3,11.9,0.0,
V_2,Tian_2,14.3,12.1,0.0,
V_2,Tian_2,14.3,12.3,0.0,
V_2,Tian_2,14.3,12.5,0.0,
V_2,Tian_2,14.3,12.700000000000001,0.0,
V_2,Tian_2,14.3,12.9,0.0,
V_2,Tian_2,14.3,13.1,1.0,
V_2,Tian_2,14.3,13.3,1.0,
V_2,Tian_2,14.3,13.5,3.0,1.0376499213511274
V_2,Tian_2,14.3,13.700000000000001,3.0,1.0376499213511274
V_2,Tian_2,14.3,13.9,6.0,1.0405083322872137
V_2,Tian_2,14.3,14.1,6.0,1.0405083322872137
V_2,Tian_2,14.3,14.3,10.0,1.0425442904663993
V_2,Tian_2,14.3,14.5,10.0,1.0425442904663993
V_2,Tian_2,14.3,14.700000000000001,15.0,1.0459439450594206
V_2,Tian_2,14.3,14.9,14.0,1.0458302636752639
V_2,Tian_2,14.3,15.1,19.0,1.0530138262878148
V_2,Tian_2,14.3,15.3,17.0,1.05540284822663
V_2,Tian_2,14.3,15.5,22.0,1.0623161558280612
V_2,Tian_2,14.3,15.700000000000001,24.0,1.0746343756989578
V_2,Tian_2,14.3,15.9,20.0,1.0804416052917136
V_2,Tian_2,14.3,16.1,25.0,1.0910458125633786
V_2,Tian_2,14.3,16.3,20.0,1.1006214521428574
V_2,Tian_2,14.3,16.5,25.0,1.1128149775221905
V_2,Tian_2,14.3,16.700000000000003,20.0,1.1227367715019987
V_2,Tian_2,14.3,16.9,25.0,1.1295246078525991
V_2,Tian_2,14.3,17.1,20.0,1.1404504093975167
V_2,Tian_2,14.3,17.3,25.0,1.1488555194056636
V_2,Tian_2,14.3,17.5,20.0,1.1585509083457026
V_2,Tian_2,14.3,17.700000000000003,20.0,1.1585509083457026
V_2,Tian_2,14.3,17.9,15.0,1.1669136639109243
V_2,Tian_2,14.5,8.1,0.0,
V_2,Tian_2,14.5,8.3,0.0,
V_2,Tian_2,14.5,8.5,0.0,
V_2,Tian_2,14.5,8.7,0.0,
V_2,Tian_2,14.5,8.9,0.0,
V_2,Tian_2,14.5,9.1,0.0,
V_2,Tian_2,14.5,9.3,0.0,
V_2,Tian_2,14.5,9.5,0.0,
V_2,Tian_2,14.5,9.7,0.0,
V_2,Tian_2,14.5,9.9,0.0,
V_2,Tian_2,14.5,10.1,0.0,
V_2,Tian_2,14.5,10.3,0.0,
V_2,Tian_2,14.5,10.5,0.0,
V_2,Tian_2,14.5,10.7,0.0,
V_2,Tian_2,14.5,10.9,0.0,
V_2,Tian_2,14.5,11.1,0.0,
V_2,Tian_2,14.5,11.3,0.0,
V_2,Tian_2,14.5,11.5,0.0,
V_2,Tian_2,14.5,11.7,0.0,
V_2,Tian_2,14.5,11.9,0.0,
V_2,Tian_2,14.5,12.1,0.0,
V_2,Tian_2,14.5,12.3,0.0,
V_2,Tian_2,14.5,12.5,0.0,
V_2,Tian_2,14.5,12.700000000000001,0.0,
V_2,Tian_2,14.5,12.9,0.0,
V_2,Tian_2,14.5,13.1,0.0,
V_2,Tian_2,14.5,13.3,0.0,
V_2,Tian_2,14.5,13.5,1.0,
V_2,Tian_2,14.5,13.700000000000001,1.0,
V_2,Tian_2,14.5,13.9,3.0,1.0281269579730734
V_2,Tian_2,14.5,14.1,3.0,1.0281269579730734
V_2,Tian_2,14.5,14.3,6.0,1.0313120810410714
V_2,Tian_2,14.5,14.5,6.0,1.0313120810410714
V_2,Tian_2,14.5,14.700000000000001,10.0,1.0369017994073897
V_2,Tian_2,14.5,14.9,10.0,1.0369017994073897
V_2,Tian_2,14.5,15.1,14.0,1.0452788569489202
V_2,Tian_2,14.5,15.3,13.0,1.0476384226666549
V_2,Tian_2,14.5,15.5,17.0,1.0552660363067705
V_2,Tian_2,14.5,15.700000000000001,19.0,1.0685932155835807
V_2,Tian_2,14.5,15.9,16.0,1.0749862177350518
V_2,Tian_2,14.5,16.1,20.0,1.086539747737067
V_2,Tian_2,14.5,16.3,16.0,1.0968530904321174
V_2,Tian_2,14.5,16.5,20.0,1.1101218589664796
V_2,Tian_2,14.5,16.700000000000003,16.0,1.1210969485074127
V_2,Tian_2,14.5,16.9,20.0,1.128964901120061
V_2,Tian_2,14.5,17.1,16.0,1.1411921812407901
V_2,Tian_2,14.5,17.3,20.0,1.150460561864803
V_2,Tian_2,14.5,17.5,16.0,1.1609803991951417
V_2,Tian_2,14.5,17.700000000000003,16.0,1.1609803991951417
V_2,Tian_2,14.5,17.9,12.0,1.1703892430118126
V_2,Tian_2,14.700000000000001,8.1,0.0,
V_2,Tian_2,14.700000000000001,8.3,0.0,
V_2,Tian_2,14.700000000000001,8.5,0.0,
V_2,Tian_2,14.700000000000001,8.7,0.0,
V_2,Tian_2,14.700000000000001,8.9,0.0,
V_2,Tian_2,14.700000000000001,9.1,0.0,
V_2,Tian_2,14.700000000000001,9.3,0.0,
V_2,Tian_2,14.700000000000001,9.5,0.0,
V_2,Tian_2,14.700000000000001,9.7,0.0,
V_2,Tian_2,14.700000000000001,9.9,0.0,
V_2,Tian_2,14.700000000000001,10.1,0.0,
V_2,Tian_2,14.700000000000001,10.3,0.0,
V_2,Tian_2,14.700000000000001,10.5,0.0,
V_2,Tian_2,14.700000000000001,10.7,0.0,
V_2,Tian_2,14.700000000000001,10.9,0.0,
V_2,Tian_2,14.700000000000001,11.1,0.0,
V_2,Tian_2,14.700000000000001,11.3,0.0,
V_2,Tian_2,14.700000000000001,11.5,0.0,
V_2,Tian_2,14.700000000000001,11.7,0.0,
V_2,Tian_2,14.700000000000001,11.9,0.0,
V_2,Tian_2,14.700000000000001,12.1,0.0,
V_2,Tian_2,14.700000000000001,12.3,0.0,
V_2,Tian_2,14.700000000000001,12.5,0.0,
V_2,Tian_2,14.700000000000001,12.700000000000001,0.0,
V_2,Tian_2,14.700000000000001,12.9,0.0,
V_2,Tian_2,14.700000000000001,13.1,0.0,
V_2,Tian_2,14.700000000000001,13.3,0.0,
V_2,Tian_2,14.700000000000001,13.5,1.0,
V_2,Tian_2,14.700000000000001,13.700000000000001,1.0,
V_2,Tian_2,14.700000000000001,13.9,3.0,1.0281269579730734
V_2,Tian_2,14.700000000000001,14.1,3.0,1.0281269579730734
V_2,Tian_2,14.700000000000001,14.3,6.0,1.0313120810410714
V_2,Tian_2,14.700000000000001,14.5,6.0,1.0313120810410714
V_2,Tian_2,14.700000000000001,14.700000000000001,10.0,1.0369017994073897
V_2,Tian_2,14.700000000000001,14.9,10.0,1.0369017994073897
V_2,Tian_2,14.700000000000001,15.1,15.0,1.0417066926715752
V_2,Tian_2,14.700000000000001,15.3,14.0,1.0436425633896613
V_2,Tian_2,14.700000000000001,15.5,19.0,1.0498286665219392
V_2,Tian_2,14.700000000000001,15.700000000000001,22.0,1.062593900947747
V_2,Tian_2,14.700000000000001,15.9,19.0,1.0670302215012226
V_2,Tian_2,14.700000000000001,16.1,24.0,1.0793073872660153
V_2,Tian_2,14.700000000000001,16.3,20.0,1.0861115893278448
V_2,Tian_2,14.700000000000001,16.5,25.0,1.1000342038171054
V_2,Tian_2,14.700000000000001,16.700000000000003,20.0,1.1122136349713947
V_2,Tian_2,14.700000000000001,16.9,25.0,1.121001609720031
V_2,Tian_2,14.700000000000001,17.1,20.0,1.1344645733269596
V_2,Tian_2,14.700000000000001,17.3,25.0,1.144754056799838
V_2,Tian_2,14.700000000000001,17.5,20.0,1.1559376945880753
V_2,Tian_2,14.700000000000001,17.700000000000003,20.0,1.1559376945880753
V_2,Tian_2,14.700000000000001,17.9,15.0,1.1659300537266912
V_2,Tian_2,14.9,8.1,0.0,
V_2,Tian_2,14.9,8.3,0.0,
V_2,Tian_2,14.9,8.5,0.0,
V_2,Tian_2,14.9,8.7,0.0,
V_2,Tian_2,14.9,8.9,0.0,
V_2,Tian_2,14.9,9.1,0.0,
V_2,Tian_2,14.9,9.3,0.0,
V_2,Tian_2,14.9,9.5,0.0,
V_2,Tian_2,14.9,9.7,0.0,
V_2,Tian_2,14.9,9.9,0.0,
V_2,Tian_2,14.9,10.1,0.0,
V_2,Tian_2,14.9,10.3,0.0,
V_2,Tian_2,14.9,10.5,0.0,
V_2,Tian_2,14.9,10.7,0.0,
V_2,Tian_2,14.9,10.9,0.0,
V_2,Tian_2,14.9,11.1,0.0,
V_2,Tian_2,14.9,11.3,0.0,
V_2,Tian_2,14.9,11.5,0.0,
V_2,Tian_2,14.9,11.7,0.0,
V_2,Tian_2,14.9,11.9,0.0,
V_2,Tian_2,14.9,12.1,0.0,
V_2,Tian_2,14.9,12.3,0.0,
V_2,Tian_2,14.9,12.5,0.0,
V_2,Tian_2,14.9,12.700000000000001,0.0,
V_2,Tian_2,14.9,12.9,0.0,
V_2,Tian_2,14.9,13.1,0.0,
V_2,Tian_2,14.9,13.3,0.0,
V_2,Tian_2,14.9,13.5,0.0,
V_2,Tian_2,14.9,13.700000000000001,0.0,
V_2,Tian_2,14.9,13.9,1.0,
V_2,Tian_2,14.9,14.1,1.0,
V_2,Tian_2,14.9,14.3,3.0,1.0266001949260308
V_2,Tian_2,14.9,14.5,3.0,1.0266001949260308
V_2,Tian_2,14.9,14.700000000000001,6.0,1.032949441311651
V_2,Tian_2,14.9,14.9,6.0,1.032949441311651
V_2,Tian_2,14.9,15.1,10.0,1.0367878032577336
V_2,Tian_2,14.9,15.3,10.0,1.0367878032577336
V_2,Tian_2,14.9,15.5,14.0,1.04425902559483
V_2,Tian_2,14.9,15.700000000000001,17.0,1.0574286882170587
V_2,Tian_2,14.9,15.9,15.0,1.0620737042062136
V_2,Tian_2,14.9,16.1,19.0,1.0749814606101002
V_2,Tian_2,14.9,16.3,16.0,1.0816719805312558
V_2,Tian_2,14.9,16.5,20.0,1.0967752980661776
V_2,Tian_2,14.9,16.700000000000003,16.0,1.1103327860385075
V_2,Tian_2,14.9,16.9,20.0,1.11976175487499
V_2,Tian_2,14.9,17.1,16.0,1.133967923234345
V_2,Tian_2,14.9,17.3,20.0,1.1451128437846332
V_2,Tian_2,14.9,17.5,16.0,1.1569360678843115
V_2,Tian_2,14.9,17.700000000000003,16.0,1.1569360678843115
V_2,Tian_2,14.9,17.9,12.0,1.1681195748041906
V_2,Tian_2,15.1,8.1,0.0,
V_2,Tian_2,15.1,8.3,0.0,
V_2,Tian_2,15.1,8.5,0.0,
V_2,Tian_2,15.1,8.7,0.0,
V_2,Tian_2,15.1,8.9,0.0,
V_2,Tian_2,15.1,9.1,0.0,
V_2,Tian_2,15.1,9.3,0.0,
V_2,Tian_2,15.1,9.5,0.0,
V_2,Tian_2,15.1,9.7,0.0,
V_2,Tian_2,15.1,9.9,0.0,
V_2,Tian_2,15.1,10.1,0.0,
V_2,Tian_2,15.1,10.3,0.0,
V_2,Tian_2,15.1,10.5,0.0,
V_2,Tian_2,15.1,10.7,0.0,
V_2,Tian_2,15.1,10.9,0.0,
V_2,Tian_2,15.1,11.1,0.0,
V_2,Tian_2,15.1,11.3,0.0,
V_2,Tian_2,15.1,11.5,0.0,
V_2,Tian_2,15.1,11.7,0.0,
V_2,Tian_2,15.1,11.9,0.0,
V_2,Tian_2,15.1,12.1,0.0,
V_2,Tian_2,15.1,12.3,0.0,
V_2,Tian_2,15.1,12.5,0.0,
V_2,Tian_2,15.1,12.700000000000001,0.0,
V_2,Tian_2,15.1,12.9,0.0,
V_2,Tian_2,15.1,13.1,0.0,
V_2,Tian_2,15.1,13.3,0.0,
V_2,Tian_2,15.1,13.5,0.0,
V_2,Tian_2,15.1,13.700000000000001,0.0,
V_2,Tian_2,15.1,13.9,1.0,
V_2,Tian_2,15.1,14.1,1.0,
V_2,Tian_2,15.1,14.3,3.0,1.0266001949260308
V_2,Tian_2,15.1,14.5,3.0,1.0266001949260308
V_2,Tian_2,15.1,14.700000000000001,6.0,1.032949441311651
V_2,Tian_2,15.1,14.9,6.0,1.032949441311651
V_2,Tian_2,15.1,15.1,10.0,1.0367878032577336
V_2,Tian_2,15.1,15.3,10.0,1.0367878032577336
V_2,Tian_2,15.1,15.5,15.0,1.040385299573328
V_2,Tian_2,15.1,15.700000000000001,19.0,1.0527508941621893
V_2,Tian_2,15.1,15.9,17.0,1.0562991089696947
V_2,Tian_2,15.1,16.1,22.0,1.0689773246696102
V_2,Tian_2,15.1,16.3,19.0,1.07366342524419
V_2,Tian_2,15.1,16.5,24.0,1.0899965823953919
V_2,Tian_2,15.1,16.700000000000003,20.0,1.0994868296390987
V_2,Tian_2,15.1,16.9,25.0,1.110688575003306
V_2,Tian_2,15.1,17.1,20.0,1.1264656457030033
V_2,Tian_2,15.1,17.3,25.0,1.138620870262001
V_2,Tian_2,15.1,17.5,20.0,1.1517207906443523
V_2,Tian_2,15.1,17.700000000000003,20.0,1.1517207906443523
V_2,Tian_2,15.1,17.9,15.0,1.1649333015093624
V_2,Tian_2,15.3,8.1,0.0,
V_2,Tian_2,15.3,8.3,0.0,
V_2,Tian_2,15.3,8.5,0.0,
V_2,Tian_2,15.3,8.7,0.0,
V_2,Tian_2,15.3,8.9,0.0,
V_2,Tian_2,15.3,9.1,0.0,
V_2,Tian_2,15.3,9.3,0.0,
V_2,Tian_2,15.3,9.5,0.0,
V_2,Tian_2,15.3,9.7,0.0,
V_2,Tian_2,15.3,9.9,0.0,
V_2,Tian_2,15.3,10.1,0.0,
V_2,Tian_2,15.3,10.3,0.0,
V_2,Tian_2,15.3,10.5,0.0,
V_2,Tian_2,15.3,10.7,0.0,
V_2,Tian_2,15.3,10.9,0.0,
V_2,Tian_2,15.3,11.1,0.0,
V_2,Tian_2,15.3,11.3,0.0,
V_2,Tian_2,15.3,11.5,0.0,
V_2,Tian_2,15.3,11.7,0.0,
V_2,Tian_2,15.3,11.9,0.0,
V_2,Tian_2,15.3,12.1,0.0,
V_2,Tian_2,15.3,12.3,0.0,
V_2,Tian_2,15.3,12.5,0.0,
V_2,Tian_2,15.3,12.700000000000001,0.0,
V_2,Tian_2,15.3,12.9,0.0,
V_2,Tian_2,15.3,13.1,0.0,
V_2,Tian_2,15.3,13.3,0.0,
V_2,Tian_2,15.3,13.5,0.0,
V_2,Tian_2,15.3,13.700000000000001,0.0,
V_2,Tian_2,15.3,13.9,0.0,
V_2,Tian_2,15.3,14.1,0.0,
V_2,Tian_2,15.3,14.3,1.0,
V_2,Tian_2,15.3,14.5,1.0,
V_2,Tian_2,15.3,14.700000000000001,3.0,1.0194321868002658
V_2,Tian_2,15.3,14.9,3.0,1.0194321868002658
V_2,Tian_2,15.3,15.1,6.0,1.0248093749193827
V_2,Tian_2,15.3,15.3,6.0,1.0248093749193827
V_2,Tian_2,15.3,15.5,10.0,1.027619158234587
V_2,Tian_2,15.3,15.700000000000001,14.0,1.042020730902382
V_2,Tian_2,15.3,15.9,13.0,1.0455915450132045
V_2,Tian_2,15.3,16.1,17.0,1.058911115108332
V_2,Tian_2,15.3,16.3,15.0,1.062586169593502
V_2,Tian_2,15.3,16.5,19.0,1.080581916764134
V_2,Tian_2,15.3,16.700000000000003,16.0,1.0900310455876903
V_2,Tian_2,15.3,16.9,20.0,1.1026318161489868
V_2,Tian_2,15.3,17.1,16.0,1.1203313118843852
V_2,Tian_2,15.3,17.3,20.0,1.1334124162709556
V_2,Tian_2,15.3,17.5,16.0,1.147259354695727
V_2,Tian_2,15.3,17.700000000000003,16.0,1.147259354695727
V_2,Tian_2,15.3,17.9,12.0,1.1622792336218044
V_2,Tian_2,15.5,8.1,0.0,
V_2,Tian_2,15.5,8.3,0.0,
V_2,Tian_2,15.5,8.5,0.0,
V_2,Tian_2,15.5,8.7,0.0,
V_2,Tian_2,15.5,8.9,0.0,
V_2,Tian_2,15.5,9.1,0.0,
V_2,Tian_2,15.5,9.3,0.0,
V_2,Tian_2,15.5,9.5,0.0,
V_2,Tian_2,15.5,9.7,0.0,
V_2,Tian_2,15.5,9.9,0.0,
V_2,Tian_2,15.5,10.1,0.0,
V_2,Tian_2,15.5,10.3,0.0,
V_2,Tian_2,15.5,10.5,0.0,
V_2,Tian_2,15.5,10.7,0.0,
V_2,Tian_2,15.5,10.9,0.0,
V_2,Tian_2,15.5,11.1,0.0,
V_2,Tian_2,15.5,11.3,0.0,
V_2,Tian_2,15.5,11.5,0.0,
V_2,Tian_2,15.5,11.7,0.0,
V_2,Tian_2,15.5,11.9,0.0,
V_2,Tian_2,15.5,12.1,0.0,
V_2,Tian_2,15.5,12.3,0.0,
V_2,Tian_2,15.5,12.5,0.0,
V_2,Tian_2,15.5,12.700000000000001,0.0,
V_2,Tian_2,15.5,12.9,0.0,
V_2,Tian_2,15.5,13.1,0.0,
V_2,Tian_2,15.5,13.3,0.0,
V_2,Tian_2,15.5,13.5,0.0,
V_2,Tian_2,15.5,13.700000000000001,0.0,
V_2,Tian_2,15.5,13.9,0.0,
V_2,Tian_2,15.5,14.1,0.0,
V_2,Tian_2,15.5,14.3,1.0,
V_2,Tian_2,15.5,14.5,1.0,
V_2,Tian_2,15.5,14.700000000000001,3.0,1.0194321868002658
V_2,Tian_2,15.5,14.9,3.0,1.0194321868002658
V_2,Tian_2,15.5,15.1,6.0,1.0248093749193827
V_2,Tian_2,15.5,15.3,6.0,1.0248093749193827
V_2,Tian_2,15.5,15.5,10.0,1.027619158234587
V_2,Tian_2,15.5,15.700000000000001,15.0,1.0404342780453082
V_2,Tian_2,15.5,15.9,14.0,1.0436367159441384
V_2,Tian_2,15.5,16.1,19.0,1.0558259573294644
V_2,Tian_2,15.5,16.3,17.0,1.0587056927247478
V_2,Tian_2,15.5,16.5,22.0,1.076861641615581
V_2,Tian_2,15.5,16.700000000000003,19.0,1.0842313908645935
V_2,Tian_2,15.5,16.9,24.0,1.0970152012320031
V_2,Tian_2,15.5,17.1,20.0,1.1100514748369252
V_2,Tian_2,15.5,17.3,25.0,1.1239417165952301
V_2,Tian_2,15.5,17.5,20.0,1.13841101632735
V_2,Tian_2,15.5,17.700000000000003,20.0,1.13841101632735
V_2,Tian_2,15.5,17.9,15.0,1.1545627440336748
V_2,Tian_2,15.700000000000001,8.1,0.0,
V_2,Tian_2,15.700000000000001,8.3,0.0,
V_2,Tian_2,15.700000000000001,8.5,0.0,
V_2,Tian_2,15.700000000000001,8.7,0.0,
V_2,Tian_2,15.700000000000001,8.9,0.0,
V_2,Tian_2,15.700000000000001,9.1,0.0,
V_2,Tian_2,15.700000000000001,9.3,0.0,
V_2,Tian_2,15.700000000000001,9.5,0.0,
V_2,Tian_2,15.700000000000001,9.7,0.0,
V_2,Tian_2,15.700000000000001,9.9,0.0,
V_2,Tian_2,15.700000000000001,10.1,0.0,
V_2,Tian_2,15.700000000000001,10.3,0.0,
V_2,Tian_2,15.700000000000001,10.5,0.0,
V_2,Tian_2,15.700000000000001,10.7,0.0,
V_2,Tian_2,15.700000000000001,10.9,0.0,
V_2,Tian_2,15.700000000000001,11.1,0.0,
V_2,Tian_2,15.700000000000001,11.3,0.0,
V_2,Tian_2,15.700000000000001,11.5,0.0,
V_2,Tian_2,15.700000000000001,11.7,0.0,
V_2,Tian_2,15.700000000000001,11.9,0.0,
V_2,Tian_2,15.700000000000001,12.1,0.0,
V_2,Tian_2,15.700000000000001,12.3,0.0,
V_2,Tian_2,15.700000000000001,12.5,0.0,
V_2,Tian_2,15.700000000000001,12.700000000000001,0.0,
V_2,Tian_2,15.700000000000001,12.9,0.0,
V_2,Tian_2,15.700000000000001,13.1,0.0,
V_2,Tian_2,15.700000000000001,13.3,0.0,
V_2,Tian_2,15.700000000000001,13.5,0.0,
V_2,Tian_2,15.700000000000001,13.700000000000001,0.0,
V_2,Tian_2,15.700000000000001,13.9,0.0,
V_2,Tian_2,15.700000000000001,14.1,0.0,
V_2,Tian_2,15.700000000000001,14.3,0.0,
V_2,Tian_2,15.700000000000001,14.5,0.0,
V_2,Tian_2,15.700000000000001,14.700000000000001,1.0,
V_2,Tian_2,15.700000000000001,14.9,1.0,
V_2,Tian_2,15.700000000000001,15.1,3.0,1.0176628682608768
V_2,Tian_2,15.700000000000001,15.3,3.0,1.0176628682608768
V_2,Tian_2,15.700000000000001,15.5,6.0,1.019973876012477
V_2,Tian_2,15.700000000000001,15.700000000000001,10.0,1.0339908564378337
V_2,Tian_2,15.700000000000001,15.9,10.0,1.0339908564378337
V_2,Tian_2,15.700000000000001,16.1,15.0,1.0449124219538397
V_2,Tian_2,15.700000000000001,16.3,14.0,1.0466050136640306
V_2,Tian_2,15.700000000000001,16.5,19.0,1.0642906642831584
V_2,Tian_2,15.700000000000001,16.700000000000003,17.0,1.069985303212267
V_2,Tian_2,15.700000000000001,16.9,22.0,1.0837353283380373
V_2,Tian_2,15.700000000000001,17.1,19.0,1.0934380301128728
V_2,Tian_2,15.700000000000001,17.3,24.0,1.1088335431820928
V_2,Tian_2,15.700000000000001,17.5,20.0,1.1195969864033377
V_2,Tian_2,15.700000000000001,17.700000000000003,20.0,1.1195969864033377
V_2,Tian_2,15.700000000000001,17.9,15.0,1.1372107975424999
V_2,Tian_2,15.9,8.1,0.0,
V_2,Tian_2,15.9,8.3,0.0,
V_2,Tian_2,15.9,8.5,0.0,
V_2,Tian_2,15.9,8.7,0.0,
V_2,Tian_2,15.9,8.9,0.0,
V_2,Tian_2,15.9,9.1,0.0,
V_2,Tian_2,15.9,9.3,0.0,
V_2,Tian_2,15.9,9.5,0.0,
V_2,Tian_2,15.9,9.7,0.0,
V_2,Tian_2,15.9,9.9,0.0,
V_2,Tian_2,15.9,10.1,0.0,
V_2,Tian_2,15.9,10.3,0.0,
V_2,Tian_2,15.9,10.5,0.0,
V_2,Tian_2,15.9,10.7,0.0,
V_2,Tian_2,15.9,10.9,0.0,
V_2,Tian_2,15.9,11.1,0.0,
V_2,Tian_2,15.9,11.3,0.0,
V_2,Tian_2,15.9,11.5,0.0,
V_2,Tian_2,15.9,11.7,0.0,
V_2,Tian_2,15.9,11.9,0.0,
V_2,Tian_2,15.9,12.1,0.0,
V_2,Tian_2,15.9,12.3,0.0,
V_2,Tian_2,15.9,12.5,0.0,
V_2,Tian_2,15.9,12.700000000000001,0.0,
V_2,Tian_2,15.9,12.9,0.0,
V_2,Tian_2,15.9,13.1,0.0,
V_2,Tian_2,15.9,13.3,0.0,
V_2,Tian_2,15.9,13.5,0.0,
V_2,Tian_2,15.9,13.700000000000001,0.0,
V_2,Tian_2,15.9,13.9,0.0,
V_2,Tian_2,15.9,14.1,0.0,
V_2,Tian_2,15.9,14.3,0.0,
V_2,Tian_2,15.9,14.5,0.0,
V_2,Tian_2,15.9,14.700000000000001,0.0,
V_2,Tian_2,15.9,14.9,0.0,
V_2,Tian_2,15.9,15.1,1.0,
V_2,Tian_2,15.9,15.3,1.0,
V_2,Tian_2,15.9,15.5,3.0,0.9977917273246831
V_2,Tian_2,15.9,15.700000000000001,6.0,1.019666325366713
V_2,Tian_2,15.9,15.9,6.0,1.019666325366713
V_2,Tian_2,15.9,16.1,10.0,1.0333181637831947
V_2,Tian_2,15.9,16.3,10.0,1.0333181637831947
V_2,Tian_2,15.9,16.5,14.0,1.052447042567028
V_2,Tian_2,15.9,16.700000000000003,13.0,1.0571201694730497
V_2,Tian_2,15.9,16.9,17.0,1.0721590307531446
V_2,Tian_2,15.9,17.1,15.0,1.0816683155745432
V_2,Tian_2,15.9,17.3,19.0,1.09800430892861
V_2,Tian_2,15.9,17.5,16.0,1.108591193713585
V_2,Tian_2,15.9,17.700000000000003,16.0,1.108591193713585
V_2,Tian_2,15.9,17.9,12.0,1.1268562844821408
V_2,Tian_2,16.1,8.1,0.0,
V_2,Tian_2,16.1,8.3,0.0,
V_2,Tian_2,16.1,8.5,0.0,
V_2,Tian_2,16.1,8.7,0.0,
V_2,Tian_2,16.1,8.9,0.0,
V_2,Tian_2,16.1,9.1,0.0,
V_2,Tian_2,16.1,9.3,0.0,
V_2,Tian_2,16.1,9.5,0.0,
V_2,Tian_2,16.1,9.7,0.0,
V_2,Tian_2,16.1,9.9,0.0,
V_2,Tian_2,16.1,10.1,0.0,
V_2,Tian_2,16.1,10.3,0.0,
V_2,Tian_2,16.1,10.5,0.0,
V_2,Tian_2,16.1,10.7,0.0,
V_2,Tian_2,16.1,10.9,0.0,
V_2,Tian_2,16.1,11.1,0.0,
V_2,Tian_2,16.1,11.3,0.0,
V_2,Tian_2,16.1,11.5,0.0,
V_2,Tian_2,16.1,11.7,0.0,
V_2,Tian_2,16.1,11.9,0.0,
V_2,Tian_2,16.1,12.1,0.0,
V_2,Tian_2,16.1,12.3,0.0,
V_2,Tian_2,16.1,12.5,0.0,
V_2,Tian_2,16.1,12.700000000000001,0.0,
V_2,Tian_2,16.1,12.9,0.0,
V_2,Tian_2,16.1,13.1,0.0,
V_2,Tian_2,16.1,13.3,0.0,
V_2,Tian_2,16.1,13.5,0.0,
V_2,Tian_2,16.1,13.700000000000001,0.0,
V_2,Tian_2,16.1,13.9,0.0,
V_2,Tian_2,16.1,14.1,0.0,
V_2,Tian_2,16.1,14.3,0.0,
V_2,Tian_2,16.1,14.5,0.0,
V_2,Tian_2,16.1,14.700000000000001,0.0,
V_2,Tian_2,16.1,14.9,0.0,
V_2,Tian_2,16.1,15.1,1.0,
V_2,Tian_2,16.1,15.3,1.0,
V_2,Tian_2,16.1,15.5,3.0,0.9977917273246831
V_2,Tian_2,16.1,15.700000000000001,6.0,1.019666325366713
V_2,Tian_2,16.1,15.9,6.0,1.019666325366713
V_2,Tian_2,16.1,16.1,10.0,1.0333181637831947
V_2,Tian_2,16.1,16.3,10.0,1.0333181637831947
V_2,Tian_2,16.1,16.5,15.0,1.0495807917300202
V_2,Tian_2,16.1,16.700000000000003,14.0,1.0537153916543969
V_2,Tian_2,16.1,16.9,19.0,1.0660057059746852
V_2,Tian_2,16.1,17.1,17.0,1.0736723308431595
V_2,Tian_2,16.1,17.3,22.0,1.089907613499125
V_2,Tian_2,16.1,17.5,19.0,1.0975444593028696
V_2,Tian_2,16.1,17.700000000000003,19.0,1.0975444593028696
V_2,Tian_2,16.1,17.9,15.0,1.1092107360748567
V_2,Tian_2,16.3,8.1,0.0,
V_2,Tian_2,16.3,8.3,0.0,
V_2,Tian_2,16.3,8.5,0.0,
V_2,Tian_2,16.3,8.7,0.0,
V_2,Tian_2,16.3,8.9,0.0,
V_2,Tian_2,16.3,9.1,0.0,
V_2,Tian_2,16.3,9.3,0.0,
V_2,Tian_2,16.3,9.5,0.0,
V_2,Tian_2,16.3,9.7,0.0,
V_2,Tian_2,16.3,9.9,0.0,
V_2,Tian_2,16.3,10.1,0.0,
V_2,Tian_2,16.3,10.3,0.0,
V_2,Tian_2,16.3,10.5,0.0,
V_2,Tian_2,16.3,10.7,0.0,
V_2,Tian_2,16.3,10.9,0.0,
V_2,Tian_2,16.3,11.1,0.0,
V_2,Tian_2,16.3,11.3,0.0,
V_2,Tian_2,16.3,11.5,0.0,
V_2,Tian_2,16.3,11.7,0.0,
V_2,Tian_2,16.3,11.9,0.0,
V_2,Tian_2,16.3,12.1,0.0,
V_2,Tian_2,16.3,12.3,0.0,
V_2,Tian_2,16.3,12.5,0.0,
V_2,Tian_2,16.3,12.700000000000001,0.0,
V_2,Tian_2,16.3,12.9,0.0,
V_2,Tian_2,16.3,13.1,0.0,
V_2,Tian_2,16.3,13.3,0.0,
V_2,Tian_2,16.3,13.5,0.0,
V_2,Tian_2,16.3,13.700000000000001,0.0,
V_2,Tian_2,16.3,13.9,0.0,
V_2,Tian_2,16.3,14.1,0.0,
V_2,Tian_2,16.3,14.3,0.0,
V_2,Tian_2,16.3,14.5,0.0,
V_2,Tian_2,16.3,14.700000000000001,0.0,
V_2,Tian_2,16.3,14.9,0.0,
V_2,Tian_2,16.3,15.1,0.0,
V_2,Tian_2,16.3,15.3,0.0,
V_2,Tian_2,16.3,15.5,1.0,
V_2,Tian_2,16.3,15.700000000000001,3.0,1.0147344091459594
V_2,Tian_2,16.3,15.9,3.0,1.0147344091459594
V_2,Tian_2,16.3,16.1,6.0,1.0267665496981542
V_2,Tian_2,16.3,16.3,6.0,1.0267665496981542
V_2,Tian_2,16.3,16.5,10.0,1.0445293959852262
V_2,Tian_2,16.3,16.700000000000003,10.0,1.0445293959852262
V_2,Tian_2,16.3,16.9,14.0,1.0577404423513899
V_2,Tian_2,16.3,17.1,13.0,1.063247158280551
V_2,Tian_2,16.3,17.3,17.0,1.080489842016521
V_2,Tian_2,16.3,17.5,15.0,1.0873518148076855
V_2,Tian_2,16.3,17.700000000000003,15.0,1.0873518148076855
V_2,Tian_2,16.3,17.9,12.0,1.0994900959470195
V_2,Tian_2,16.5,8.1,0.0,
V_2,Tian_2,16.5,8.3,0.0,
V_2,Tian_2,16.5,8.5,0.0,
V_2,Tian_2,16.5,8.7,0.0,
V_2,Tian_2,16.5,8.9,0.0,
V_2,Tian_2,16.5,9.1,0.0,
V_2,Tian_2,16.5,9.3,0.0,
V_2,Tian_2,16.5,9.5,0.0,
V_2,Tian_2,16.5,9.7,0.0,
V_2,Tian_2,16.5,9.9,0.0,
V_2,Tian_2,16.5,10.1,0.0,
V_2,Tian_2,16.5,10.3,0.0,
V_2,Tian_2,16.5,10.5,0.0,
V_2,Tian_2,16.5,10.7,0.0,
V_2,Tian_2,16.5,10.9,0.0,
V_2,Tian_2,16.5,11.1,0.0,
V_2,Tian_2,16.5,11.3,0.0,
V_2,Tian_2,16.5,11.5,0.0,
V_2,Tian_2,16.5,11.7,0.0,
V_2,Tian_2,16.5,11.9,0.0,
V_2,Tian_2,16.5,12.1,0.0,
V_2,Tian_2,16.5,12.3,0.0,
V_2,Tian_2,16.5,12.5,0.0,
V_2,Tian_2,16.5,12.700000000000001,0.0,
V_2,Tian_2,16.5,12.9,0.0,
V_2,Tian_2,16.5,13.1,0.0,
V_2,Tian_2,16.5,13.3,0.0,
V_2,Tian_2,16.5,13.5,0.0,
V_2,Tian_2,16.5,13.700000000000001,0.0,
V_2,Tian_2,16.5,13.9,0.0,
V_2,Tian_2,16.5,14.1,0.0,
V_2,Tian_2,16.5,14.3,0.0,
V_2,Tian_2,16.5,14.5,0.0,
V_2,Tian_2,16.5,14.700000000000001,0.0,
V_2,Tian_2,16.5,14.9,0.0,
V_2,Tian_2,16.5,15.1,0.0,
V_2,Tian_2,16.5,15.3,0.0,
V_2,Tian_2,16.5,15.5,1.0,
V_2,Tian_2,16.5,15.700000000000001,3.0,1.0147344091459594
V_2,Tian_2,16.5,15.9,3.0,1.0147344091459594
V_2,Tian_2,16.5,16.1,6.0,1.0267665496981542
V_2,Tian_2,16.5,16.3,6.0,1.0267665496981542
V_2,Tian_2,16.5,16.5,10.0,1.0445293959852262
V_2,Tian_2,16.5,16.700000000000003,10.0,1.0445293959852262
V_2,Tian_2,16.5,16.9,15.0,1.0525778182123469
V_2,Tian_2,16.5,17.1,14.0,1.0573224384223505
V_2,Tian_2,16.5,17.3,19.0,1.0721206646068355
V_2,Tian_2,16.5,17.5,17.0,1.0771907373743708
V_2,Tian_2,16.5,17.700000000000003,17.0,1.0771907373743708
V_2,Tian_2,16.5,17.9,14.0,1.0854176046152324
V_2,Tian_2,16.700000000000003,8.1,0.0,
V_2,Tian_2,16.700000000000003,8.3,0.0,
V_2,Tian_2,16.700000000000003,8.5,0.0,
V_2,Tian_2,16.700000000000003,8.7,0.0,
V_2,Tian_2,16.700000000000003,8.9,0.0,
V_2,Tian_2,16.700000000000003,9.1,0.0,
V_2,Tian_2,16.700000000000003,9.3,0.0,
V_2,Tian_2,16.700000000000003,9.5,0.0,
V_2,Tian_2,16.700000000000003,9.7,0.0,
V_2,Tian_2,16.700000000000003,9.9,0.0,
V_2,Tian_2,16.700000000000003,10.1,0.0,
V_2,Tian_2,16.700000000000003,10.3,0.0,
V_2,Tian_2,16.700000000000003,10.5,0.0,
V_2,Tian_2,16.700000000000003,10.7,0.0,
V_2,Tian_2,16.700000000000003,10.9,0.0,
V_2,Tian_2,16.700000000000003,11.1,0.0,
V_2,Tian_2,16.700000000000003,11.3,0.0,
V_2,Tian_2,16.700000000000003,11.5,0.0,
V_2,Tian_2,16.700000000000003,11.7,0.0,
V_2,Tian_2,16.700000000000003,11.9,0.0,
V_2,Tian_2,16.700000000000003,12.1,0.0,
V_2,Tian_2,16.700000000000003,12.3,0.0,
V_2,Tian_2,16.700000000000003,12.5,0.0,
V_2,Tian_2,16.700000000000003,12.700000000000001,0.0,
V_2,Tian_2,16.700000000000003,12.9,0.0,
V_2,Tian_2,16.700000000000003,13.1,0.0,
V_2,Tian_2,16.700000000000003,13.3,0.0,
V_2,Tian_2,16.700000000000003,13.5,0.0,
V_2,Tian_2,16.700000000000003,13.700000000000001,0.0,
V_2,Tian_2,16.700000000000003,13.9,0.0,
V_2,Tian_2,16.700000000000003,14.1,0.0,
V_2,Tian_2,16.700000000000003,14.3,0.0,
V_2,Tian_2,16.700000000000003,14.5,0.0,
V_2,Tian_2,16.700000000000003,14.700000000000001,0.0,
V_2,Tian_2,16.700000000000003,14.9,0.0,
V_2,Tian_2,16.700000000000003,15.1,0.0,
V_2,Tian_2,16.700000000000003,15.3,0.0,
V_2,Tian_2,16.700000000000003,15.5,0.0,
V_2,Tian_2,16.700000000000003,15.700000000000001,1.0,
V_2,Tian_2,16.700000000000003,15.9,1.0,
V_2,Tian_2,16.700000000000003,16.1,3.0,1.0225819690164701
V_2,Tian_2,16.700000000000003,16.3,3.0,1.0225819690164701
V_2,Tian_2,16.700000000000003,16.5,6.0,1.0368136572810682
V_2,Tian_2,16.700000000000003,16.700000000000003,6.0,1.0368136572810682
V_2,Tian_2,16.700000000000003,16.9,10.0,1.0416687995602358
V_2,Tian_2,16.700000000000003,17.1,10.0,1.0416687995602358
V_2,Tian_2,16.700000000000003,17.3,14.0,1.0576448390480369
V_2,Tian_2,16.700000000000003,17.5,13.0,1.0606772160481721
V_2,Tian_2,16.700000000000003,17.700000000000003,13.0,1.0606772160481721
V_2,Tian_2,16.700000000000003,17.9,11.0,1.0672074399657367
V_2,Tian_2,16.9,8.1,0.0,
V_2,Tian_2,16.9,8.3,0.0,
V_2,Tian_2,16.9,8.5,0.0,
V_2,Tian_2,16.9,8.7,0.0,
V_2,Tian_2,16.9,8.9,0.0,
V_2,Tian_2,16.9,9.1,0.0,
V_2,Tian_2,16.9,9.3,0.0,
V_2,Tian_2,16.9,9.5,0.0,
V_2,Tian_2,16.9,9.7,0.0,
V_2,Tian_2,16.9,9.9,0.0,
V_2,Tian_2,16.9,10.1,0.0,
V_2,Tian_2,16.9,10.3,0.0,
V_2,Tian_2,16.9,10.5,0.0,
V_2,Tian_2,16.9,10.7,0.0,
V_2,Tian_2,16.9,10.9,0.0,
V_2,Tian_2,16.9,11.1,0.0,
V_2,Tian_2,16.9,11.3,0.0,
V_2,Tian_2,16.9,11.5,0.0,
V_2,Tian_2,16.9,11.7,0.0,
V_2,Tian_2,16.9,11.9,0.0,
V_2,Tian_2,16.9,12.1,0.0,
V_2,Tian_2,16.9,12.3,0.0,
V_2,Tian_2,16.9,12.5,0.0,
V_2,Tian_2,16.9,12.700000000000001,0.0,
V_2,Tian_2,16.9,12.9,0.0,
V_2,Tian_2,16.9,13.1,0.0,
V_2,Tian_2,16.9,13.3,0.0,
V_2,Tian_2,16.9,13.5,0.0,
V_2,Tian_2,16.9,13.700000000000001,0.0,
V_2,Tian_2,16.9,13.9,0.0,
V_2,Tian_2,16.9,14.1,0.0,
V_2,Tian_2,16.9,14.3,0.0,
V_2,Tian_2,16.9,14.5,0.0,
V_2,Tian_2,16.9,14.700000000000001,0.0,
V_2,Tian_2,16.9,14.9,0.0,
V_2,Tian_2,16.9,15.1,0.0,
V_2,Tian_2,16.9,15.3,0.0,
V_2,Tian_2,16.9,15.5,0.0,
V_2,Tian_2,16.9,15.700000000000001,1.0,
V_2,Tian_2,16.9,15.9,1.0,
V_2,Tian_2,16.9,16.1,3.0,1.0225819690164701
V_2,Tian_2,16.9,16.3,3.0,1.0225819690164701
V_2,Tian_2,16.9,16.5,6.0,1.0368136572810682
V_2,Tian_2,16.9,16.700000000000003,6.0,1.0368136572810682
V_2,Tian_2,16.9,16.9,10.0,1.0416687995602358
V_2,Tian_2,16.9,17.1,10.0,1.0416687995602358
V_2,Tian_2,16.9,17.3,15.0,1.0544644131849006
V_2,Tian_2,16.9,17.5,14.0,1.0570530185519451
V_2,Tian_2,16.9,17.700000000000003,14.0,1.0570530185519451
V_2,Tian_2,16.9,17.9,12.0,1.0624350242270082
V_2,Tian_2,17.1,8.1,0.0,
V_2,Tian_2,17.1,8.3,0.0,
V_2,Tian_2,17.1,8.5,0.0,
V_2,Tian_2,17.1,8.7,0.0,
V_2,Tian_2,17.1,8.9,0.0,
V_2,Tian_2,17.1,9.1,0.0,
V_2,Tian_2,17.1,9.3,0.0,
V_2,Tian_2,17.1,9.5,0.0,
V_2,Tian_2,17.1,9.7,0.0,
V_2,Tian_2,17.1,9.9,0.0,
V_2,Tian_2,17.1,10.1,0.0,
V_2,Tian_2,17.1,10.3,0.0,
V_2,Tian_2,17.1,10.5,0.0,
V_2,Tian_2,17.1,10.7,0.0,
V_2,Tian_2,17.1,10.9,0.0,
V_2,Tian_2,17.1,11.1,0.0,
V_2,Tian_2,17.1,11.3,0.0,
V_2,Tian_2,17.1,11.5,0.0,
V_2,Tian_2,17.1,11.7,0.0,
V_2,Tian_2,17.1,11.9,0.0,
V_2,Tian_2,17.1,12.1,0.0,
V_2,Tian_2,17.1,12.3,0.0,
V_2,Tian_2,17.1,12.5,0.0,
V_2,Tian_2,17.1,12.700000000000001,0.0,
V_2,Tian_2,17.1,12.9,0.0,
V_2,Tian_2,17.1,13.1,0.0,
V_2,Tian_2,17.1,13.3,0.0,
V_2,Tian_2,17.1,13.5,0.0,
V_2,Tian_2,17.1,13.700000000000001,0.0,
V_2,Tian_2,17.1,13.9,0.0,
V_2,Tian_2,17.1,14.1,0.0,
V_2,Tian_2,17.1,14.3,0.0,
V_2,Tian_2,17.1,14.5,0.0,
V_2,Tian_2,17.1,14.700000000000001,0.0,
V_2,Tian_2,17.1,14.9,0.0,
V_2,Tian_2,17.1,15.1,0.0,
V_2,Tian_2,17.1,15.3,0.0,
V_2,Tian_2,17.1,15.5,0.0,
V_2,Tian_2,17.1,15.700000000000001,0.0,
V_2,Tian_2,17.1,15.9,0.0,
V_2,Tian_2,17.1,16.1,1.0,
V_2,Tian_2,17.1,16.3,1.0,
V_2,Tian_2,17.1,16.5,3.0,1.0203274155540594
V_2,Tian_2,17.1,16.700000000000003,3.0,1.0203274155540594
V_2,Tian_2,17.1,16.9,6.0,1.0234932481690038
V_2,Tian_2,17.1,17.1,6.0,1.0234932481690038
V_2,Tian_2,17.1,17.3,10.0,1.0386671608311868
V_2,Tian_2,17.1,17.5,10.0,1.0386671608311868
V_2,Tian_2,17.1,17.700000000000003,10.0,1.0386671608311868
V_2,Tian_2,17.1,17.9,9.0,1.042014437075626
V_2,Tian_2,17.3,8.1,0.0,
V_2,Tian_2,17.3,8.3,0.0,
V_2,Tian_2,17.3,8.5,0.0,
V_2,Tian_2,17.3,8.7,0.0,
V_2,Tian_2,17.3,8.9,0.0,
V_2,Tian_2,17.3,9.1,0.0,
V_2,Tian_2,17.3,9.3,0.0,
V_2,Tian_2,17.3,9.5,0.0,
V_2,Tian_2,17.3,9.7,0.0,
V_2,Tian_2,17.3,9.9,0.0,
V_2,Tian_2,17.3,10.1,0.0,
V_2,Tian_2,17.3,10.3,0.0,
V_2,Tian_2,17.3,10.5,0.0,
V_2,Tian_2,17.3,10.7,0.0,
V_2,Tian_2,17.3,10.9,0.0,
V_2,Tian_2,17.3,11.1,0.0,
V_2,Tian_2,17.3,11.3,0.0,
V_2,Tian_2,17.3,11.5,0.0,
V_2,Tian_2,17.3,11.7,0.0,
V_2,Tian_2,17.3,11.9,0.0,
V_2,Tian_2,17.3,12.1,0.0,
V_2,Tian_2,17.3,12.3,0.0,
V_2,Tian_2,17.3,12.5,0.0,
V_2,Tian_2,17.3,12.700000000000001,0.0,
V_2,Tian_2,17.3,12.9,0.0,
V_2,Tian_2,17.3,13.1,0.0,
V_2,Tian_2,17.3,13.3,0.0,
V_2,Tian_2,17.3,13.5,0.0,
V_2,Tian_2,17.3,13.700000000000001,0.0,
V_2,Tian_2,17.3,13.9,0.0,
V_2,Tian_2,17.3,14.1,0.0,
V_2,Tian_2,17.3,14.3,0.0,
V_2,Tian_2,17.3,14.5,0.0,
V_2,Tian_2,17.3,14.700000000000001,0.0,
V_2,Tian_2,17.3,14.9,0.0,
V_2,Tian_2,17.3,15.1,0.0,
V_2,Tian_2,17.3,15.3,0.0,
V_2,Tian_2,17.3,15.5,0.0,
V_2,Tian_2,17.3,15.700000000000001,0.0,
V_2,Tian_2,17.3,15.9,0.0,
V_2,Tian_2,17.3,16.1,1.0,
V_2,Tian_2,17.3,16.3,1.0,
V_2,Tian_2,17.3,16.5,3.0,1.0203274155540594
V_2,Tian_2,17.3,16.700000000000003,3.0,1.0203274155540594
V_2,Tian_2,17.3,16.9,6.0,1.0234932481690038
V_2,Tian_2,17.3,17.1,6.0,1.0234932481690038
V_2,Tian_2,17.3,17.3,10.0,1.0386671608311868
V_2,Tian_2,17.3,17.5,10.0,1.0386671608311868
V_2,Tian_2,17.3,17.700000000000003,10.0,1.0386671608311868
V_2,Tian_2,17.3,17.9,9.0,1.042014437075626
V_2,Tian_2,17.5,8.1,0.0,
V_2,Tian_2,17.5,8.3,0.0,
V_2,Tian_2,17.5,8.5,0.0,
V_2,Tian_2,17.5,8.7,0.0,
V_2,Tian_2,17.5,8.9,0.0,
V_2,Tian_2,17.5,9.1,0.0,
V_2,Tian_2,17.5,9.3,0.0,
V_2,Tian_2,17.5,9.5,0.0,
V_2,Tian_2,17.5,9.7,0.0,
V_2,Tian_2,17.5,9.9,0.0,
V_2,Tian_2,17.5,10.1,0.0,
V_2,Tian_2,17.5,10.3,0.0,
V_2,Tian_2,17.5,10.5,0.0,
V_2,Tian_2,17.5,10.7,0.0,
V_2,Tian_2,17.5,10.9,0.0,
V_2,Tian_2,17.5,11.1,0.0,
V_2,Tian_2,17.5,11.3,0.0,
V_2,Tian_2,17.5,11.5,0.0,
V_2,Tian_2,17.5,11.7,0.0,
V_2,Tian_2,17.5,11.9,0.0,
V_2,Tian_2,17.5,12.1,0.0,
V_2,Tian_2,17.5,12.3,0.0,
V_2,Tian_2,17.5,12.5,0.0,
V_2,Tian_2,17.5,12.700000000000001,0.0,
V_2,Tian_2,17.5,12.9,0.0,
V_2,Tian_2,17.5,13.1,0.0,
V_2,Tian_2,17.5,13.3,0.0,
V_2,Tian_2,17.5,13.5,0.0,
V_2,Tian_2,17.5,13.700000000000001,0.0,
V_2,Tian_2,17.5,13.9,0.0,
V_2,Tian_2,17.5,14.1,0.0,
V_2,Tian_2,17.5,14.3,0.0,
V_2,Tian_2,17.5,14.5,0.0,
V_2,Tian_2,17.5,14.700000000000001,0.0,
V_2,Tian_2,17.5,14.9,0.0,
V_2,Tian_2,17.5,15.1,0.0,
V_2,Tian_2,17.5,15.3,0.0,
V_2,Tian_2,17.5,15.5,0.0,
V_2,Tian_2,17.5,15.700000000000001,0.0,
V_2,Tian_2,17.5,15.9,0.0,
V_2,Tian_2,17.5,16.1,0.0,
V_2,Tian_2,17.5,16.3,0.0,
V_2,Tian_2,17.5,16.5,1.0,
V_2,Tian_2,17.5,16.700000000000003,1.0,
V_2,Tian_2,17.5,16.9,3.0,1.0025686569937686
V_2,Tian_2,17.5,17.1,3.0,1.0025686569937686
V_2,Tian_2,17.5,17.3,6.0,1.0212982319478618
V_2,Tian_2,17.5,17.5,6.0,1.0212982319478618
V_2,Tian_2,17.5,17.700000000000003,6.0,1.0212982319478618
V_2,Tian_2,17.5,17.9,6.0,1.0212982319478618
V_2,Tian_2,17.700000000000003,8.1,0.0,
V_2,Tian_2,17.700000000000003,8.3,0.0,
V_2,Tian_2,17.700000000000003,8.5,0.0,
V_2,Tian_2,17.700000000000003,8.7,0.0,
V_2,Tian_2,17.700000000000003,8.9,0.0,
V_2,Tian_2,17.700000000000003,9.1,0.0,
V_2,Tian_2,17.700000000000003,9.3,0.0,
V_2,Tian_2,17.700000000000003,9.5,0.0,
V_2,Tian_2,17.700000000000003,9.7,0.0,
V_2,Tian_2,17.700000000000003,9.9,0.0,
V_2,Tian_2,17.700000000000003,10.1,0.0,
V_2,Tian_2,17.700000000000003,10.3,0.0,
V_2,Tian_2,17.700000000000003,10.5,0.0,
V_2,Tian_2,17.700000000000003,10.7,0.0,
V_2,Tian_2,17.700000000000003,10.9,0.0,
V_2,Tian_2,17.700000000000003,11.1,0.0,
V_2,Tian_2,17.700000000000003,11.3,0.0,
V_2,Tian_2,17.700000000000003,11.5,0.0,
V_2,Tian_2,17.700000000000003,11.7,0.0,
V_2,Tian_2,17.700000000000003,11.9,0.0,
V_2,Tian_2,17.700000000000003,12.1,0.0,
V_2,Tian_2,17.700000000000003,12.3,0.0,
V_2,Tian_2,17.700000000000003,12.5,0.0,
V_2,Tian_2,17.700000000000003,12.700000000000001,0.0,
V_2,Tian_2,17.700000000000003,12.9,0.0,
V_2,Tian_2,17.700000000000003,13.1,0.0,
V_2,Tian_2,17.700000000000003,13.3,0.0,
V_2,Tian_2,17.700000000000003,13.5,0.0,
V_2,Tian_2,17.700000000000003,13.700000000000001,0.0,
V_2,Tian_2,17.700000000000003,13.9,0.0,
V_2,Tian_2,17.700000000000003,14.1,0.0,
V_2,Tian_2,17.700000000000003,14.3,0.0,
V_2,Tian_2,17.700000000000003,14.5,0.0,
V_2,Tian_2,17.700000000000003,14.700000000000001,0.0,
V_2,Tian_2,17.700000000000003,14.9,0.0,
V_2,Tian_2,17.700000000000003,15.1,0.0,
V_2,Tian_2,17.700000000000003,15.3,0.0,
V_2,Tian_2,17.700000000000003,15.5,0.0,
V_2,Tian_2,17.700000000000003,15.700000000000001,0.0,
V_2,Tian_2,17.700000000000003,15.9,0.0,
V_2,Tian_2,17.700000000000003,16.1,0.0,
V_2,Tian_2,17.700000000000003,16.3,0.0,
V_2,Tian_2,17.700000000000003,16.5,1.0,
V_2,Tian_2,17.700000000000003,16.700000000000003,1.0,
V_2,Tian_2,17.700000000000003,16.9,3.0,1.0025686569937686
V_2,Tian_2,17.700000000000003,17.1,3.0,1.0025686569937686
V_2,Tian_2,17.700000000000003,17.3,6.0,1.0212982319478618
V_2,Tian_2,17.700000000000003,17.5,6.0,1.0212982319478618
V_2,Tian_2,17.700000000000003,17.700000000000003,6.0,1.0212982319478618
V_2,Tian_2,17.700000000000003,17.9,6.0,1.0212982319478618
V_2,Tian_2,17.9,8.1,0.0,
V_2,Tian_2,17.9,8.3,0.0,
V_2,Tian_2,17.9,8.5,0.0,
V_2,Tian_2,17.9,8.7,0.0,
V_2,Tian_2,17.9,8.9,0.0,
V_2,Tian_2,17.9,9.1,0.0,
V_2,Tian_2,17.9,9.3,0.0,
V_2,Tian_2,17.9,9.5,0.0,
V_2,Tian_2,17.9,9.7,0.0,
V_2,Tian_2,17.9,9.9,0.0,
V_2,Tian_2,17.9,10.1,0.0,
V_2,Tian_2,17.9,10.3,0.0,
V_2,Tian_2,17.9,10.5,0.0,
V_2,Tian_2,17.9,10.7,0.0,
V_2,Tian_2,17.9,10.9,0.0,
V_2,Tian_2,17.9,11.1,0.0,
V_2,Tian_2,17.9,11.3,0.0,
V_2,Tian_2,17.9,11.5,0.0,
V_2,Tian_2,17.9,11.7,0.0,
V_2,Tian_2,17.9,11.9,0.0,
V_2,Tian_2,17.9,12.1,0.0,
V_2,Tian_2,17.9,12.3,0.0,
V_2,Tian_2,17.9,12.5,0.0,
V_2,Tian_2,17.9,12.700000000000001,0.0,
V_2,Tian_2,17.9,12.9,0.0,
V_2,Tian_2,17.9,13.1,0.0,
V_2,Tian_2,17.9,13.3,0.0,
V_2,Tian_2,17.9,13.5,0.0,
V_2,Tian_2,17.9,13.700000000000001,0.0,
V_2,Tian_2,17.9,13.9,0.0,
V_2,Tian_2,17.9,14.1,0.0,
V_2,Tian_2,17.9,14.3,0.0,
V_2,Tian_2,17.9,14.5,0.0,
V_2,Tian_2,17.9,14.700000000000001,0.0,
V_2,Tian_2,17.9,14.9,0.0,
V_2,Tian_2,17.9,15.1,0.0,
V_2,Tian_2,17.9,15.3,0.0,
V_2,Tian_2,17.9,15.5,0.0,
V_2,Tian_2,17.9,15.700000000000001,0.0,
V_2,Tian_2,17.9,15.9,0.0,
V_2,Tian_2,17.9,16.1,0.0,
V_2,Tian_2,17.9,16.3,0.0,
V_2,Tian_2,17.9,16.5,0.0,
V_2,Tian_2,17.9,16.700000000000003,0.0,
V_2,Tian_2,17.9,16.9,1.0,
V_2,Tian_2,17.9,17.1,1.0,
V_2,Tian_2,17.9,17.3,3.0,1.003967921450004
V_2,Tian_2,17.9,17.5,3.0,1.003967921450004
V_2,Tian_2,17.9,17.700000000000003,3.0,1.003967921450004
V_2,Tian_2,17.9,17.9,3.0,1.003967921450004
